Bundling 6%
Bundling 21%
Bundling 54%
Bundling 65%
Bundling 71%
Bundling 76%
Bundling 81%
Bundling 87%
Bundling 92%
Bundling 98%
Bundling 100%
Getting composition
Composition          Film
Codec                h264
Output               out/film_raw.mp4
Concurrency          5x
Rendered 0/9880
Rendered 1/9880, time remaining: 29m 28s
Rendered 2/9880, time remaining: 14m 49s
Rendered 3/9880, time remaining: 9m 52s
Rendered 4/9880, time remaining: 7m 31s
Rendered 5/9880, time remaining: 6m 1s
Rendered 6/9880, time remaining: 6m 54s
Rendered 7/9880, time remaining: 5m 56s
Rendered 8/9880, time remaining: 5m 12s
Rendered 9/9880, time remaining: 4m 37s
Rendered 10/9880, time remaining: 4m 9s
Rendered 11/9880, time remaining: 4m 46s
Rendered 12/9880, time remaining: 4m 22s
Rendered 13/9880, time remaining: 4m 2s
Rendered 14/9880, time remaining: 3m 45s
Rendered 15/9880, time remaining: 3m 30s
Rendered 16/9880, time remaining: 3m 57s
Rendered 17/9880, time remaining: 3m 43s
Rendered 18/9880, time remaining: 3m 31s
Rendered 19/9880, time remaining: 3m 20s
Rendered 20/9880, time remaining: 3m 10s
Rendered 21/9880, time remaining: 3m 32s
Rendered 22/9880, time remaining: 3m 22s
Rendered 23/9880, time remaining: 3m 13s
Rendered 24/9880, time remaining: 3m 6s
Rendered 25/9880, time remaining: 2m 58s
Rendered 26/9880, time remaining: 3m 16s
Rendered 27/9880, time remaining: 3m 9s
Rendered 28/9880, time remaining: 3m 2s
Rendered 29/9880, time remaining: 2m 56s
Rendered 30/9880, time remaining: 2m 50s
Rendered 31/9880, time remaining: 3m 5s
Rendered 32/9880, time remaining: 3m 0s
Rendered 33/9880, time remaining: 2m 54s
Rendered 34/9880, time remaining: 2m 49s
Rendered 35/9880, time remaining: 2m 44s
Rendered 36/9880, time remaining: 2m 58s
Rendered 37/9880, time remaining: 2m 53s
Rendered 38/9880, time remaining: 2m 49s
Rendered 39/9880, time remaining: 2m 45s
Rendered 40/9880, time remaining: 2m 40s
Rendered 41/9880, time remaining: 2m 52s
Rendered 42/9880, time remaining: 2m 48s
Rendered 43/9880, time remaining: 2m 44s
Rendered 44/9880, time remaining: 2m 40s
Rendered 45/9880, time remaining: 2m 37s
Rendered 46/9880, time remaining: 2m 48s
Rendered 47/9880, time remaining: 2m 44s
Rendered 48/9880, time remaining: 2m 41s
Rendered 49/9880, time remaining: 2m 37s
Rendered 50/9880, time remaining: 2m 34s
Rendered 51/9880, time remaining: 2m 44s
Rendered 52/9880, time remaining: 2m 41s
Rendered 53/9880, time remaining: 2m 38s
Rendered 54/9880, time remaining: 2m 35s
Rendered 55/9880, time remaining: 2m 32s
Rendered 56/9880, time remaining: 2m 41s
Rendered 57/9880, time remaining: 2m 38s
Rendered 58/9880, time remaining: 2m 35s
Rendered 59/9880, time remaining: 2m 33s
Rendered 60/9880, time remaining: 2m 30s
Rendered 61/9880, time remaining: 2m 39s
Rendered 62/9880, time remaining: 2m 36s
Rendered 63/9880, time remaining: 2m 34s
Rendered 64/9880, time remaining: 2m 31s
Rendered 65/9880, time remaining: 2m 29s
Rendered 66/9880, time remaining: 2m 36s
Rendered 67/9880, time remaining: 2m 34s
Rendered 68/9880, time remaining: 2m 32s
Rendered 69/9880, time remaining: 2m 30s
Rendered 70/9880, time remaining: 2m 27s
Rendered 71/9880, time remaining: 2m 35s
Rendered 72/9880, time remaining: 2m 32s
Rendered 73/9880, time remaining: 2m 30s
Rendered 74/9880, time remaining: 2m 28s
Rendered 75/9880, time remaining: 2m 26s
Rendered 76/9880, time remaining: 2m 33s
Rendered 77/9880, time remaining: 2m 31s
Rendered 78/9880, time remaining: 2m 29s
Rendered 79/9880, time remaining: 2m 27s
Rendered 80/9880, time remaining: 2m 25s
Rendered 81/9880, time remaining: 2m 31s
Rendered 82/9880, time remaining: 2m 30s
Rendered 83/9880, time remaining: 2m 28s
Rendered 84/9880, time remaining: 2m 26s
Rendered 85/9880, time remaining: 2m 24s
Rendered 86/9880, time remaining: 2m 30s
Rendered 87/9880, time remaining: 2m 29s
Rendered 88/9880, time remaining: 2m 27s
Rendered 89/9880, time remaining: 2m 25s
Rendered 90/9880, time remaining: 2m 24s
Rendered 91/9880, time remaining: 2m 29s
Rendered 92/9880, time remaining: 2m 27s
Rendered 93/9880, time remaining: 2m 26s
Rendered 94/9880, time remaining: 2m 24s
Rendered 95/9880, time remaining: 2m 23s
Rendered 96/9880, time remaining: 2m 28s
Rendered 97/9880, time remaining: 2m 26s
Rendered 98/9880, time remaining: 2m 25s
Rendered 99/9880, time remaining: 2m 23s
Rendered 100/9880, time remaining: 2m 22s
Rendered 101/9880, time remaining: 2m 27s
Rendered 102/9880, time remaining: 2m 25s
Rendered 103/9880, time remaining: 2m 24s
Rendered 104/9880, time remaining: 2m 23s
Rendered 105/9880, time remaining: 2m 21s
Rendered 106/9880, time remaining: 2m 26s
Rendered 107/9880, time remaining: 2m 25s
Rendered 108/9880, time remaining: 2m 24s
Rendered 109/9880, time remaining: 2m 22s
Rendered 110/9880, time remaining: 2m 21s
Rendered 111/9880, time remaining: 2m 23s
Rendered 112/9880, time remaining: 2m 25s
Rendered 113/9880, time remaining: 2m 24s
Rendered 114/9880, time remaining: 2m 22s
Rendered 115/9880, time remaining: 2m 21s
Rendered 116/9880, time remaining: 2m 23s
Rendered 117/9880, time remaining: 2m 24s
Rendered 118/9880, time remaining: 2m 23s
Rendered 119/9880, time remaining: 2m 22s
Rendered 120/9880, time remaining: 2m 21s
Rendered 121/9880, time remaining: 2m 21s
Rendered 122/9880, time remaining: 2m 24s
Rendered 123/9880, time remaining: 2m 23s
Rendered 124/9880, time remaining: 2m 21s
Rendered 125/9880, time remaining: 2m 20s
Rendered 126/9880, time remaining: 2m 20s
Rendered 127/9880, time remaining: 2m 23s
Rendered 128/9880, time remaining: 2m 22s
Rendered 129/9880, time remaining: 2m 21s
Rendered 130/9880, time remaining: 2m 20s
Rendered 131/9880, time remaining: 2m 19s
Rendered 132/9880, time remaining: 2m 22s
Rendered 133/9880, time remaining: 2m 21s
Rendered 134/9880, time remaining: 2m 20s
Rendered 135/9880, time remaining: 2m 19s
Rendered 136/9880, time remaining: 2m 19s
Rendered 137/9880, time remaining: 2m 22s
Rendered 138/9880, time remaining: 2m 21s
Rendered 139/9880, time remaining: 2m 20s
Rendered 140/9880, time remaining: 2m 19s
Rendered 141/9880, time remaining: 2m 18s
Rendered 142/9880, time remaining: 2m 22s
Rendered 143/9880, time remaining: 2m 21s
Rendered 144/9880, time remaining: 2m 20s
Rendered 145/9880, time remaining: 2m 19s
Rendered 146/9880, time remaining: 2m 18s
Rendered 147/9880, time remaining: 2m 21s
Rendered 148/9880, time remaining: 2m 20s
Rendered 149/9880, time remaining: 2m 19s
Rendered 150/9880, time remaining: 2m 18s
Rendered 151/9880, time remaining: 2m 7s
Rendered 152/9880, time remaining: 2m 11s
Rendered 153/9880, time remaining: 2m 11s
Rendered 154/9880, time remaining: 2m 11s
Rendered 155/9880, time remaining: 2m 11s
Rendered 156/9880, time remaining: 2m 6s
Rendered 157/9880, time remaining: 2m 10s
Rendered 158/9880, time remaining: 2m 10s
Rendered 159/9880, time remaining: 2m 10s
Rendered 160/9880, time remaining: 2m 10s
Rendered 161/9880, time remaining: 2m 6s
Rendered 162/9880, time remaining: 2m 10s
Rendered 163/9880, time remaining: 2m 10s
Rendered 164/9880, time remaining: 2m 10s
Rendered 165/9880, time remaining: 2m 10s
Rendered 166/9880, time remaining: 2m 6s
Rendered 167/9880, time remaining: 2m 10s
Rendered 168/9880, time remaining: 2m 10s
Rendered 169/9880, time remaining: 2m 10s
Rendered 170/9880, time remaining: 2m 10s
Rendered 171/9880, time remaining: 2m 6s
Rendered 172/9880, time remaining: 2m 10s
Rendered 173/9880, time remaining: 2m 10s
Rendered 174/9880, time remaining: 2m 10s
Rendered 175/9880, time remaining: 2m 10s
Rendered 176/9880, time remaining: 2m 6s
Rendered 177/9880, time remaining: 2m 10s
Rendered 178/9880, time remaining: 2m 10s
Rendered 179/9880, time remaining: 2m 10s
Rendered 180/9880, time remaining: 2m 10s
Rendered 181/9880, time remaining: 2m 6s
Rendered 182/9880, time remaining: 2m 10s
Rendered 183/9880, time remaining: 2m 10s
Rendered 184/9880, time remaining: 2m 10s
Rendered 185/9880, time remaining: 2m 10s
Rendered 186/9880, time remaining: 2m 6s
Rendered 187/9880, time remaining: 2m 10s
Rendered 188/9880, time remaining: 2m 10s
Rendered 189/9880, time remaining: 2m 10s
Rendered 190/9880, time remaining: 2m 10s
Rendered 191/9880, time remaining: 2m 6s
Rendered 192/9880, time remaining: 2m 10s
Rendered 193/9880, time remaining: 2m 10s
Rendered 194/9880, time remaining: 2m 10s
Rendered 195/9880, time remaining: 2m 10s
Rendered 196/9880, time remaining: 2m 6s
Rendered 197/9880, time remaining: 2m 10s
Rendered 198/9880, time remaining: 2m 10s
Rendered 199/9880, time remaining: 2m 10s
Rendered 200/9880, time remaining: 2m 10s
Rendered 201/9880, time remaining: 2m 6s
Rendered 202/9880, time remaining: 2m 10s
Rendered 203/9880, time remaining: 2m 10s
Rendered 204/9880, time remaining: 2m 10s
Rendered 205/9880, time remaining: 2m 10s
Rendered 206/9880, time remaining: 2m 5s
Rendered 207/9880, time remaining: 2m 10s
Rendered 208/9880, time remaining: 2m 10s
Rendered 209/9880, time remaining: 2m 10s
Rendered 210/9880, time remaining: 2m 10s
Rendered 211/9880, time remaining: 2m 5s
Rendered 212/9880, time remaining: 2m 10s
Rendered 213/9880, time remaining: 2m 9s
Rendered 214/9880, time remaining: 2m 9s
Rendered 215/9880, time remaining: 2m 10s
Rendered 216/9880, time remaining: 2m 5s
Rendered 217/9880, time remaining: 2m 9s
Rendered 218/9880, time remaining: 2m 9s
Rendered 219/9880, time remaining: 2m 9s
Rendered 220/9880, time remaining: 2m 9s
Rendered 221/9880, time remaining: 2m 5s
Rendered 222/9880, time remaining: 2m 9s
Rendered 223/9880, time remaining: 2m 9s
Rendered 224/9880, time remaining: 2m 9s
Rendered 225/9880, time remaining: 2m 9s
Rendered 226/9880, time remaining: 2m 5s
Rendered 227/9880, time remaining: 2m 9s
Rendered 228/9880, time remaining: 2m 9s
Rendered 229/9880, time remaining: 2m 9s
Rendered 230/9880, time remaining: 2m 9s
Rendered 231/9880, time remaining: 2m 5s
Rendered 232/9880, time remaining: 2m 9s
Rendered 233/9880, time remaining: 2m 9s
Rendered 234/9880, time remaining: 2m 9s
Rendered 235/9880, time remaining: 2m 9s
Rendered 236/9880, time remaining: 2m 5s
Rendered 237/9880, time remaining: 2m 9s
Rendered 238/9880, time remaining: 2m 9s
Rendered 239/9880, time remaining: 2m 9s
Rendered 240/9880, time remaining: 2m 9s
Rendered 241/9880, time remaining: 2m 5s
Rendered 242/9880, time remaining: 2m 9s
Rendered 243/9880, time remaining: 2m 9s
Rendered 244/9880, time remaining: 2m 9s
Rendered 245/9880, time remaining: 2m 9s
Rendered 246/9880, time remaining: 2m 5s
Rendered 247/9880, time remaining: 2m 9s
Rendered 248/9880, time remaining: 2m 9s
Rendered 249/9880, time remaining: 2m 9s
Rendered 250/9880, time remaining: 2m 9s
Rendered 251/9880, time remaining: 2m 5s
Rendered 252/9880, time remaining: 2m 9s
Rendered 253/9880, time remaining: 2m 9s
Rendered 254/9880, time remaining: 2m 9s
Rendered 255/9880, time remaining: 2m 9s
Rendered 256/9880, time remaining: 2m 5s
Rendered 257/9880, time remaining: 2m 9s
Rendered 258/9880, time remaining: 2m 9s
Rendered 259/9880, time remaining: 2m 9s
Rendered 260/9880, time remaining: 2m 9s
Rendered 261/9880, time remaining: 2m 6s
Rendered 262/9880, time remaining: 2m 8s
Rendered 263/9880, time remaining: 2m 8s
Rendered 264/9880, time remaining: 2m 8s
Rendered 265/9880, time remaining: 2m 8s
Rendered 266/9880, time remaining: 2m 6s
Rendered 267/9880, time remaining: 2m 8s
Rendered 268/9880, time remaining: 2m 8s
Rendered 269/9880, time remaining: 2m 8s
Rendered 270/9880, time remaining: 2m 8s
Rendered 271/9880, time remaining: 2m 7s
Rendered 272/9880, time remaining: 2m 8s
Rendered 273/9880, time remaining: 2m 8s
Rendered 274/9880, time remaining: 2m 8s
Rendered 275/9880, time remaining: 2m 8s
Rendered 276/9880, time remaining: 2m 7s
Rendered 277/9880, time remaining: 2m 8s
Rendered 278/9880, time remaining: 2m 8s
Rendered 279/9880, time remaining: 2m 8s
Rendered 280/9880, time remaining: 2m 8s
Rendered 281/9880, time remaining: 2m 8s
Rendered 282/9880, time remaining: 2m 7s
Rendered 283/9880, time remaining: 2m 7s
Rendered 284/9880, time remaining: 2m 7s
Rendered 285/9880, time remaining: 2m 8s
Rendered 286/9880, time remaining: 2m 7s
Rendered 287/9880, time remaining: 2m 7s
Rendered 288/9880, time remaining: 2m 7s
Rendered 289/9880, time remaining: 2m 7s
Rendered 290/9880, time remaining: 2m 8s
Rendered 291/9880, time remaining: 2m 7s
Rendered 292/9880, time remaining: 2m 7s
Rendered 293/9880, time remaining: 2m 7s
Rendered 294/9880, time remaining: 2m 7s
Rendered 295/9880, time remaining: 2m 7s
Rendered 296/9880, time remaining: 2m 7s
Rendered 297/9880, time remaining: 2m 7s
Rendered 298/9880, time remaining: 2m 7s
Rendered 299/9880, time remaining: 2m 7s
Rendered 300/9880, time remaining: 2m 7s
Rendered 301/9880, time remaining: 2m 7s
Rendered 302/9880, time remaining: 2m 7s
Rendered 303/9880, time remaining: 2m 7s
Rendered 304/9880, time remaining: 2m 7s
Rendered 305/9880, time remaining: 2m 7s
Rendered 306/9880, time remaining: 2m 7s
Rendered 307/9880, time remaining: 2m 7s
Rendered 308/9880, time remaining: 2m 7s
Rendered 309/9880, time remaining: 2m 7s
Rendered 310/9880, time remaining: 2m 7s
Rendered 311/9880, time remaining: 2m 7s
Rendered 312/9880, time remaining: 2m 7s
Rendered 313/9880, time remaining: 2m 7s
Rendered 314/9880, time remaining: 2m 7s
Rendered 315/9880, time remaining: 2m 7s
Rendered 316/9880, time remaining: 2m 7s
Rendered 317/9880, time remaining: 2m 7s
Rendered 318/9880, time remaining: 2m 7s
Rendered 319/9880, time remaining: 2m 7s
Rendered 320/9880, time remaining: 2m 7s
Rendered 321/9880, time remaining: 2m 7s
Rendered 322/9880, time remaining: 2m 7s
Rendered 323/9880, time remaining: 2m 7s
Rendered 324/9880, time remaining: 2m 7s
Rendered 325/9880, time remaining: 2m 7s
Rendered 326/9880, time remaining: 2m 7s
Rendered 327/9880, time remaining: 2m 7s
Rendered 328/9880, time remaining: 2m 7s
Rendered 329/9880, time remaining: 2m 7s
Rendered 330/9880, time remaining: 2m 7s
Rendered 331/9880, time remaining: 2m 7s
Rendered 332/9880, time remaining: 2m 7s
Rendered 333/9880, time remaining: 2m 7s
Rendered 334/9880, time remaining: 2m 7s
Rendered 335/9880, time remaining: 2m 7s
Rendered 336/9880, time remaining: 2m 7s
Rendered 337/9880, time remaining: 2m 7s
Rendered 338/9880, time remaining: 2m 7s
Rendered 339/9880, time remaining: 2m 7s
Rendered 340/9880, time remaining: 2m 7s
Rendered 341/9880, time remaining: 2m 7s
Rendered 342/9880, time remaining: 2m 7s
Rendered 343/9880, time remaining: 2m 7s
Rendered 344/9880, time remaining: 2m 7s
Rendered 345/9880, time remaining: 2m 7s
Rendered 346/9880, time remaining: 2m 7s
Rendered 347/9880, time remaining: 2m 7s
Rendered 348/9880, time remaining: 2m 7s
Rendered 349/9880, time remaining: 2m 7s
Rendered 350/9880, time remaining: 2m 7s
Rendered 351/9880, time remaining: 2m 6s
Rendered 352/9880, time remaining: 2m 6s
Rendered 353/9880, time remaining: 2m 7s
Rendered 354/9880, time remaining: 2m 7s
Rendered 355/9880, time remaining: 2m 7s
Rendered 356/9880, time remaining: 2m 6s
Rendered 357/9880, time remaining: 2m 7s
Rendered 358/9880, time remaining: 2m 7s
Rendered 359/9880, time remaining: 2m 7s
Rendered 360/9880, time remaining: 2m 6s
Rendered 361/9880, time remaining: 2m 6s
Rendered 362/9880, time remaining: 2m 6s
Rendered 363/9880, time remaining: 2m 6s
Rendered 364/9880, time remaining: 2m 6s
Rendered 365/9880, time remaining: 2m 6s
Rendered 366/9880, time remaining: 2m 6s
Rendered 367/9880, time remaining: 2m 6s
Rendered 368/9880, time remaining: 2m 6s
Rendered 369/9880, time remaining: 2m 6s
Rendered 370/9880, time remaining: 2m 6s
Rendered 371/9880, time remaining: 2m 6s
Rendered 372/9880, time remaining: 2m 6s
Rendered 373/9880, time remaining: 2m 6s
Rendered 374/9880, time remaining: 2m 6s
Rendered 375/9880, time remaining: 2m 6s
Rendered 376/9880, time remaining: 2m 6s
Rendered 377/9880, time remaining: 2m 6s
Rendered 378/9880, time remaining: 2m 6s
Rendered 379/9880, time remaining: 2m 6s
Rendered 380/9880, time remaining: 2m 6s
Rendered 381/9880, time remaining: 2m 6s
Rendered 382/9880, time remaining: 2m 6s
Rendered 383/9880, time remaining: 2m 6s
Rendered 384/9880, time remaining: 2m 6s
Rendered 385/9880, time remaining: 2m 6s
Rendered 386/9880, time remaining: 2m 6s
Rendered 387/9880, time remaining: 2m 7s
Rendered 388/9880, time remaining: 2m 7s
Rendered 389/9880, time remaining: 2m 7s
Rendered 390/9880, time remaining: 2m 7s
Rendered 391/9880, time remaining: 2m 7s
Rendered 392/9880, time remaining: 2m 7s
Rendered 393/9880, time remaining: 2m 7s
Rendered 394/9880, time remaining: 2m 7s
Rendered 395/9880, time remaining: 2m 7s
Rendered 396/9880, time remaining: 2m 7s
Rendered 397/9880, time remaining: 2m 7s
Rendered 398/9880, time remaining: 2m 7s
Rendered 399/9880, time remaining: 2m 7s
Rendered 400/9880, time remaining: 2m 7s
Rendered 401/9880, time remaining: 2m 7s
Rendered 402/9880, time remaining: 2m 7s
Rendered 403/9880, time remaining: 2m 7s
Rendered 404/9880, time remaining: 2m 7s
Rendered 405/9880, time remaining: 2m 7s
Rendered 406/9880, time remaining: 2m 7s
Rendered 407/9880, time remaining: 2m 7s
Rendered 408/9880, time remaining: 2m 7s
Rendered 409/9880, time remaining: 2m 7s
Rendered 410/9880, time remaining: 2m 7s
Rendered 411/9880, time remaining: 2m 7s
Rendered 412/9880, time remaining: 2m 7s
Rendered 413/9880, time remaining: 2m 7s
Rendered 414/9880, time remaining: 2m 7s
Rendered 415/9880, time remaining: 2m 7s
Rendered 416/9880, time remaining: 2m 7s
Rendered 417/9880, time remaining: 2m 7s
Rendered 418/9880, time remaining: 2m 7s
Rendered 419/9880, time remaining: 2m 7s
Rendered 420/9880, time remaining: 2m 7s
Rendered 421/9880, time remaining: 2m 7s
Rendered 422/9880, time remaining: 2m 7s
Rendered 423/9880, time remaining: 2m 7s
Rendered 424/9880, time remaining: 2m 7s
Rendered 425/9880, time remaining: 2m 7s
Rendered 426/9880, time remaining: 2m 7s
Rendered 427/9880, time remaining: 2m 7s
Rendered 428/9880, time remaining: 2m 7s
Rendered 429/9880, time remaining: 2m 7s
Rendered 430/9880, time remaining: 2m 6s
Rendered 431/9880, time remaining: 2m 6s
Rendered 432/9880, time remaining: 2m 7s
Rendered 433/9880, time remaining: 2m 7s
Rendered 434/9880, time remaining: 2m 7s
Rendered 435/9880, time remaining: 2m 6s
Rendered 436/9880, time remaining: 2m 6s
Rendered 437/9880, time remaining: 2m 7s
Rendered 438/9880, time remaining: 2m 7s
Rendered 439/9880, time remaining: 2m 7s
Rendered 440/9880, time remaining: 2m 6s
Rendered 441/9880, time remaining: 2m 6s
Rendered 442/9880, time remaining: 2m 6s
Rendered 443/9880, time remaining: 2m 6s
Rendered 444/9880, time remaining: 2m 7s
Rendered 445/9880, time remaining: 2m 6s
Rendered 446/9880, time remaining: 2m 6s
Rendered 447/9880, time remaining: 2m 6s
Rendered 448/9880, time remaining: 2m 6s
Rendered 449/9880, time remaining: 2m 6s
Rendered 450/9880, time remaining: 2m 6s
Rendered 451/9880, time remaining: 2m 6s
Rendered 452/9880, time remaining: 2m 6s
Rendered 453/9880, time remaining: 2m 6s
Rendered 454/9880, time remaining: 2m 6s
Rendered 455/9880, time remaining: 2m 6s
Rendered 456/9880, time remaining: 2m 6s
Rendered 457/9880, time remaining: 2m 6s
Rendered 458/9880, time remaining: 2m 6s
Rendered 459/9880, time remaining: 2m 6s
Rendered 460/9880, time remaining: 2m 6s
Rendered 461/9880, time remaining: 2m 6s
Rendered 462/9880, time remaining: 2m 6s
Rendered 463/9880, time remaining: 2m 6s
Rendered 464/9880, time remaining: 2m 6s
Rendered 465/9880, time remaining: 2m 6s
Rendered 466/9880, time remaining: 2m 6s
Rendered 467/9880, time remaining: 2m 6s
Rendered 468/9880, time remaining: 2m 6s
Rendered 469/9880, time remaining: 2m 6s
Rendered 470/9880, time remaining: 2m 6s
Rendered 471/9880, time remaining: 2m 6s
Rendered 472/9880, time remaining: 2m 6s
Rendered 473/9880, time remaining: 2m 6s
Rendered 474/9880, time remaining: 2m 6s
Rendered 475/9880, time remaining: 2m 6s
Rendered 476/9880, time remaining: 2m 6s
Rendered 477/9880, time remaining: 2m 6s
Rendered 478/9880, time remaining: 2m 6s
Rendered 479/9880, time remaining: 2m 6s
Rendered 480/9880, time remaining: 2m 6s
Rendered 481/9880, time remaining: 2m 6s
Rendered 482/9880, time remaining: 2m 6s
Rendered 483/9880, time remaining: 2m 6s
Rendered 484/9880, time remaining: 2m 6s
Rendered 485/9880, time remaining: 2m 6s
Rendered 486/9880, time remaining: 2m 6s
Rendered 487/9880, time remaining: 2m 6s
Rendered 488/9880, time remaining: 2m 6s
Rendered 489/9880, time remaining: 2m 6s
Rendered 490/9880, time remaining: 2m 6s
Rendered 491/9880, time remaining: 2m 6s
Rendered 492/9880, time remaining: 2m 5s
Rendered 493/9880, time remaining: 2m 5s
Rendered 494/9880, time remaining: 2m 5s
Rendered 495/9880, time remaining: 2m 5s
Rendered 496/9880, time remaining: 2m 5s
Rendered 497/9880, time remaining: 2m 5s
Rendered 498/9880, time remaining: 2m 6s
Rendered 499/9880, time remaining: 2m 6s
Rendered 500/9880, time remaining: 2m 6s
Rendered 501/9880, time remaining: 2m 6s
Rendered 502/9880, time remaining: 2m 5s
Rendered 503/9880, time remaining: 2m 5s
Rendered 504/9880, time remaining: 2m 5s
Rendered 505/9880, time remaining: 2m 5s
Rendered 506/9880, time remaining: 2m 5s
Rendered 507/9880, time remaining: 2m 5s
Rendered 508/9880, time remaining: 2m 5s
Rendered 509/9880, time remaining: 2m 5s
Rendered 510/9880, time remaining: 2m 5s
Rendered 511/9880, time remaining: 2m 5s
Rendered 512/9880, time remaining: 2m 5s
Rendered 513/9880, time remaining: 2m 5s
Rendered 514/9880, time remaining: 2m 5s
Rendered 515/9880, time remaining: 2m 5s
Rendered 516/9880, time remaining: 2m 5s
Rendered 517/9880, time remaining: 2m 5s
Rendered 518/9880, time remaining: 2m 5s
Rendered 519/9880, time remaining: 2m 5s
Rendered 520/9880, time remaining: 2m 5s
Rendered 521/9880, time remaining: 2m 5s
Rendered 522/9880, time remaining: 2m 5s
Rendered 523/9880, time remaining: 2m 5s
Rendered 524/9880, time remaining: 2m 5s
Rendered 525/9880, time remaining: 2m 5s
Rendered 526/9880, time remaining: 2m 5s
Rendered 527/9880, time remaining: 2m 5s
Rendered 528/9880, time remaining: 2m 5s
Rendered 529/9880, time remaining: 2m 5s
Rendered 530/9880, time remaining: 2m 5s
Rendered 531/9880, time remaining: 2m 5s
Rendered 532/9880, time remaining: 2m 5s
Rendered 533/9880, time remaining: 2m 5s
Rendered 534/9880, time remaining: 2m 5s
Rendered 535/9880, time remaining: 2m 5s
Rendered 536/9880, time remaining: 2m 5s
Rendered 537/9880, time remaining: 2m 4s
Rendered 538/9880, time remaining: 2m 4s
Rendered 539/9880, time remaining: 2m 4s
Rendered 540/9880, time remaining: 2m 4s
Rendered 541/9880, time remaining: 2m 4s
Rendered 542/9880, time remaining: 2m 4s
Rendered 543/9880, time remaining: 2m 4s
Rendered 544/9880, time remaining: 2m 4s
Rendered 545/9880, time remaining: 2m 4s
Rendered 546/9880, time remaining: 2m 4s
Rendered 547/9880, time remaining: 2m 4s
Rendered 548/9880, time remaining: 2m 4s
Rendered 549/9880, time remaining: 2m 4s
Rendered 550/9880, time remaining: 2m 4s
Rendered 551/9880, time remaining: 2m 4s
Rendered 552/9880, time remaining: 2m 4s
Rendered 553/9880, time remaining: 2m 4s
Rendered 554/9880, time remaining: 2m 4s
Rendered 555/9880, time remaining: 2m 4s
Rendered 556/9880, time remaining: 2m 4s
Rendered 557/9880, time remaining: 2m 4s
Rendered 558/9880, time remaining: 2m 4s
Rendered 559/9880, time remaining: 2m 4s
Rendered 560/9880, time remaining: 2m 4s
Rendered 561/9880, time remaining: 2m 4s
Rendered 562/9880, time remaining: 2m 3s
Rendered 563/9880, time remaining: 2m 3s
Rendered 564/9880, time remaining: 2m 3s
Rendered 565/9880, time remaining: 2m 3s
Rendered 566/9880, time remaining: 2m 3s
Rendered 567/9880, time remaining: 2m 3s
Rendered 568/9880, time remaining: 2m 4s
Rendered 569/9880, time remaining: 2m 3s
Rendered 570/9880, time remaining: 2m 3s
Rendered 571/9880, time remaining: 2m 3s
Rendered 572/9880, time remaining: 2m 3s
Rendered 573/9880, time remaining: 2m 3s
Rendered 574/9880, time remaining: 2m 3s
Rendered 575/9880, time remaining: 2m 3s
Rendered 576/9880, time remaining: 2m 3s
Rendered 577/9880, time remaining: 2m 3s
Rendered 578/9880, time remaining: 2m 3s
Rendered 579/9880, time remaining: 2m 3s
Rendered 580/9880, time remaining: 2m 3s
Rendered 581/9880, time remaining: 2m 3s
Rendered 582/9880, time remaining: 2m 3s
Rendered 583/9880, time remaining: 2m 3s
Rendered 584/9880, time remaining: 2m 3s
Rendered 585/9880, time remaining: 2m 3s
Rendered 586/9880, time remaining: 2m 3s
Rendered 587/9880, time remaining: 2m 3s
Rendered 588/9880, time remaining: 2m 3s
Rendered 589/9880, time remaining: 2m 3s
Rendered 590/9880, time remaining: 2m 3s
Rendered 591/9880, time remaining: 2m 3s
Rendered 592/9880, time remaining: 2m 3s
Rendered 593/9880, time remaining: 2m 3s
Rendered 594/9880, time remaining: 2m 3s
Rendered 595/9880, time remaining: 2m 3s
Rendered 596/9880, time remaining: 2m 3s
Rendered 597/9880, time remaining: 2m 3s
Rendered 598/9880, time remaining: 2m 3s
Rendered 599/9880, time remaining: 2m 3s
Rendered 600/9880, time remaining: 2m 3s
Rendered 601/9880, time remaining: 2m 3s
Rendered 602/9880, time remaining: 2m 3s
Rendered 603/9880, time remaining: 2m 3s
Rendered 604/9880, time remaining: 2m 3s
Rendered 605/9880, time remaining: 2m 3s
Rendered 606/9880, time remaining: 2m 3s
Rendered 607/9880, time remaining: 2m 3s
Rendered 608/9880, time remaining: 2m 3s
Rendered 609/9880, time remaining: 2m 3s
Rendered 610/9880, time remaining: 2m 3s
Rendered 611/9880, time remaining: 2m 3s
Rendered 612/9880, time remaining: 2m 3s
Rendered 613/9880, time remaining: 2m 3s
Rendered 614/9880, time remaining: 2m 3s
Rendered 615/9880, time remaining: 2m 3s
Rendered 616/9880, time remaining: 2m 3s
Rendered 617/9880, time remaining: 2m 3s
Rendered 618/9880, time remaining: 2m 3s
Rendered 619/9880, time remaining: 2m 3s
Rendered 620/9880, time remaining: 2m 3s
Rendered 621/9880, time remaining: 2m 3s
Rendered 622/9880, time remaining: 2m 3s
Rendered 623/9880, time remaining: 2m 3s
Rendered 624/9880, time remaining: 2m 3s
Rendered 625/9880, time remaining: 2m 3s
Rendered 626/9880, time remaining: 2m 3s
Rendered 627/9880, time remaining: 2m 3s
Rendered 628/9880, time remaining: 2m 3s
Rendered 629/9880, time remaining: 2m 3s
Rendered 630/9880, time remaining: 2m 3s
Rendered 631/9880, time remaining: 2m 3s
Rendered 632/9880, time remaining: 2m 3s
Rendered 633/9880, time remaining: 2m 3s
Rendered 634/9880, time remaining: 2m 3s
Rendered 635/9880, time remaining: 2m 3s
Rendered 636/9880, time remaining: 2m 3s
Rendered 637/9880, time remaining: 2m 3s
Rendered 638/9880, time remaining: 2m 3s
Rendered 639/9880, time remaining: 2m 3s
Rendered 640/9880, time remaining: 2m 3s
Rendered 641/9880, time remaining: 2m 3s
Rendered 642/9880, time remaining: 2m 3s
Rendered 643/9880, time remaining: 2m 3s
Rendered 644/9880, time remaining: 2m 3s
Rendered 645/9880, time remaining: 2m 3s
Rendered 646/9880, time remaining: 2m 2s
Rendered 647/9880, time remaining: 2m 3s
Rendered 648/9880, time remaining: 2m 2s
Rendered 649/9880, time remaining: 2m 2s
Rendered 650/9880, time remaining: 2m 2s
Rendered 651/9880, time remaining: 2m 2s
Rendered 652/9880, time remaining: 2m 2s
Rendered 653/9880, time remaining: 2m 2s
Rendered 654/9880, time remaining: 2m 2s
Rendered 655/9880, time remaining: 2m 2s
Rendered 656/9880, time remaining: 2m 2s
Rendered 657/9880, time remaining: 2m 2s
Rendered 658/9880, time remaining: 2m 2s
Rendered 659/9880, time remaining: 2m 2s
Rendered 660/9880, time remaining: 2m 2s
Rendered 661/9880, time remaining: 2m 2s
Rendered 662/9880, time remaining: 2m 2s
Rendered 663/9880, time remaining: 2m 2s
Rendered 664/9880, time remaining: 2m 2s
Rendered 665/9880, time remaining: 2m 2s
Rendered 666/9880, time remaining: 2m 2s
Rendered 667/9880, time remaining: 2m 2s
Rendered 668/9880, time remaining: 2m 2s
Rendered 669/9880, time remaining: 2m 2s
Rendered 670/9880, time remaining: 2m 2s
Rendered 671/9880, time remaining: 2m 2s
Rendered 672/9880, time remaining: 2m 2s
Rendered 673/9880, time remaining: 2m 2s
Rendered 674/9880, time remaining: 2m 2s
Rendered 675/9880, time remaining: 2m 2s
Rendered 676/9880, time remaining: 2m 2s
Rendered 677/9880, time remaining: 2m 2s
Rendered 678/9880, time remaining: 2m 2s
Rendered 679/9880, time remaining: 2m 2s
Rendered 680/9880, time remaining: 2m 2s
Rendered 681/9880, time remaining: 2m 2s
Rendered 682/9880, time remaining: 2m 2s
Rendered 683/9880, time remaining: 2m 2s
Rendered 684/9880, time remaining: 2m 2s
Rendered 685/9880, time remaining: 2m 2s
Rendered 686/9880, time remaining: 2m 2s
Rendered 687/9880, time remaining: 2m 2s
Rendered 688/9880, time remaining: 2m 2s
Rendered 689/9880, time remaining: 2m 2s
Rendered 690/9880, time remaining: 2m 2s
Rendered 691/9880, time remaining: 2m 2s
Rendered 692/9880, time remaining: 2m 2s
Rendered 693/9880, time remaining: 2m 2s
Rendered 694/9880, time remaining: 2m 2s
Rendered 695/9880, time remaining: 2m 2s
Rendered 696/9880, time remaining: 2m 2s
Rendered 697/9880, time remaining: 2m 2s
Rendered 698/9880, time remaining: 2m 2s
Rendered 699/9880, time remaining: 2m 2s
Rendered 700/9880, time remaining: 2m 2s
Rendered 701/9880, time remaining: 2m 2s
Rendered 702/9880, time remaining: 2m 2s
Rendered 703/9880, time remaining: 2m 2s
Rendered 704/9880, time remaining: 2m 2s
Rendered 705/9880, time remaining: 2m 2s
Rendered 706/9880, time remaining: 2m 2s
Rendered 707/9880, time remaining: 2m 2s
Rendered 708/9880, time remaining: 2m 2s
Rendered 709/9880, time remaining: 2m 2s
Rendered 710/9880, time remaining: 2m 2s
Rendered 711/9880, time remaining: 2m 2s
Rendered 712/9880, time remaining: 2m 2s
Rendered 713/9880, time remaining: 2m 2s
Rendered 714/9880, time remaining: 2m 2s
Rendered 715/9880, time remaining: 2m 2s
Rendered 716/9880, time remaining: 2m 2s
Rendered 717/9880, time remaining: 2m 2s
Rendered 718/9880, time remaining: 2m 2s
Rendered 719/9880, time remaining: 2m 2s
Rendered 720/9880, time remaining: 2m 2s
Rendered 721/9880, time remaining: 2m 2s
Rendered 722/9880, time remaining: 2m 2s
Rendered 723/9880, time remaining: 2m 2s
Rendered 724/9880, time remaining: 2m 2s
Rendered 725/9880, time remaining: 2m 2s
Rendered 726/9880, time remaining: 2m 2s
Rendered 727/9880, time remaining: 2m 2s
Rendered 728/9880, time remaining: 2m 2s
Rendered 729/9880, time remaining: 2m 2s
Rendered 730/9880, time remaining: 2m 2s
Rendered 731/9880, time remaining: 2m 2s
Rendered 732/9880, time remaining: 2m 1s
Rendered 733/9880, time remaining: 2m 1s
Rendered 734/9880, time remaining: 2m 1s
Rendered 735/9880, time remaining: 2m 1s
Rendered 736/9880, time remaining: 2m 1s
Rendered 737/9880, time remaining: 2m 1s
Rendered 738/9880, time remaining: 2m 1s
Rendered 739/9880, time remaining: 2m 1s
Rendered 740/9880, time remaining: 2m 1s
Rendered 741/9880, time remaining: 2m 1s
Rendered 742/9880, time remaining: 2m 2s
Rendered 743/9880, time remaining: 2m 2s
Rendered 744/9880, time remaining: 2m 2s
Rendered 745/9880, time remaining: 2m 1s
Rendered 746/9880, time remaining: 2m 2s
Rendered 747/9880, time remaining: 2m 1s
Rendered 748/9880, time remaining: 2m 1s
Rendered 749/9880, time remaining: 2m 1s
Rendered 750/9880, time remaining: 2m 1s
Rendered 751/9880, time remaining: 2m 1s
Rendered 752/9880, time remaining: 2m 1s
Rendered 753/9880, time remaining: 2m 1s
Rendered 754/9880, time remaining: 2m 1s
Rendered 755/9880, time remaining: 2m 1s
Rendered 756/9880, time remaining: 2m 1s
Rendered 757/9880, time remaining: 2m 1s
Rendered 758/9880, time remaining: 2m 1s
Rendered 759/9880, time remaining: 2m 1s
Rendered 760/9880, time remaining: 2m 1s
Rendered 761/9880, time remaining: 2m 1s
Rendered 762/9880, time remaining: 2m 1s
Rendered 763/9880, time remaining: 2m 1s
Rendered 764/9880, time remaining: 2m 1s
Rendered 765/9880, time remaining: 2m 1s
Rendered 766/9880, time remaining: 2m 1s
Rendered 767/9880, time remaining: 2m 1s
Rendered 768/9880, time remaining: 2m 1s
Rendered 769/9880, time remaining: 2m 1s
Rendered 770/9880, time remaining: 2m 1s
Rendered 771/9880, time remaining: 2m 1s
Rendered 772/9880, time remaining: 2m 1s
Rendered 773/9880, time remaining: 2m 1s
Rendered 774/9880, time remaining: 2m 1s
Rendered 775/9880, time remaining: 2m 1s
Rendered 776/9880, time remaining: 2m 1s
Rendered 777/9880, time remaining: 2m 1s
Rendered 778/9880, time remaining: 2m 1s
Rendered 779/9880, time remaining: 2m 1s
Rendered 780/9880, time remaining: 2m 1s
Rendered 781/9880, time remaining: 2m 1s
Rendered 782/9880, time remaining: 2m 1s
Rendered 783/9880, time remaining: 2m 1s
Rendered 784/9880, time remaining: 2m 1s
Rendered 785/9880, time remaining: 2m 1s
Rendered 786/9880, time remaining: 2m 1s
Rendered 787/9880, time remaining: 2m 1s
Rendered 788/9880, time remaining: 2m 1s
Rendered 789/9880, time remaining: 2m 1s
Rendered 790/9880, time remaining: 2m 1s
Rendered 791/9880, time remaining: 2m 1s
Rendered 792/9880, time remaining: 2m 1s
Rendered 793/9880, time remaining: 2m 1s
Rendered 794/9880, time remaining: 2m 1s
Rendered 795/9880, time remaining: 2m 1s
Rendered 796/9880, time remaining: 2m 1s
Rendered 797/9880, time remaining: 2m 1s
Rendered 798/9880, time remaining: 2m 1s
Rendered 799/9880, time remaining: 2m 1s
Rendered 800/9880, time remaining: 2m 1s
Rendered 801/9880, time remaining: 2m 1s
Rendered 802/9880, time remaining: 2m 1s
Rendered 803/9880, time remaining: 2m 1s
Rendered 804/9880, time remaining: 2m 1s
Rendered 805/9880, time remaining: 2m 1s
Rendered 806/9880, time remaining: 2m 1s
Rendered 807/9880, time remaining: 2m 1s
Rendered 808/9880, time remaining: 2m 1s
Rendered 809/9880, time remaining: 2m 1s
Rendered 810/9880, time remaining: 2m 1s
Rendered 811/9880, time remaining: 2m 1s
Rendered 812/9880, time remaining: 2m 0s
Rendered 813/9880, time remaining: 2m 0s
Rendered 814/9880, time remaining: 2m 0s
Rendered 815/9880, time remaining: 2m 0s
Rendered 816/9880, time remaining: 2m 0s
Rendered 817/9880, time remaining: 2m 0s
Rendered 818/9880, time remaining: 2m 0s
Rendered 819/9880, time remaining: 2m 0s
Rendered 820/9880, time remaining: 2m 0s
Rendered 821/9880, time remaining: 2m 0s
Rendered 822/9880, time remaining: 2m 0s
Rendered 823/9880, time remaining: 2m 0s
Rendered 824/9880, time remaining: 2m 0s
Rendered 825/9880, time remaining: 2m 0s
Rendered 826/9880, time remaining: 2m 0s
Rendered 827/9880, time remaining: 2m 0s
Rendered 828/9880, time remaining: 2m 0s
Rendered 829/9880, time remaining: 2m 0s
Rendered 830/9880, time remaining: 2m 0s
Rendered 831/9880, time remaining: 2m 0s
Rendered 832/9880, time remaining: 2m 0s
Rendered 833/9880, time remaining: 2m 0s
Rendered 834/9880, time remaining: 2m 0s
Rendered 835/9880, time remaining: 2m 0s
Rendered 836/9880, time remaining: 2m 0s
Rendered 837/9880, time remaining: 2m 0s
Rendered 838/9880, time remaining: 2m 0s
Rendered 839/9880, time remaining: 2m 0s
Rendered 840/9880, time remaining: 2m 0s
Rendered 841/9880, time remaining: 2m 0s
Rendered 842/9880, time remaining: 2m 0s
Rendered 843/9880, time remaining: 2m 0s
Rendered 844/9880, time remaining: 2m 0s
Rendered 845/9880, time remaining: 2m 0s
Rendered 846/9880, time remaining: 2m 0s
Rendered 847/9880, time remaining: 2m 0s
Rendered 848/9880, time remaining: 2m 0s
Rendered 849/9880, time remaining: 2m 0s
Rendered 850/9880, time remaining: 2m 0s
Rendered 851/9880, time remaining: 2m 0s
Rendered 852/9880, time remaining: 2m 0s
Rendered 853/9880, time remaining: 2m 0s
Rendered 854/9880, time remaining: 2m 0s
Rendered 855/9880, time remaining: 2m 0s
Rendered 856/9880, time remaining: 2m 0s
Rendered 857/9880, time remaining: 2m 0s
Rendered 858/9880, time remaining: 2m 0s
Rendered 859/9880, time remaining: 2m 0s
Rendered 860/9880, time remaining: 2m 0s
Rendered 861/9880, time remaining: 2m 0s
Rendered 862/9880, time remaining: 2m 0s
Rendered 863/9880, time remaining: 2m 0s
Rendered 864/9880, time remaining: 2m 0s
Rendered 865/9880, time remaining: 2m 0s
Rendered 866/9880, time remaining: 2m 0s
Rendered 867/9880, time remaining: 2m 0s
Rendered 868/9880, time remaining: 2m 0s
Rendered 869/9880, time remaining: 2m 0s
Rendered 870/9880, time remaining: 2m 0s
Rendered 871/9880, time remaining: 2m 0s
Rendered 872/9880, time remaining: 2m 0s
Rendered 873/9880, time remaining: 2m 0s
Rendered 874/9880, time remaining: 2m 0s
Rendered 875/9880, time remaining: 2m 0s
Rendered 876/9880, time remaining: 1m 59s
Rendered 877/9880, time remaining: 1m 59s
Rendered 878/9880, time remaining: 1m 59s
Rendered 879/9880, time remaining: 1m 59s
Rendered 880/9880, time remaining: 1m 59s
Rendered 881/9880, time remaining: 1m 59s
Rendered 882/9880, time remaining: 1m 59s
Rendered 883/9880, time remaining: 1m 59s
Rendered 884/9880, time remaining: 1m 59s
Rendered 885/9880, time remaining: 1m 59s
Rendered 886/9880, time remaining: 1m 59s
Rendered 887/9880, time remaining: 1m 59s
Rendered 888/9880, time remaining: 1m 59s
Rendered 889/9880, time remaining: 1m 59s
Rendered 890/9880, time remaining: 1m 59s
Rendered 891/9880, time remaining: 1m 59s
Rendered 892/9880, time remaining: 1m 59s
Rendered 893/9880, time remaining: 1m 59s
Rendered 894/9880, time remaining: 1m 59s
Rendered 895/9880, time remaining: 1m 59s
Rendered 896/9880, time remaining: 1m 59s
Rendered 897/9880, time remaining: 1m 59s
Rendered 898/9880, time remaining: 1m 59s
Rendered 899/9880, time remaining: 1m 59s
Rendered 900/9880, time remaining: 1m 59s
Rendered 901/9880, time remaining: 1m 59s
Rendered 902/9880, time remaining: 1m 59s
Rendered 903/9880, time remaining: 1m 59s
Rendered 904/9880, time remaining: 1m 59s
Rendered 905/9880, time remaining: 1m 59s
Rendered 906/9880, time remaining: 1m 59s
Rendered 907/9880, time remaining: 1m 59s
Rendered 908/9880, time remaining: 1m 59s
Rendered 909/9880, time remaining: 1m 59s
Rendered 910/9880, time remaining: 1m 59s
Rendered 911/9880, time remaining: 1m 59s
Rendered 912/9880, time remaining: 1m 59s
Rendered 913/9880, time remaining: 1m 59s
Rendered 914/9880, time remaining: 1m 59s
Rendered 915/9880, time remaining: 1m 59s
Rendered 916/9880, time remaining: 1m 59s
Rendered 917/9880, time remaining: 1m 59s
Rendered 918/9880, time remaining: 1m 59s
Rendered 919/9880, time remaining: 1m 59s
Rendered 920/9880, time remaining: 1m 59s
Rendered 921/9880, time remaining: 1m 59s
Rendered 922/9880, time remaining: 1m 59s
Rendered 923/9880, time remaining: 1m 59s
Rendered 924/9880, time remaining: 1m 59s
Rendered 925/9880, time remaining: 1m 59s
Rendered 926/9880, time remaining: 1m 59s
Rendered 927/9880, time remaining: 1m 59s
Rendered 928/9880, time remaining: 1m 59s
Rendered 929/9880, time remaining: 1m 59s
Rendered 930/9880, time remaining: 1m 59s
Rendered 931/9880, time remaining: 1m 59s
Rendered 932/9880, time remaining: 1m 59s
Rendered 933/9880, time remaining: 1m 59s
Rendered 934/9880, time remaining: 1m 59s
Rendered 935/9880, time remaining: 1m 59s
Rendered 936/9880, time remaining: 1m 59s
Rendered 937/9880, time remaining: 1m 59s
Rendered 938/9880, time remaining: 1m 59s
Rendered 939/9880, time remaining: 1m 59s
Rendered 940/9880, time remaining: 1m 59s
Rendered 941/9880, time remaining: 1m 59s
Rendered 942/9880, time remaining: 1m 59s
Rendered 943/9880, time remaining: 1m 59s
Rendered 944/9880, time remaining: 1m 59s
Rendered 945/9880, time remaining: 1m 59s
Rendered 946/9880, time remaining: 1m 59s
Rendered 947/9880, time remaining: 1m 59s
Rendered 948/9880, time remaining: 1m 59s
Rendered 949/9880, time remaining: 1m 59s
Rendered 950/9880, time remaining: 1m 59s
Rendered 951/9880, time remaining: 1m 59s
Rendered 952/9880, time remaining: 1m 58s
Rendered 953/9880, time remaining: 1m 58s
Rendered 954/9880, time remaining: 1m 58s
Rendered 955/9880, time remaining: 1m 58s
Rendered 956/9880, time remaining: 1m 58s
Rendered 957/9880, time remaining: 1m 58s
Rendered 958/9880, time remaining: 1m 58s
Rendered 959/9880, time remaining: 1m 58s
Rendered 960/9880, time remaining: 1m 58s
Rendered 961/9880, time remaining: 1m 58s
Rendered 962/9880, time remaining: 1m 58s
Rendered 963/9880, time remaining: 1m 58s
Rendered 964/9880, time remaining: 1m 58s
Rendered 965/9880, time remaining: 1m 58s
Rendered 966/9880, time remaining: 1m 58s
Rendered 967/9880, time remaining: 1m 58s
Rendered 968/9880, time remaining: 1m 58s
Rendered 969/9880, time remaining: 1m 58s
Rendered 970/9880, time remaining: 1m 58s
Rendered 971/9880, time remaining: 1m 58s
Rendered 972/9880, time remaining: 1m 58s
Rendered 973/9880, time remaining: 1m 58s
Rendered 974/9880, time remaining: 1m 58s
Rendered 975/9880, time remaining: 1m 58s
Rendered 976/9880, time remaining: 1m 58s
Rendered 977/9880, time remaining: 1m 58s
Rendered 978/9880, time remaining: 1m 58s
Rendered 979/9880, time remaining: 1m 58s
Rendered 980/9880, time remaining: 1m 58s
Rendered 981/9880, time remaining: 1m 58s
Rendered 982/9880, time remaining: 1m 58s
Rendered 983/9880, time remaining: 1m 58s
Rendered 984/9880, time remaining: 1m 58s
Rendered 985/9880, time remaining: 1m 58s
Rendered 986/9880, time remaining: 1m 58s
Rendered 987/9880, time remaining: 1m 58s
Rendered 988/9880, time remaining: 1m 58s
Rendered 989/9880, time remaining: 1m 58s
Rendered 990/9880, time remaining: 1m 58s
Rendered 991/9880, time remaining: 1m 58s
Rendered 992/9880, time remaining: 1m 58s
Rendered 993/9880, time remaining: 1m 58s
Rendered 994/9880, time remaining: 1m 58s
Rendered 995/9880, time remaining: 1m 58s
Rendered 996/9880, time remaining: 1m 58s
Rendered 997/9880, time remaining: 1m 58s
Rendered 998/9880, time remaining: 1m 58s
Rendered 999/9880, time remaining: 1m 58s
Rendered 1000/9880, time remaining: 1m 58s
Rendered 1001/9880, time remaining: 1m 58s
Rendered 1002/9880, time remaining: 1m 58s
Rendered 1003/9880, time remaining: 1m 58s
Rendered 1004/9880, time remaining: 1m 58s
Rendered 1005/9880, time remaining: 1m 58s
Rendered 1006/9880, time remaining: 1m 58s
Rendered 1007/9880, time remaining: 1m 58s
Rendered 1008/9880, time remaining: 1m 58s
Rendered 1009/9880, time remaining: 1m 58s
Rendered 1010/9880, time remaining: 1m 58s
Rendered 1011/9880, time remaining: 1m 58s
Rendered 1012/9880, time remaining: 1m 58s
Rendered 1013/9880, time remaining: 1m 58s
Rendered 1014/9880, time remaining: 1m 58s
Rendered 1015/9880, time remaining: 1m 58s
Rendered 1016/9880, time remaining: 1m 58s
Rendered 1017/9880, time remaining: 1m 58s
Rendered 1018/9880, time remaining: 1m 58s
Rendered 1019/9880, time remaining: 1m 58s
Rendered 1020/9880, time remaining: 1m 58s
Rendered 1021/9880, time remaining: 1m 58s
Rendered 1022/9880, time remaining: 1m 58s
Rendered 1023/9880, time remaining: 1m 58s
Rendered 1024/9880, time remaining: 1m 58s
Rendered 1025/9880, time remaining: 1m 58s
Rendered 1026/9880, time remaining: 1m 58s
Rendered 1027/9880, time remaining: 1m 58s
Rendered 1028/9880, time remaining: 1m 58s
Rendered 1029/9880, time remaining: 1m 58s
Rendered 1030/9880, time remaining: 1m 58s
Rendered 1031/9880, time remaining: 1m 58s
Rendered 1032/9880, time remaining: 1m 58s
Rendered 1033/9880, time remaining: 1m 58s
Rendered 1034/9880, time remaining: 1m 58s
Rendered 1035/9880, time remaining: 1m 57s
Rendered 1036/9880, time remaining: 1m 57s
Rendered 1037/9880, time remaining: 1m 57s
Rendered 1038/9880, time remaining: 1m 57s
Rendered 1039/9880, time remaining: 1m 57s
Rendered 1040/9880, time remaining: 1m 57s
Rendered 1041/9880, time remaining: 1m 57s
Rendered 1042/9880, time remaining: 1m 57s
Rendered 1043/9880, time remaining: 1m 57s
Rendered 1044/9880, time remaining: 1m 57s
Rendered 1045/9880, time remaining: 1m 57s
Rendered 1046/9880, time remaining: 1m 57s
Rendered 1047/9880, time remaining: 1m 57s
Rendered 1048/9880, time remaining: 1m 57s
Rendered 1049/9880, time remaining: 1m 57s
Rendered 1050/9880, time remaining: 1m 57s
Rendered 1051/9880, time remaining: 1m 57s
Rendered 1052/9880, time remaining: 1m 57s
Rendered 1053/9880, time remaining: 1m 57s
Rendered 1054/9880, time remaining: 1m 57s
Rendered 1055/9880, time remaining: 1m 57s
Rendered 1056/9880, time remaining: 1m 57s
Rendered 1057/9880, time remaining: 1m 57s
Rendered 1058/9880, time remaining: 1m 57s
Rendered 1059/9880, time remaining: 1m 57s
Rendered 1060/9880, time remaining: 1m 57s
Rendered 1061/9880, time remaining: 1m 57s
Rendered 1062/9880, time remaining: 1m 57s
Rendered 1063/9880, time remaining: 1m 57s
Rendered 1064/9880, time remaining: 1m 57s
Rendered 1065/9880, time remaining: 1m 57s
Rendered 1066/9880, time remaining: 1m 57s
Rendered 1067/9880, time remaining: 1m 57s
Rendered 1068/9880, time remaining: 1m 57s
Rendered 1069/9880, time remaining: 1m 57s
Rendered 1070/9880, time remaining: 1m 57s
Rendered 1071/9880, time remaining: 1m 57s
Rendered 1072/9880, time remaining: 1m 57s
Rendered 1073/9880, time remaining: 1m 57s
Rendered 1074/9880, time remaining: 1m 57s
Rendered 1075/9880, time remaining: 1m 57s
Rendered 1076/9880, time remaining: 1m 57s
Rendered 1077/9880, time remaining: 1m 57s
Rendered 1078/9880, time remaining: 1m 57s
Rendered 1079/9880, time remaining: 1m 57s
Rendered 1080/9880, time remaining: 1m 57s
Rendered 1081/9880, time remaining: 1m 57s
Rendered 1082/9880, time remaining: 1m 57s
Rendered 1083/9880, time remaining: 1m 57s
Rendered 1084/9880, time remaining: 1m 57s
Rendered 1085/9880, time remaining: 1m 57s
Rendered 1086/9880, time remaining: 1m 57s
Rendered 1087/9880, time remaining: 1m 57s
Rendered 1088/9880, time remaining: 1m 57s
Rendered 1089/9880, time remaining: 1m 57s
Rendered 1090/9880, time remaining: 1m 57s
Rendered 1091/9880, time remaining: 1m 57s
Rendered 1092/9880, time remaining: 1m 57s
Rendered 1093/9880, time remaining: 1m 57s
Rendered 1094/9880, time remaining: 1m 57s
Rendered 1095/9880, time remaining: 1m 57s
Rendered 1096/9880, time remaining: 1m 57s
Rendered 1097/9880, time remaining: 1m 56s
Rendered 1098/9880, time remaining: 1m 56s
Rendered 1099/9880, time remaining: 1m 56s
Rendered 1100/9880, time remaining: 1m 56s
Rendered 1101/9880, time remaining: 1m 56s
Rendered 1102/9880, time remaining: 1m 57s
Rendered 1103/9880, time remaining: 1m 57s
Rendered 1104/9880, time remaining: 1m 57s
Rendered 1105/9880, time remaining: 1m 57s
Rendered 1106/9880, time remaining: 1m 57s
Rendered 1107/9880, time remaining: 1m 56s
Rendered 1108/9880, time remaining: 1m 56s
Rendered 1109/9880, time remaining: 1m 57s
Rendered 1110/9880, time remaining: 1m 56s
Rendered 1111/9880, time remaining: 1m 56s
Rendered 1112/9880, time remaining: 1m 56s
Rendered 1113/9880, time remaining: 1m 56s
Rendered 1114/9880, time remaining: 1m 56s
Rendered 1115/9880, time remaining: 1m 56s
Rendered 1116/9880, time remaining: 1m 56s
Rendered 1117/9880, time remaining: 1m 56s
Rendered 1118/9880, time remaining: 1m 56s
Rendered 1119/9880, time remaining: 1m 56s
Rendered 1120/9880, time remaining: 1m 56s
Rendered 1121/9880, time remaining: 1m 56s
Rendered 1122/9880, time remaining: 1m 56s
Rendered 1123/9880, time remaining: 1m 56s
Rendered 1124/9880, time remaining: 1m 56s
Rendered 1125/9880, time remaining: 1m 56s
Rendered 1126/9880, time remaining: 1m 56s
Rendered 1127/9880, time remaining: 1m 56s
Rendered 1128/9880, time remaining: 1m 56s
Rendered 1129/9880, time remaining: 1m 56s
Rendered 1130/9880, time remaining: 1m 56s
Rendered 1131/9880, time remaining: 1m 56s
Rendered 1132/9880, time remaining: 1m 56s
Rendered 1133/9880, time remaining: 1m 56s
Rendered 1134/9880, time remaining: 1m 56s
Rendered 1135/9880, time remaining: 1m 56s
Rendered 1136/9880, time remaining: 1m 56s
Rendered 1137/9880, time remaining: 1m 56s
Rendered 1138/9880, time remaining: 1m 56s
Rendered 1139/9880, time remaining: 1m 56s
Rendered 1140/9880, time remaining: 1m 56s
Rendered 1141/9880, time remaining: 1m 56s
Rendered 1142/9880, time remaining: 1m 56s
Rendered 1143/9880, time remaining: 1m 56s
Rendered 1144/9880, time remaining: 1m 56s
Rendered 1145/9880, time remaining: 1m 56s
Rendered 1146/9880, time remaining: 1m 56s
Rendered 1147/9880, time remaining: 1m 56s
Rendered 1148/9880, time remaining: 1m 56s
Rendered 1149/9880, time remaining: 1m 56s
Rendered 1150/9880, time remaining: 1m 56s
Rendered 1151/9880, time remaining: 1m 56s
Rendered 1152/9880, time remaining: 1m 56s
Rendered 1153/9880, time remaining: 1m 56s
Rendered 1154/9880, time remaining: 1m 56s
Rendered 1155/9880, time remaining: 1m 56s
Rendered 1156/9880, time remaining: 1m 56s
Rendered 1157/9880, time remaining: 1m 56s
Rendered 1158/9880, time remaining: 1m 56s
Rendered 1159/9880, time remaining: 1m 56s
Rendered 1160/9880, time remaining: 1m 56s
Rendered 1161/9880, time remaining: 1m 56s
Rendered 1162/9880, time remaining: 1m 56s
Rendered 1163/9880, time remaining: 1m 56s
Rendered 1164/9880, time remaining: 1m 56s
Rendered 1165/9880, time remaining: 1m 56s
Rendered 1166/9880, time remaining: 1m 56s
Rendered 1167/9880, time remaining: 2m 3s
Rendered 1168/9880, time remaining: 2m 3s
Rendered 1169/9880, time remaining: 2m 3s
Rendered 1170/9880, time remaining: 2m 3s
Rendered 1171/9880, time remaining: 2m 3s
Rendered 1172/9880, time remaining: 2m 1s
Rendered 1173/9880, time remaining: 2m 3s
Rendered 1174/9880, time remaining: 2m 3s
Rendered 1175/9880, time remaining: 2m 3s
Rendered 1176/9880, time remaining: 2m 3s
Rendered 1177/9880, time remaining: 2m 1s
Rendered 1178/9880, time remaining: 2m 3s
Rendered 1179/9880, time remaining: 2m 3s
Rendered 1180/9880, time remaining: 2m 3s
Rendered 1181/9880, time remaining: 2m 3s
Rendered 1182/9880, time remaining: 2m 0s
Rendered 1183/9880, time remaining: 2m 3s
Rendered 1184/9880, time remaining: 2m 3s
Rendered 1185/9880, time remaining: 2m 3s
Rendered 1186/9880, time remaining: 2m 3s
Rendered 1187/9880, time remaining: 2m 0s
Rendered 1188/9880, time remaining: 2m 3s
Rendered 1189/9880, time remaining: 2m 3s
Rendered 1190/9880, time remaining: 2m 3s
Rendered 1191/9880, time remaining: 2m 3s
Rendered 1192/9880, time remaining: 2m 0s
Rendered 1193/9880, time remaining: 2m 3s
Rendered 1194/9880, time remaining: 2m 3s
Rendered 1195/9880, time remaining: 2m 3s
Rendered 1196/9880, time remaining: 2m 3s
Rendered 1197/9880, time remaining: 1m 59s
Rendered 1198/9880, time remaining: 2m 3s
Rendered 1199/9880, time remaining: 2m 3s
Rendered 1200/9880, time remaining: 2m 3s
Rendered 1201/9880, time remaining: 2m 3s
Rendered 1202/9880, time remaining: 1m 59s
Rendered 1203/9880, time remaining: 2m 3s
Rendered 1204/9880, time remaining: 2m 3s
Rendered 1205/9880, time remaining: 2m 3s
Rendered 1206/9880, time remaining: 2m 3s
Rendered 1207/9880, time remaining: 1m 59s
Rendered 1208/9880, time remaining: 2m 3s
Rendered 1209/9880, time remaining: 2m 3s
Rendered 1210/9880, time remaining: 2m 3s
Rendered 1211/9880, time remaining: 2m 3s
Rendered 1212/9880, time remaining: 1m 59s
Rendered 1213/9880, time remaining: 2m 3s
Rendered 1214/9880, time remaining: 2m 3s
Rendered 1215/9880, time remaining: 2m 3s
Rendered 1216/9880, time remaining: 2m 3s
Rendered 1217/9880, time remaining: 1m 59s
Rendered 1218/9880, time remaining: 2m 3s
Rendered 1219/9880, time remaining: 2m 3s
Rendered 1220/9880, time remaining: 2m 3s
Rendered 1221/9880, time remaining: 2m 3s
Rendered 1222/9880, time remaining: 1m 59s
Rendered 1223/9880, time remaining: 2m 4s
Rendered 1224/9880, time remaining: 2m 4s
Rendered 1225/9880, time remaining: 2m 4s
Rendered 1226/9880, time remaining: 2m 4s
Rendered 1227/9880, time remaining: 2m 0s
Rendered 1228/9880, time remaining: 2m 4s
Rendered 1229/9880, time remaining: 2m 4s
Rendered 1230/9880, time remaining: 2m 4s
Rendered 1231/9880, time remaining: 2m 4s
Rendered 1232/9880, time remaining: 2m 0s
Rendered 1233/9880, time remaining: 2m 3s
Rendered 1234/9880, time remaining: 2m 3s
Rendered 1235/9880, time remaining: 2m 4s
Rendered 1236/9880, time remaining: 2m 4s
Rendered 1237/9880, time remaining: 2m 0s
Rendered 1238/9880, time remaining: 2m 3s
Rendered 1239/9880, time remaining: 2m 3s
Rendered 1240/9880, time remaining: 2m 3s
Rendered 1241/9880, time remaining: 2m 3s
Rendered 1242/9880, time remaining: 2m 0s
Rendered 1243/9880, time remaining: 2m 3s
Rendered 1244/9880, time remaining: 2m 3s
Rendered 1245/9880, time remaining: 2m 3s
Rendered 1246/9880, time remaining: 2m 3s
Rendered 1247/9880, time remaining: 2m 0s
Rendered 1248/9880, time remaining: 2m 3s
Rendered 1249/9880, time remaining: 2m 4s
Rendered 1250/9880, time remaining: 2m 4s
Rendered 1251/9880, time remaining: 2m 4s
Rendered 1252/9880, time remaining: 2m 0s
Rendered 1253/9880, time remaining: 2m 2s
Rendered 1254/9880, time remaining: 2m 2s
Rendered 1255/9880, time remaining: 2m 4s
Rendered 1256/9880, time remaining: 2m 4s
Rendered 1257/9880, time remaining: 2m 0s
Rendered 1258/9880, time remaining: 2m 2s
Rendered 1259/9880, time remaining: 2m 2s
Rendered 1260/9880, time remaining: 2m 4s
Rendered 1261/9880, time remaining: 2m 4s
Rendered 1262/9880, time remaining: 2m 0s
Rendered 1263/9880, time remaining: 2m 1s
Rendered 1264/9880, time remaining: 2m 1s
Rendered 1265/9880, time remaining: 2m 3s
Rendered 1266/9880, time remaining: 2m 3s
Rendered 1267/9880, time remaining: 2m 0s
Rendered 1268/9880, time remaining: 2m 0s
Rendered 1269/9880, time remaining: 2m 1s
Rendered 1270/9880, time remaining: 2m 3s
Rendered 1271/9880, time remaining: 2m 3s
Rendered 1272/9880, time remaining: 2m 0s
Rendered 1273/9880, time remaining: 2m 1s
Rendered 1274/9880, time remaining: 2m 1s
Rendered 1275/9880, time remaining: 2m 3s
Rendered 1276/9880, time remaining: 2m 3s
Rendered 1277/9880, time remaining: 2m 0s
Rendered 1278/9880, time remaining: 2m 0s
Rendered 1279/9880, time remaining: 2m 0s
Rendered 1280/9880, time remaining: 2m 3s
Rendered 1281/9880, time remaining: 2m 3s
Rendered 1282/9880, time remaining: 1m 59s
Rendered 1283/9880, time remaining: 2m 0s
Rendered 1284/9880, time remaining: 2m 0s
Rendered 1285/9880, time remaining: 2m 3s
Rendered 1286/9880, time remaining: 2m 3s
Rendered 1287/9880, time remaining: 1m 59s
Rendered 1288/9880, time remaining: 2m 0s
Rendered 1289/9880, time remaining: 2m 0s
Rendered 1290/9880, time remaining: 2m 3s
Rendered 1291/9880, time remaining: 2m 3s
Rendered 1292/9880, time remaining: 1m 59s
Rendered 1293/9880, time remaining: 2m 0s
Rendered 1294/9880, time remaining: 2m 0s
Rendered 1295/9880, time remaining: 2m 3s
Rendered 1296/9880, time remaining: 2m 3s
Rendered 1297/9880, time remaining: 1m 59s
Rendered 1298/9880, time remaining: 2m 0s
Rendered 1299/9880, time remaining: 2m 0s
Rendered 1300/9880, time remaining: 2m 3s
Rendered 1301/9880, time remaining: 2m 3s
Rendered 1302/9880, time remaining: 1m 59s
Rendered 1303/9880, time remaining: 2m 0s
Rendered 1304/9880, time remaining: 2m 0s
Rendered 1305/9880, time remaining: 2m 3s
Rendered 1306/9880, time remaining: 2m 3s
Rendered 1307/9880, time remaining: 1m 59s
Rendered 1308/9880, time remaining: 2m 0s
Rendered 1309/9880, time remaining: 2m 0s
Rendered 1310/9880, time remaining: 2m 3s
Rendered 1311/9880, time remaining: 2m 3s
Rendered 1312/9880, time remaining: 1m 59s
Rendered 1313/9880, time remaining: 2m 0s
Rendered 1314/9880, time remaining: 2m 0s
Rendered 1315/9880, time remaining: 2m 3s
Rendered 1316/9880, time remaining: 2m 3s
Rendered 1317/9880, time remaining: 1m 52s
Rendered 1318/9880, time remaining: 1m 53s
Rendered 1319/9880, time remaining: 1m 53s
Rendered 1320/9880, time remaining: 1m 56s
Rendered 1321/9880, time remaining: 1m 56s
Rendered 1322/9880, time remaining: 1m 53s
Rendered 1323/9880, time remaining: 1m 53s
Rendered 1324/9880, time remaining: 1m 52s
Rendered 1325/9880, time remaining: 1m 55s
Rendered 1326/9880, time remaining: 1m 55s
Rendered 1327/9880, time remaining: 1m 53s
Rendered 1328/9880, time remaining: 1m 53s
Rendered 1329/9880, time remaining: 1m 53s
Rendered 1330/9880, time remaining: 1m 55s
Rendered 1331/9880, time remaining: 1m 55s
Rendered 1332/9880, time remaining: 1m 54s
Rendered 1333/9880, time remaining: 1m 52s
Rendered 1334/9880, time remaining: 1m 52s
Rendered 1335/9880, time remaining: 1m 55s
Rendered 1336/9880, time remaining: 1m 55s
Rendered 1337/9880, time remaining: 1m 54s
Rendered 1338/9880, time remaining: 1m 52s
Rendered 1339/9880, time remaining: 1m 52s
Rendered 1340/9880, time remaining: 1m 55s
Rendered 1341/9880, time remaining: 1m 55s
Rendered 1342/9880, time remaining: 1m 55s
Rendered 1343/9880, time remaining: 1m 52s
Rendered 1344/9880, time remaining: 1m 52s
Rendered 1345/9880, time remaining: 1m 55s
Rendered 1346/9880, time remaining: 1m 55s
Rendered 1347/9880, time remaining: 1m 55s
Rendered 1348/9880, time remaining: 1m 52s
Rendered 1349/9880, time remaining: 1m 52s
Rendered 1350/9880, time remaining: 1m 55s
Rendered 1351/9880, time remaining: 1m 55s
Rendered 1352/9880, time remaining: 1m 55s
Rendered 1353/9880, time remaining: 1m 52s
Rendered 1354/9880, time remaining: 1m 52s
Rendered 1355/9880, time remaining: 1m 55s
Rendered 1356/9880, time remaining: 1m 55s
Rendered 1357/9880, time remaining: 1m 55s
Rendered 1358/9880, time remaining: 1m 52s
Rendered 1359/9880, time remaining: 1m 52s
Rendered 1360/9880, time remaining: 1m 54s
Rendered 1361/9880, time remaining: 1m 55s
Rendered 1362/9880, time remaining: 1m 54s
Rendered 1363/9880, time remaining: 1m 52s
Rendered 1364/9880, time remaining: 1m 52s
Rendered 1365/9880, time remaining: 1m 54s
Rendered 1366/9880, time remaining: 1m 54s
Rendered 1367/9880, time remaining: 1m 54s
Rendered 1368/9880, time remaining: 1m 52s
Rendered 1369/9880, time remaining: 1m 52s
Rendered 1370/9880, time remaining: 1m 54s
Rendered 1371/9880, time remaining: 1m 54s
Rendered 1372/9880, time remaining: 1m 54s
Rendered 1373/9880, time remaining: 1m 51s
Rendered 1374/9880, time remaining: 1m 51s
Rendered 1375/9880, time remaining: 1m 53s
Rendered 1376/9880, time remaining: 1m 53s
Rendered 1377/9880, time remaining: 1m 53s
Rendered 1378/9880, time remaining: 1m 50s
Rendered 1379/9880, time remaining: 1m 50s
Rendered 1380/9880, time remaining: 1m 55s
Rendered 1381/9880, time remaining: 1m 55s
Rendered 1382/9880, time remaining: 1m 55s
Rendered 1383/9880, time remaining: 1m 51s
Rendered 1384/9880, time remaining: 1m 51s
Rendered 1385/9880, time remaining: 1m 55s
Rendered 1386/9880, time remaining: 1m 55s
Rendered 1387/9880, time remaining: 1m 55s
Rendered 1388/9880, time remaining: 1m 51s
Rendered 1389/9880, time remaining: 1m 51s
Rendered 1390/9880, time remaining: 1m 54s
Rendered 1391/9880, time remaining: 1m 54s
Rendered 1392/9880, time remaining: 1m 54s
Rendered 1393/9880, time remaining: 1m 51s
Rendered 1394/9880, time remaining: 1m 51s
Rendered 1395/9880, time remaining: 1m 54s
Rendered 1396/9880, time remaining: 1m 54s
Rendered 1397/9880, time remaining: 1m 54s
Rendered 1398/9880, time remaining: 1m 51s
Rendered 1399/9880, time remaining: 1m 50s
Rendered 1400/9880, time remaining: 1m 54s
Rendered 1401/9880, time remaining: 1m 54s
Rendered 1402/9880, time remaining: 1m 54s
Rendered 1403/9880, time remaining: 1m 51s
Rendered 1404/9880, time remaining: 1m 51s
Rendered 1405/9880, time remaining: 1m 54s
Rendered 1406/9880, time remaining: 1m 54s
Rendered 1407/9880, time remaining: 1m 54s
Rendered 1408/9880, time remaining: 1m 51s
Rendered 1409/9880, time remaining: 1m 51s
Rendered 1410/9880, time remaining: 1m 54s
Rendered 1411/9880, time remaining: 1m 54s
Rendered 1412/9880, time remaining: 1m 54s
Rendered 1413/9880, time remaining: 1m 52s
Rendered 1414/9880, time remaining: 1m 52s
Rendered 1415/9880, time remaining: 1m 54s
Rendered 1416/9880, time remaining: 1m 54s
Rendered 1417/9880, time remaining: 1m 54s
Rendered 1418/9880, time remaining: 1m 53s
Rendered 1419/9880, time remaining: 1m 52s
Rendered 1420/9880, time remaining: 1m 54s
Rendered 1421/9880, time remaining: 1m 54s
Rendered 1422/9880, time remaining: 1m 54s
Rendered 1423/9880, time remaining: 1m 53s
Rendered 1424/9880, time remaining: 1m 53s
Rendered 1425/9880, time remaining: 1m 54s
Rendered 1426/9880, time remaining: 1m 54s
Rendered 1427/9880, time remaining: 1m 54s
Rendered 1428/9880, time remaining: 1m 53s
Rendered 1429/9880, time remaining: 1m 53s
Rendered 1430/9880, time remaining: 1m 54s
Rendered 1431/9880, time remaining: 1m 53s
Rendered 1432/9880, time remaining: 1m 53s
Rendered 1433/9880, time remaining: 1m 53s
Rendered 1434/9880, time remaining: 1m 53s
Rendered 1435/9880, time remaining: 1m 53s
Rendered 1436/9880, time remaining: 1m 53s
Rendered 1437/9880, time remaining: 1m 53s
Rendered 1438/9880, time remaining: 1m 53s
Rendered 1439/9880, time remaining: 1m 52s
Rendered 1440/9880, time remaining: 1m 53s
Rendered 1441/9880, time remaining: 1m 53s
Rendered 1442/9880, time remaining: 1m 53s
Rendered 1443/9880, time remaining: 1m 52s
Rendered 1444/9880, time remaining: 1m 52s
Rendered 1445/9880, time remaining: 1m 53s
Rendered 1446/9880, time remaining: 1m 53s
Rendered 1447/9880, time remaining: 1m 53s
Rendered 1448/9880, time remaining: 1m 52s
Rendered 1449/9880, time remaining: 1m 52s
Rendered 1450/9880, time remaining: 1m 53s
Rendered 1451/9880, time remaining: 1m 53s
Rendered 1452/9880, time remaining: 1m 53s
Rendered 1453/9880, time remaining: 1m 52s
Rendered 1454/9880, time remaining: 1m 52s
Rendered 1455/9880, time remaining: 1m 53s
Rendered 1456/9880, time remaining: 1m 53s
Rendered 1457/9880, time remaining: 1m 53s
Rendered 1458/9880, time remaining: 1m 52s
Rendered 1459/9880, time remaining: 1m 52s
Rendered 1460/9880, time remaining: 1m 53s
Rendered 1461/9880, time remaining: 1m 53s
Rendered 1462/9880, time remaining: 1m 53s
Rendered 1463/9880, time remaining: 1m 52s
Rendered 1464/9880, time remaining: 1m 52s
Rendered 1465/9880, time remaining: 1m 53s
Rendered 1466/9880, time remaining: 1m 53s
Rendered 1467/9880, time remaining: 1m 53s
Rendered 1468/9880, time remaining: 1m 52s
Rendered 1469/9880, time remaining: 1m 52s
Rendered 1470/9880, time remaining: 1m 53s
Rendered 1471/9880, time remaining: 1m 53s
Rendered 1472/9880, time remaining: 1m 53s
Rendered 1473/9880, time remaining: 1m 52s
Rendered 1474/9880, time remaining: 1m 52s
Rendered 1475/9880, time remaining: 1m 53s
Rendered 1476/9880, time remaining: 1m 53s
Rendered 1477/9880, time remaining: 1m 53s
Rendered 1478/9880, time remaining: 1m 52s
Rendered 1479/9880, time remaining: 1m 52s
Rendered 1480/9880, time remaining: 1m 53s
Rendered 1481/9880, time remaining: 1m 53s
Rendered 1482/9880, time remaining: 1m 53s
Rendered 1483/9880, time remaining: 1m 52s
Rendered 1484/9880, time remaining: 1m 52s
Rendered 1485/9880, time remaining: 1m 53s
Rendered 1486/9880, time remaining: 1m 53s
Rendered 1487/9880, time remaining: 1m 53s
Rendered 1488/9880, time remaining: 1m 52s
Rendered 1489/9880, time remaining: 1m 52s
Rendered 1490/9880, time remaining: 1m 53s
Rendered 1491/9880, time remaining: 1m 53s
Rendered 1492/9880, time remaining: 1m 53s
Rendered 1493/9880, time remaining: 1m 52s
Rendered 1494/9880, time remaining: 1m 52s
Rendered 1495/9880, time remaining: 1m 53s
Rendered 1496/9880, time remaining: 1m 53s
Rendered 1497/9880, time remaining: 1m 53s
Rendered 1498/9880, time remaining: 1m 52s
Rendered 1499/9880, time remaining: 1m 52s
Rendered 1500/9880, time remaining: 1m 53s
Rendered 1501/9880, time remaining: 1m 53s
Rendered 1502/9880, time remaining: 1m 53s
Rendered 1503/9880, time remaining: 1m 52s
Rendered 1504/9880, time remaining: 1m 52s
Rendered 1505/9880, time remaining: 1m 53s
Rendered 1506/9880, time remaining: 1m 52s
Rendered 1507/9880, time remaining: 1m 53s
Rendered 1508/9880, time remaining: 1m 52s
Rendered 1509/9880, time remaining: 1m 52s
Rendered 1510/9880, time remaining: 1m 52s
Rendered 1511/9880, time remaining: 1m 52s
Rendered 1512/9880, time remaining: 1m 52s
Rendered 1513/9880, time remaining: 1m 52s
Rendered 1514/9880, time remaining: 1m 52s
Rendered 1515/9880, time remaining: 1m 52s
Rendered 1516/9880, time remaining: 1m 52s
Rendered 1517/9880, time remaining: 1m 52s
Rendered 1518/9880, time remaining: 1m 51s
Rendered 1519/9880, time remaining: 1m 51s
Rendered 1520/9880, time remaining: 1m 52s
Rendered 1521/9880, time remaining: 1m 52s
Rendered 1522/9880, time remaining: 1m 52s
Rendered 1523/9880, time remaining: 1m 51s
Rendered 1524/9880, time remaining: 1m 51s
Rendered 1525/9880, time remaining: 1m 52s
Rendered 1526/9880, time remaining: 1m 52s
Rendered 1527/9880, time remaining: 1m 52s
Rendered 1528/9880, time remaining: 1m 51s
Rendered 1529/9880, time remaining: 1m 51s
Rendered 1530/9880, time remaining: 1m 51s
Rendered 1531/9880, time remaining: 1m 51s
Rendered 1532/9880, time remaining: 1m 51s
Rendered 1533/9880, time remaining: 1m 51s
Rendered 1534/9880, time remaining: 1m 51s
Rendered 1535/9880, time remaining: 1m 51s
Rendered 1536/9880, time remaining: 1m 51s
Rendered 1537/9880, time remaining: 1m 51s
Rendered 1538/9880, time remaining: 1m 51s
Rendered 1539/9880, time remaining: 1m 51s
Rendered 1540/9880, time remaining: 1m 51s
Rendered 1541/9880, time remaining: 1m 51s
Rendered 1542/9880, time remaining: 1m 51s
Rendered 1543/9880, time remaining: 1m 51s
Rendered 1544/9880, time remaining: 1m 51s
Rendered 1545/9880, time remaining: 1m 51s
Rendered 1546/9880, time remaining: 1m 51s
Rendered 1547/9880, time remaining: 1m 51s
Rendered 1548/9880, time remaining: 1m 51s
Rendered 1549/9880, time remaining: 1m 51s
Rendered 1550/9880, time remaining: 1m 51s
Rendered 1551/9880, time remaining: 1m 51s
Rendered 1552/9880, time remaining: 1m 51s
Rendered 1553/9880, time remaining: 1m 51s
Rendered 1554/9880, time remaining: 1m 51s
Rendered 1555/9880, time remaining: 1m 51s
Rendered 1556/9880, time remaining: 1m 51s
Rendered 1557/9880, time remaining: 1m 51s
Rendered 1558/9880, time remaining: 1m 51s
Rendered 1559/9880, time remaining: 1m 51s
Rendered 1560/9880, time remaining: 1m 51s
Rendered 1561/9880, time remaining: 1m 50s
Rendered 1562/9880, time remaining: 1m 51s
Rendered 1563/9880, time remaining: 1m 51s
Rendered 1564/9880, time remaining: 1m 51s
Rendered 1565/9880, time remaining: 1m 49s
Rendered 1566/9880, time remaining: 1m 51s
Rendered 1567/9880, time remaining: 1m 51s
Rendered 1568/9880, time remaining: 1m 51s
Rendered 1569/9880, time remaining: 1m 51s
Rendered 1570/9880, time remaining: 1m 49s
Rendered 1571/9880, time remaining: 1m 51s
Rendered 1572/9880, time remaining: 1m 51s
Rendered 1573/9880, time remaining: 1m 51s
Rendered 1574/9880, time remaining: 1m 51s
Rendered 1575/9880, time remaining: 1m 48s
Rendered 1576/9880, time remaining: 1m 51s
Rendered 1577/9880, time remaining: 1m 51s
Rendered 1578/9880, time remaining: 1m 51s
Rendered 1579/9880, time remaining: 1m 51s
Rendered 1580/9880, time remaining: 1m 48s
Rendered 1581/9880, time remaining: 1m 51s
Rendered 1582/9880, time remaining: 1m 51s
Rendered 1583/9880, time remaining: 1m 51s
Rendered 1584/9880, time remaining: 1m 51s
Rendered 1585/9880, time remaining: 1m 48s
Rendered 1586/9880, time remaining: 1m 51s
Rendered 1587/9880, time remaining: 1m 51s
Rendered 1588/9880, time remaining: 1m 51s
Rendered 1589/9880, time remaining: 1m 51s
Rendered 1590/9880, time remaining: 1m 48s
Rendered 1591/9880, time remaining: 1m 51s
Rendered 1592/9880, time remaining: 1m 51s
Rendered 1593/9880, time remaining: 1m 51s
Rendered 1594/9880, time remaining: 1m 51s
Rendered 1595/9880, time remaining: 1m 48s
Rendered 1596/9880, time remaining: 1m 51s
Rendered 1597/9880, time remaining: 1m 51s
Rendered 1598/9880, time remaining: 1m 51s
Rendered 1599/9880, time remaining: 1m 51s
Rendered 1600/9880, time remaining: 1m 47s
Rendered 1601/9880, time remaining: 1m 51s
Rendered 1602/9880, time remaining: 1m 51s
Rendered 1603/9880, time remaining: 1m 51s
Rendered 1604/9880, time remaining: 1m 51s
Rendered 1605/9880, time remaining: 1m 47s
Rendered 1606/9880, time remaining: 1m 51s
Rendered 1607/9880, time remaining: 1m 51s
Rendered 1608/9880, time remaining: 1m 51s
Rendered 1609/9880, time remaining: 1m 50s
Rendered 1610/9880, time remaining: 1m 47s
Rendered 1611/9880, time remaining: 1m 51s
Rendered 1612/9880, time remaining: 1m 51s
Rendered 1613/9880, time remaining: 1m 51s
Rendered 1614/9880, time remaining: 1m 51s
Rendered 1615/9880, time remaining: 1m 47s
Rendered 1616/9880, time remaining: 1m 51s
Rendered 1617/9880, time remaining: 1m 51s
Rendered 1618/9880, time remaining: 1m 51s
Rendered 1619/9880, time remaining: 1m 51s
Rendered 1620/9880, time remaining: 1m 47s
Rendered 1621/9880, time remaining: 1m 51s
Rendered 1622/9880, time remaining: 1m 51s
Rendered 1623/9880, time remaining: 1m 51s
Rendered 1624/9880, time remaining: 1m 51s
Rendered 1625/9880, time remaining: 1m 47s
Rendered 1626/9880, time remaining: 1m 51s
Rendered 1627/9880, time remaining: 1m 51s
Rendered 1628/9880, time remaining: 1m 51s
Rendered 1629/9880, time remaining: 1m 51s
Rendered 1630/9880, time remaining: 1m 47s
Rendered 1631/9880, time remaining: 1m 50s
Rendered 1632/9880, time remaining: 1m 50s
Rendered 1633/9880, time remaining: 1m 50s
Rendered 1634/9880, time remaining: 1m 50s
Rendered 1635/9880, time remaining: 1m 47s
Rendered 1636/9880, time remaining: 1m 50s
Rendered 1637/9880, time remaining: 1m 50s
Rendered 1638/9880, time remaining: 1m 50s
Rendered 1639/9880, time remaining: 1m 50s
Rendered 1640/9880, time remaining: 1m 47s
Rendered 1641/9880, time remaining: 1m 50s
Rendered 1642/9880, time remaining: 1m 50s
Rendered 1643/9880, time remaining: 1m 50s
Rendered 1644/9880, time remaining: 1m 50s
Rendered 1645/9880, time remaining: 1m 47s
Rendered 1646/9880, time remaining: 1m 50s
Rendered 1647/9880, time remaining: 1m 50s
Rendered 1648/9880, time remaining: 1m 50s
Rendered 1649/9880, time remaining: 1m 50s
Rendered 1650/9880, time remaining: 1m 47s
Rendered 1651/9880, time remaining: 1m 50s
Rendered 1652/9880, time remaining: 1m 50s
Rendered 1653/9880, time remaining: 1m 50s
Rendered 1654/9880, time remaining: 1m 50s
Rendered 1655/9880, time remaining: 1m 47s
Rendered 1656/9880, time remaining: 1m 50s
Rendered 1657/9880, time remaining: 1m 50s
Rendered 1658/9880, time remaining: 1m 50s
Rendered 1659/9880, time remaining: 1m 50s
Rendered 1660/9880, time remaining: 1m 46s
Rendered 1661/9880, time remaining: 1m 50s
Rendered 1662/9880, time remaining: 1m 50s
Rendered 1663/9880, time remaining: 1m 50s
Rendered 1664/9880, time remaining: 1m 50s
Rendered 1665/9880, time remaining: 1m 46s
Rendered 1666/9880, time remaining: 1m 50s
Rendered 1667/9880, time remaining: 1m 50s
Rendered 1668/9880, time remaining: 1m 50s
Rendered 1669/9880, time remaining: 1m 50s
Rendered 1670/9880, time remaining: 1m 46s
Rendered 1671/9880, time remaining: 1m 50s
Rendered 1672/9880, time remaining: 1m 50s
Rendered 1673/9880, time remaining: 1m 50s
Rendered 1674/9880, time remaining: 1m 50s
Rendered 1675/9880, time remaining: 1m 46s
Rendered 1676/9880, time remaining: 1m 50s
Rendered 1677/9880, time remaining: 1m 50s
Rendered 1678/9880, time remaining: 1m 50s
Rendered 1679/9880, time remaining: 1m 50s
Rendered 1680/9880, time remaining: 1m 46s
Rendered 1681/9880, time remaining: 1m 50s
Rendered 1682/9880, time remaining: 1m 50s
Rendered 1683/9880, time remaining: 1m 50s
Rendered 1684/9880, time remaining: 1m 50s
Rendered 1685/9880, time remaining: 1m 46s
Rendered 1686/9880, time remaining: 1m 50s
Rendered 1687/9880, time remaining: 1m 50s
Rendered 1688/9880, time remaining: 1m 50s
Rendered 1689/9880, time remaining: 1m 50s
Rendered 1690/9880, time remaining: 1m 46s
Rendered 1691/9880, time remaining: 1m 50s
Rendered 1692/9880, time remaining: 1m 50s
Rendered 1693/9880, time remaining: 1m 50s
Rendered 1694/9880, time remaining: 1m 50s
Rendered 1695/9880, time remaining: 1m 46s
Rendered 1696/9880, time remaining: 1m 50s
Rendered 1697/9880, time remaining: 1m 50s
Rendered 1698/9880, time remaining: 1m 50s
Rendered 1699/9880, time remaining: 1m 50s
Rendered 1700/9880, time remaining: 1m 47s
Rendered 1701/9880, time remaining: 1m 50s
Rendered 1702/9880, time remaining: 1m 51s
Rendered 1703/9880, time remaining: 1m 50s
Rendered 1704/9880, time remaining: 1m 50s
Rendered 1705/9880, time remaining: 1m 47s
Rendered 1706/9880, time remaining: 1m 51s
Rendered 1707/9880, time remaining: 1m 51s
Rendered 1708/9880, time remaining: 1m 51s
Rendered 1709/9880, time remaining: 1m 51s
Rendered 1710/9880, time remaining: 1m 48s
Rendered 1711/9880, time remaining: 1m 51s
Rendered 1712/9880, time remaining: 1m 51s
Rendered 1713/9880, time remaining: 1m 51s
Rendered 1714/9880, time remaining: 1m 51s
Rendered 1715/9880, time remaining: 1m 49s
Rendered 1716/9880, time remaining: 1m 50s
Rendered 1717/9880, time remaining: 1m 50s
Rendered 1718/9880, time remaining: 1m 50s
Rendered 1719/9880, time remaining: 1m 50s
Rendered 1720/9880, time remaining: 1m 49s
Rendered 1721/9880, time remaining: 1m 50s
Rendered 1722/9880, time remaining: 1m 50s
Rendered 1723/9880, time remaining: 1m 50s
Rendered 1724/9880, time remaining: 1m 50s
Rendered 1725/9880, time remaining: 1m 49s
Rendered 1726/9880, time remaining: 1m 50s
Rendered 1727/9880, time remaining: 1m 50s
Rendered 1728/9880, time remaining: 1m 50s
Rendered 1729/9880, time remaining: 1m 50s
Rendered 1730/9880, time remaining: 1m 49s
Rendered 1731/9880, time remaining: 1m 50s
Rendered 1732/9880, time remaining: 1m 50s
Rendered 1733/9880, time remaining: 1m 50s
Rendered 1734/9880, time remaining: 1m 50s
Rendered 1735/9880, time remaining: 1m 50s
Rendered 1736/9880, time remaining: 1m 50s
Rendered 1737/9880, time remaining: 1m 50s
Rendered 1738/9880, time remaining: 1m 50s
Rendered 1739/9880, time remaining: 1m 50s
Rendered 1740/9880, time remaining: 1m 50s
Rendered 1741/9880, time remaining: 1m 50s
Rendered 1742/9880, time remaining: 1m 50s
Rendered 1743/9880, time remaining: 1m 50s
Rendered 1744/9880, time remaining: 1m 50s
Rendered 1745/9880, time remaining: 1m 49s
Rendered 1746/9880, time remaining: 1m 50s
Rendered 1747/9880, time remaining: 1m 50s
Rendered 1748/9880, time remaining: 1m 50s
Rendered 1749/9880, time remaining: 1m 50s
Rendered 1750/9880, time remaining: 1m 50s
Rendered 1751/9880, time remaining: 1m 50s
Rendered 1752/9880, time remaining: 1m 50s
Rendered 1753/9880, time remaining: 1m 50s
Rendered 1754/9880, time remaining: 1m 50s
Rendered 1755/9880, time remaining: 1m 50s
Rendered 1756/9880, time remaining: 1m 50s
Rendered 1757/9880, time remaining: 1m 50s
Rendered 1758/9880, time remaining: 1m 50s
Rendered 1759/9880, time remaining: 1m 50s
Rendered 1760/9880, time remaining: 1m 49s
Rendered 1761/9880, time remaining: 1m 50s
Rendered 1762/9880, time remaining: 1m 50s
Rendered 1763/9880, time remaining: 1m 50s
Rendered 1764/9880, time remaining: 1m 49s
Rendered 1765/9880, time remaining: 1m 49s
Rendered 1766/9880, time remaining: 1m 50s
Rendered 1767/9880, time remaining: 1m 50s
Rendered 1768/9880, time remaining: 1m 49s
Rendered 1769/9880, time remaining: 1m 49s
Rendered 1770/9880, time remaining: 1m 49s
Rendered 1771/9880, time remaining: 1m 49s
Rendered 1772/9880, time remaining: 1m 49s
Rendered 1773/9880, time remaining: 1m 49s
Rendered 1774/9880, time remaining: 1m 49s
Rendered 1775/9880, time remaining: 1m 49s
Rendered 1776/9880, time remaining: 1m 49s
Rendered 1777/9880, time remaining: 1m 49s
Rendered 1778/9880, time remaining: 1m 49s
Rendered 1779/9880, time remaining: 1m 49s
Rendered 1780/9880, time remaining: 1m 49s
Rendered 1781/9880, time remaining: 1m 49s
Rendered 1782/9880, time remaining: 1m 49s
Rendered 1783/9880, time remaining: 1m 49s
Rendered 1784/9880, time remaining: 1m 49s
Rendered 1785/9880, time remaining: 1m 49s
Rendered 1786/9880, time remaining: 1m 49s
Rendered 1787/9880, time remaining: 1m 49s
Rendered 1788/9880, time remaining: 1m 49s
Rendered 1789/9880, time remaining: 1m 49s
Rendered 1790/9880, time remaining: 1m 49s
Rendered 1791/9880, time remaining: 1m 48s
Rendered 1792/9880, time remaining: 1m 50s
Rendered 1793/9880, time remaining: 1m 50s
Rendered 1794/9880, time remaining: 1m 50s
Rendered 1795/9880, time remaining: 1m 50s
Rendered 1796/9880, time remaining: 1m 48s
Rendered 1797/9880, time remaining: 1m 50s
Rendered 1798/9880, time remaining: 1m 50s
Rendered 1799/9880, time remaining: 1m 50s
Rendered 1800/9880, time remaining: 1m 50s
Rendered 1801/9880, time remaining: 1m 48s
Rendered 1802/9880, time remaining: 1m 50s
Rendered 1803/9880, time remaining: 1m 50s
Rendered 1804/9880, time remaining: 1m 50s
Rendered 1805/9880, time remaining: 1m 49s
Rendered 1806/9880, time remaining: 1m 48s
Rendered 1807/9880, time remaining: 1m 50s
Rendered 1808/9880, time remaining: 1m 50s
Rendered 1809/9880, time remaining: 1m 50s
Rendered 1810/9880, time remaining: 1m 50s
Rendered 1811/9880, time remaining: 1m 47s
Rendered 1812/9880, time remaining: 1m 49s
Rendered 1813/9880, time remaining: 1m 49s
Rendered 1814/9880, time remaining: 1m 49s
Rendered 1815/9880, time remaining: 1m 49s
Rendered 1816/9880, time remaining: 1m 47s
Rendered 1817/9880, time remaining: 1m 49s
Rendered 1818/9880, time remaining: 1m 49s
Rendered 1819/9880, time remaining: 1m 49s
Rendered 1820/9880, time remaining: 1m 49s
Rendered 1821/9880, time remaining: 1m 46s
Rendered 1822/9880, time remaining: 1m 49s
Rendered 1823/9880, time remaining: 1m 49s
Rendered 1824/9880, time remaining: 1m 49s
Rendered 1825/9880, time remaining: 1m 49s
Rendered 1826/9880, time remaining: 1m 46s
Rendered 1827/9880, time remaining: 1m 49s
Rendered 1828/9880, time remaining: 1m 49s
Rendered 1829/9880, time remaining: 1m 49s
Rendered 1830/9880, time remaining: 1m 49s
Rendered 1831/9880, time remaining: 1m 46s
Rendered 1832/9880, time remaining: 1m 49s
Rendered 1833/9880, time remaining: 1m 49s
Rendered 1834/9880, time remaining: 1m 49s
Rendered 1835/9880, time remaining: 1m 49s
Rendered 1836/9880, time remaining: 1m 46s
Rendered 1837/9880, time remaining: 1m 49s
Rendered 1838/9880, time remaining: 1m 49s
Rendered 1839/9880, time remaining: 1m 49s
Rendered 1840/9880, time remaining: 1m 49s
Rendered 1841/9880, time remaining: 1m 46s
Rendered 1842/9880, time remaining: 1m 49s
Rendered 1843/9880, time remaining: 1m 49s
Rendered 1844/9880, time remaining: 1m 49s
Rendered 1845/9880, time remaining: 1m 49s
Rendered 1846/9880, time remaining: 1m 45s
Rendered 1847/9880, time remaining: 1m 48s
Rendered 1848/9880, time remaining: 1m 48s
Rendered 1849/9880, time remaining: 1m 48s
Rendered 1850/9880, time remaining: 1m 48s
Rendered 1851/9880, time remaining: 1m 45s
Rendered 1852/9880, time remaining: 1m 48s
Rendered 1853/9880, time remaining: 1m 48s
Rendered 1854/9880, time remaining: 1m 48s
Rendered 1855/9880, time remaining: 1m 48s
Rendered 1856/9880, time remaining: 1m 44s
Rendered 1857/9880, time remaining: 1m 47s
Rendered 1858/9880, time remaining: 1m 47s
Rendered 1859/9880, time remaining: 1m 47s
Rendered 1860/9880, time remaining: 1m 47s
Rendered 1861/9880, time remaining: 1m 44s
Rendered 1862/9880, time remaining: 1m 47s
Rendered 1863/9880, time remaining: 1m 47s
Rendered 1864/9880, time remaining: 1m 47s
Rendered 1865/9880, time remaining: 1m 47s
Rendered 1866/9880, time remaining: 1m 44s
Rendered 1867/9880, time remaining: 1m 47s
Rendered 1868/9880, time remaining: 1m 47s
Rendered 1869/9880, time remaining: 1m 47s
Rendered 1870/9880, time remaining: 1m 47s
Rendered 1871/9880, time remaining: 1m 44s
Rendered 1872/9880, time remaining: 1m 47s
Rendered 1873/9880, time remaining: 1m 47s
Rendered 1874/9880, time remaining: 1m 47s
Rendered 1875/9880, time remaining: 1m 47s
Rendered 1876/9880, time remaining: 1m 44s
Rendered 1877/9880, time remaining: 1m 47s
Rendered 1878/9880, time remaining: 1m 47s
Rendered 1879/9880, time remaining: 1m 47s
Rendered 1880/9880, time remaining: 1m 47s
Rendered 1881/9880, time remaining: 1m 44s
Rendered 1882/9880, time remaining: 1m 47s
Rendered 1883/9880, time remaining: 1m 47s
Rendered 1884/9880, time remaining: 1m 47s
Rendered 1885/9880, time remaining: 1m 47s
Rendered 1886/9880, time remaining: 1m 44s
Rendered 1887/9880, time remaining: 1m 47s
Rendered 1888/9880, time remaining: 1m 47s
Rendered 1889/9880, time remaining: 1m 47s
Rendered 1890/9880, time remaining: 1m 47s
Rendered 1891/9880, time remaining: 1m 44s
Rendered 1892/9880, time remaining: 1m 47s
Rendered 1893/9880, time remaining: 1m 47s
Rendered 1894/9880, time remaining: 1m 47s
Rendered 1895/9880, time remaining: 1m 47s
Rendered 1896/9880, time remaining: 1m 44s
Rendered 1897/9880, time remaining: 1m 47s
Rendered 1898/9880, time remaining: 1m 47s
Rendered 1899/9880, time remaining: 1m 47s
Rendered 1900/9880, time remaining: 1m 47s
Rendered 1901/9880, time remaining: 1m 44s
Rendered 1902/9880, time remaining: 1m 46s
Rendered 1903/9880, time remaining: 1m 46s
Rendered 1904/9880, time remaining: 1m 46s
Rendered 1905/9880, time remaining: 1m 46s
Rendered 1906/9880, time remaining: 1m 44s
Rendered 1907/9880, time remaining: 1m 46s
Rendered 1908/9880, time remaining: 1m 46s
Rendered 1909/9880, time remaining: 1m 46s
Rendered 1910/9880, time remaining: 1m 46s
Rendered 1911/9880, time remaining: 1m 43s
Rendered 1912/9880, time remaining: 1m 46s
Rendered 1913/9880, time remaining: 1m 46s
Rendered 1914/9880, time remaining: 1m 46s
Rendered 1915/9880, time remaining: 1m 46s
Rendered 1916/9880, time remaining: 1m 43s
Rendered 1917/9880, time remaining: 1m 46s
Rendered 1918/9880, time remaining: 1m 46s
Rendered 1919/9880, time remaining: 1m 46s
Rendered 1920/9880, time remaining: 1m 46s
Rendered 1921/9880, time remaining: 1m 43s
Rendered 1922/9880, time remaining: 1m 47s
Rendered 1923/9880, time remaining: 1m 47s
Rendered 1924/9880, time remaining: 1m 47s
Rendered 1925/9880, time remaining: 1m 47s
Rendered 1926/9880, time remaining: 1m 44s
Rendered 1927/9880, time remaining: 1m 47s
Rendered 1928/9880, time remaining: 1m 47s
Rendered 1929/9880, time remaining: 1m 47s
Rendered 1930/9880, time remaining: 1m 47s
Rendered 1931/9880, time remaining: 1m 44s
Rendered 1932/9880, time remaining: 1m 47s
Rendered 1933/9880, time remaining: 1m 47s
Rendered 1934/9880, time remaining: 1m 47s
Rendered 1935/9880, time remaining: 1m 47s
Rendered 1936/9880, time remaining: 1m 44s
Rendered 1937/9880, time remaining: 1m 48s
Rendered 1938/9880, time remaining: 1m 48s
Rendered 1939/9880, time remaining: 1m 48s
Rendered 1940/9880, time remaining: 1m 48s
Rendered 1941/9880, time remaining: 1m 46s
Rendered 1942/9880, time remaining: 1m 47s
Rendered 1943/9880, time remaining: 1m 47s
Rendered 1944/9880, time remaining: 1m 47s
Rendered 1945/9880, time remaining: 1m 47s
Rendered 1946/9880, time remaining: 1m 46s
Rendered 1947/9880, time remaining: 1m 47s
Rendered 1948/9880, time remaining: 1m 47s
Rendered 1949/9880, time remaining: 1m 47s
Rendered 1950/9880, time remaining: 1m 47s
Rendered 1951/9880, time remaining: 1m 46s
Rendered 1952/9880, time remaining: 1m 47s
Rendered 1953/9880, time remaining: 1m 47s
Rendered 1954/9880, time remaining: 1m 47s
Rendered 1955/9880, time remaining: 1m 47s
Rendered 1956/9880, time remaining: 1m 46s
Rendered 1957/9880, time remaining: 1m 47s
Rendered 1958/9880, time remaining: 1m 47s
Rendered 1959/9880, time remaining: 1m 47s
Rendered 1960/9880, time remaining: 1m 47s
Rendered 1961/9880, time remaining: 1m 47s
Rendered 1962/9880, time remaining: 1m 48s
Rendered 1963/9880, time remaining: 1m 48s
Rendered 1964/9880, time remaining: 1m 48s
Rendered 1965/9880, time remaining: 1m 48s
Rendered 1966/9880, time remaining: 1m 47s
Rendered 1967/9880, time remaining: 1m 48s
Rendered 1968/9880, time remaining: 1m 48s
Rendered 1969/9880, time remaining: 1m 48s
Rendered 1970/9880, time remaining: 1m 48s
Rendered 1971/9880, time remaining: 1m 48s
Rendered 1972/9880, time remaining: 1m 48s
Rendered 1973/9880, time remaining: 1m 48s
Rendered 1974/9880, time remaining: 1m 48s
Rendered 1975/9880, time remaining: 1m 47s
Rendered 1976/9880, time remaining: 1m 48s
Rendered 1977/9880, time remaining: 1m 47s
Rendered 1978/9880, time remaining: 1m 47s
Rendered 1979/9880, time remaining: 1m 47s
Rendered 1980/9880, time remaining: 1m 47s
Rendered 1981/9880, time remaining: 1m 47s
Rendered 1982/9880, time remaining: 1m 47s
Rendered 1983/9880, time remaining: 1m 47s
Rendered 1984/9880, time remaining: 1m 47s
Rendered 1985/9880, time remaining: 1m 47s
Rendered 1986/9880, time remaining: 1m 47s
Rendered 1987/9880, time remaining: 1m 47s
Rendered 1988/9880, time remaining: 1m 47s
Rendered 1989/9880, time remaining: 1m 47s
Rendered 1990/9880, time remaining: 1m 47s
Rendered 1991/9880, time remaining: 1m 47s
Rendered 1992/9880, time remaining: 1m 47s
Rendered 1993/9880, time remaining: 1m 47s
Rendered 1994/9880, time remaining: 1m 47s
Rendered 1995/9880, time remaining: 1m 47s
Rendered 1996/9880, time remaining: 1m 47s
Rendered 1997/9880, time remaining: 1m 47s
Rendered 1998/9880, time remaining: 1m 47s
Rendered 1999/9880, time remaining: 1m 47s
Rendered 2000/9880, time remaining: 1m 47s
Rendered 2001/9880, time remaining: 1m 47s
Rendered 2002/9880, time remaining: 1m 47s
Rendered 2003/9880, time remaining: 1m 47s
Rendered 2004/9880, time remaining: 1m 47s
Rendered 2005/9880, time remaining: 1m 47s
Rendered 2006/9880, time remaining: 1m 47s
Rendered 2007/9880, time remaining: 1m 46s
Rendered 2008/9880, time remaining: 1m 48s
Rendered 2009/9880, time remaining: 1m 48s
Rendered 2010/9880, time remaining: 1m 48s
Rendered 2011/9880, time remaining: 1m 48s
Rendered 2012/9880, time remaining: 1m 46s
Rendered 2013/9880, time remaining: 1m 48s
Rendered 2014/9880, time remaining: 1m 48s
Rendered 2015/9880, time remaining: 1m 48s
Rendered 2016/9880, time remaining: 1m 47s
Rendered 2017/9880, time remaining: 1m 45s
Rendered 2018/9880, time remaining: 1m 48s
Rendered 2019/9880, time remaining: 1m 48s
Rendered 2020/9880, time remaining: 1m 48s
Rendered 2021/9880, time remaining: 1m 47s
Rendered 2022/9880, time remaining: 1m 45s
Rendered 2023/9880, time remaining: 1m 48s
Rendered 2024/9880, time remaining: 1m 48s
Rendered 2025/9880, time remaining: 1m 48s
Rendered 2026/9880, time remaining: 1m 47s
Rendered 2027/9880, time remaining: 1m 45s
Rendered 2028/9880, time remaining: 1m 48s
Rendered 2029/9880, time remaining: 1m 48s
Rendered 2030/9880, time remaining: 1m 48s
Rendered 2031/9880, time remaining: 1m 47s
Rendered 2032/9880, time remaining: 1m 45s
Rendered 2033/9880, time remaining: 1m 48s
Rendered 2034/9880, time remaining: 1m 48s
Rendered 2035/9880, time remaining: 1m 48s
Rendered 2036/9880, time remaining: 1m 47s
Rendered 2037/9880, time remaining: 1m 45s
Rendered 2038/9880, time remaining: 1m 48s
Rendered 2039/9880, time remaining: 1m 48s
Rendered 2040/9880, time remaining: 1m 47s
Rendered 2041/9880, time remaining: 1m 47s
Rendered 2042/9880, time remaining: 1m 45s
Rendered 2043/9880, time remaining: 1m 47s
Rendered 2044/9880, time remaining: 1m 47s
Rendered 2045/9880, time remaining: 1m 48s
Rendered 2046/9880, time remaining: 1m 47s
Rendered 2047/9880, time remaining: 1m 45s
Rendered 2048/9880, time remaining: 1m 47s
Rendered 2049/9880, time remaining: 1m 47s
Rendered 2050/9880, time remaining: 1m 47s
Rendered 2051/9880, time remaining: 1m 47s
Rendered 2052/9880, time remaining: 1m 45s
Rendered 2053/9880, time remaining: 1m 47s
Rendered 2054/9880, time remaining: 1m 47s
Rendered 2055/9880, time remaining: 1m 47s
Rendered 2056/9880, time remaining: 1m 47s
Rendered 2057/9880, time remaining: 1m 44s
Rendered 2058/9880, time remaining: 1m 47s
Rendered 2059/9880, time remaining: 1m 47s
Rendered 2060/9880, time remaining: 1m 47s
Rendered 2061/9880, time remaining: 1m 47s
Rendered 2062/9880, time remaining: 1m 44s
Rendered 2063/9880, time remaining: 1m 47s
Rendered 2064/9880, time remaining: 1m 47s
Rendered 2065/9880, time remaining: 1m 47s
Rendered 2066/9880, time remaining: 1m 47s
Rendered 2067/9880, time remaining: 1m 44s
Rendered 2068/9880, time remaining: 1m 47s
Rendered 2069/9880, time remaining: 1m 47s
Rendered 2070/9880, time remaining: 1m 47s
Rendered 2071/9880, time remaining: 1m 47s
Rendered 2072/9880, time remaining: 1m 43s
Rendered 2073/9880, time remaining: 1m 46s
Rendered 2074/9880, time remaining: 1m 46s
Rendered 2075/9880, time remaining: 1m 46s
Rendered 2076/9880, time remaining: 1m 46s
Rendered 2077/9880, time remaining: 1m 43s
Rendered 2078/9880, time remaining: 1m 46s
Rendered 2079/9880, time remaining: 1m 46s
Rendered 2080/9880, time remaining: 1m 46s
Rendered 2081/9880, time remaining: 1m 46s
Rendered 2082/9880, time remaining: 1m 43s
Rendered 2083/9880, time remaining: 1m 46s
Rendered 2084/9880, time remaining: 1m 46s
Rendered 2085/9880, time remaining: 1m 46s
Rendered 2086/9880, time remaining: 1m 46s
Rendered 2087/9880, time remaining: 1m 42s
Rendered 2088/9880, time remaining: 1m 45s
Rendered 2089/9880, time remaining: 1m 45s
Rendered 2090/9880, time remaining: 1m 45s
Rendered 2091/9880, time remaining: 1m 45s
Rendered 2092/9880, time remaining: 1m 42s
Rendered 2093/9880, time remaining: 1m 44s
Rendered 2094/9880, time remaining: 1m 44s
Rendered 2095/9880, time remaining: 1m 45s
Rendered 2096/9880, time remaining: 1m 45s
Rendered 2097/9880, time remaining: 1m 43s
Rendered 2098/9880, time remaining: 1m 44s
Rendered 2099/9880, time remaining: 1m 44s
Rendered 2100/9880, time remaining: 1m 45s
Rendered 2101/9880, time remaining: 1m 45s
Rendered 2102/9880, time remaining: 1m 43s
Rendered 2103/9880, time remaining: 1m 43s
Rendered 2104/9880, time remaining: 1m 43s
Rendered 2105/9880, time remaining: 1m 46s
Rendered 2106/9880, time remaining: 1m 46s
Rendered 2107/9880, time remaining: 1m 44s
Rendered 2108/9880, time remaining: 1m 44s
Rendered 2109/9880, time remaining: 1m 44s
Rendered 2110/9880, time remaining: 1m 47s
Rendered 2111/9880, time remaining: 1m 47s
Rendered 2112/9880, time remaining: 1m 43s
Rendered 2113/9880, time remaining: 1m 43s
Rendered 2114/9880, time remaining: 1m 43s
Rendered 2115/9880, time remaining: 1m 47s
Rendered 2116/9880, time remaining: 1m 47s
Rendered 2117/9880, time remaining: 1m 44s
Rendered 2118/9880, time remaining: 1m 44s
Rendered 2119/9880, time remaining: 1m 44s
Rendered 2120/9880, time remaining: 1m 48s
Rendered 2121/9880, time remaining: 1m 48s
Rendered 2122/9880, time remaining: 1m 45s
Rendered 2123/9880, time remaining: 1m 45s
Rendered 2124/9880, time remaining: 1m 45s
Rendered 2125/9880, time remaining: 1m 49s
Rendered 2126/9880, time remaining: 1m 49s
Rendered 2127/9880, time remaining: 1m 46s
Rendered 2128/9880, time remaining: 1m 46s
Rendered 2129/9880, time remaining: 1m 46s
Rendered 2130/9880, time remaining: 1m 50s
Rendered 2131/9880, time remaining: 1m 49s
Rendered 2132/9880, time remaining: 1m 47s
Rendered 2133/9880, time remaining: 1m 47s
Rendered 2134/9880, time remaining: 1m 47s
Rendered 2135/9880, time remaining: 1m 50s
Rendered 2136/9880, time remaining: 1m 49s
Rendered 2137/9880, time remaining: 1m 46s
Rendered 2138/9880, time remaining: 1m 46s
Rendered 2139/9880, time remaining: 1m 47s
Rendered 2140/9880, time remaining: 1m 50s
Rendered 2141/9880, time remaining: 1m 49s
Rendered 2142/9880, time remaining: 1m 46s
Rendered 2143/9880, time remaining: 1m 46s
Rendered 2144/9880, time remaining: 1m 47s
Rendered 2145/9880, time remaining: 1m 49s
Rendered 2146/9880, time remaining: 1m 49s
Rendered 2147/9880, time remaining: 1m 46s
Rendered 2148/9880, time remaining: 1m 46s
Rendered 2149/9880, time remaining: 1m 47s
Rendered 2150/9880, time remaining: 1m 49s
Rendered 2151/9880, time remaining: 1m 49s
Rendered 2152/9880, time remaining: 1m 46s
Rendered 2153/9880, time remaining: 1m 46s
Rendered 2154/9880, time remaining: 1m 46s
Rendered 2155/9880, time remaining: 1m 50s
Rendered 2156/9880, time remaining: 1m 49s
Rendered 2157/9880, time remaining: 1m 47s
Rendered 2158/9880, time remaining: 1m 45s
Rendered 2159/9880, time remaining: 1m 46s
Rendered 2160/9880, time remaining: 1m 50s
Rendered 2161/9880, time remaining: 1m 50s
Rendered 2162/9880, time remaining: 1m 48s
Rendered 2163/9880, time remaining: 1m 46s
Rendered 2164/9880, time remaining: 1m 46s
Rendered 2165/9880, time remaining: 1m 50s
Rendered 2166/9880, time remaining: 1m 50s
Rendered 2167/9880, time remaining: 1m 49s
Rendered 2168/9880, time remaining: 1m 47s
Rendered 2169/9880, time remaining: 1m 47s
Rendered 2170/9880, time remaining: 1m 50s
Rendered 2171/9880, time remaining: 1m 50s
Rendered 2172/9880, time remaining: 1m 49s
Rendered 2173/9880, time remaining: 1m 47s
Rendered 2174/9880, time remaining: 1m 47s
Rendered 2175/9880, time remaining: 1m 50s
Rendered 2176/9880, time remaining: 1m 50s
Rendered 2177/9880, time remaining: 1m 49s
Rendered 2178/9880, time remaining: 1m 47s
Rendered 2179/9880, time remaining: 1m 47s
Rendered 2180/9880, time remaining: 1m 51s
Rendered 2181/9880, time remaining: 1m 51s
Rendered 2182/9880, time remaining: 1m 51s
Rendered 2183/9880, time remaining: 1m 48s
Rendered 2184/9880, time remaining: 1m 48s
Rendered 2185/9880, time remaining: 1m 52s
Rendered 2186/9880, time remaining: 1m 52s
Rendered 2187/9880, time remaining: 1m 51s
Rendered 2188/9880, time remaining: 1m 48s
Rendered 2189/9880, time remaining: 1m 49s
Rendered 2190/9880, time remaining: 1m 50s
Rendered 2191/9880, time remaining: 1m 52s
Rendered 2192/9880, time remaining: 1m 51s
Rendered 2193/9880, time remaining: 1m 49s
Rendered 2194/9880, time remaining: 1m 49s
Rendered 2195/9880, time remaining: 1m 50s
Rendered 2196/9880, time remaining: 1m 52s
Rendered 2197/9880, time remaining: 1m 52s
Rendered 2198/9880, time remaining: 1m 49s
Rendered 2199/9880, time remaining: 1m 49s
Rendered 2200/9880, time remaining: 1m 50s
Rendered 2201/9880, time remaining: 1m 52s
Rendered 2202/9880, time remaining: 1m 52s
Rendered 2203/9880, time remaining: 1m 49s
Rendered 2204/9880, time remaining: 1m 49s
Rendered 2205/9880, time remaining: 1m 50s
Rendered 2206/9880, time remaining: 1m 52s
Rendered 2207/9880, time remaining: 1m 51s
Rendered 2208/9880, time remaining: 1m 49s
Rendered 2209/9880, time remaining: 1m 49s
Rendered 2210/9880, time remaining: 1m 49s
Rendered 2211/9880, time remaining: 1m 52s
Rendered 2212/9880, time remaining: 1m 51s
Rendered 2213/9880, time remaining: 1m 49s
Rendered 2214/9880, time remaining: 1m 49s
Rendered 2215/9880, time remaining: 1m 49s
Rendered 2216/9880, time remaining: 1m 52s
Rendered 2217/9880, time remaining: 1m 51s
Rendered 2218/9880, time remaining: 1m 49s
Rendered 2219/9880, time remaining: 1m 49s
Rendered 2220/9880, time remaining: 1m 49s
Rendered 2221/9880, time remaining: 1m 52s
Rendered 2222/9880, time remaining: 1m 51s
Rendered 2223/9880, time remaining: 1m 48s
Rendered 2224/9880, time remaining: 1m 49s
Rendered 2225/9880, time remaining: 1m 49s
Rendered 2226/9880, time remaining: 1m 52s
Rendered 2227/9880, time remaining: 1m 51s
Rendered 2228/9880, time remaining: 1m 48s
Rendered 2229/9880, time remaining: 1m 49s
Rendered 2230/9880, time remaining: 1m 49s
Rendered 2231/9880, time remaining: 1m 53s
Rendered 2232/9880, time remaining: 1m 52s
Rendered 2233/9880, time remaining: 1m 49s
Rendered 2234/9880, time remaining: 1m 50s
Rendered 2235/9880, time remaining: 1m 49s
Rendered 2236/9880, time remaining: 1m 53s
Rendered 2237/9880, time remaining: 1m 53s
Rendered 2238/9880, time remaining: 1m 50s
Rendered 2239/9880, time remaining: 1m 50s
Rendered 2240/9880, time remaining: 1m 50s
Rendered 2241/9880, time remaining: 1m 53s
Rendered 2242/9880, time remaining: 1m 53s
Rendered 2243/9880, time remaining: 1m 50s
Rendered 2244/9880, time remaining: 1m 50s
Rendered 2245/9880, time remaining: 1m 50s
Rendered 2246/9880, time remaining: 1m 52s
Rendered 2247/9880, time remaining: 1m 52s
Rendered 2248/9880, time remaining: 1m 51s
Rendered 2249/9880, time remaining: 1m 51s
Rendered 2250/9880, time remaining: 1m 50s
Rendered 2251/9880, time remaining: 1m 52s
Rendered 2252/9880, time remaining: 1m 52s
Rendered 2253/9880, time remaining: 1m 52s
Rendered 2254/9880, time remaining: 1m 52s
Rendered 2255/9880, time remaining: 1m 48s
Rendered 2256/9880, time remaining: 1m 51s
Rendered 2257/9880, time remaining: 1m 51s
Rendered 2258/9880, time remaining: 1m 51s
Rendered 2259/9880, time remaining: 1m 51s
Rendered 2260/9880, time remaining: 1m 48s
Rendered 2261/9880, time remaining: 1m 51s
Rendered 2262/9880, time remaining: 1m 51s
Rendered 2263/9880, time remaining: 1m 51s
Rendered 2264/9880, time remaining: 1m 51s
Rendered 2265/9880, time remaining: 1m 47s
Rendered 2266/9880, time remaining: 1m 51s
Rendered 2267/9880, time remaining: 1m 51s
Rendered 2268/9880, time remaining: 1m 51s
Rendered 2269/9880, time remaining: 1m 51s
Rendered 2270/9880, time remaining: 1m 47s
Rendered 2271/9880, time remaining: 1m 50s
Rendered 2272/9880, time remaining: 1m 50s
Rendered 2273/9880, time remaining: 1m 50s
Rendered 2274/9880, time remaining: 1m 50s
Rendered 2275/9880, time remaining: 1m 47s
Rendered 2276/9880, time remaining: 1m 49s
Rendered 2277/9880, time remaining: 1m 49s
Rendered 2278/9880, time remaining: 1m 49s
Rendered 2279/9880, time remaining: 1m 49s
Rendered 2280/9880, time remaining: 1m 45s
Rendered 2281/9880, time remaining: 1m 48s
Rendered 2282/9880, time remaining: 1m 48s
Rendered 2283/9880, time remaining: 1m 48s
Rendered 2284/9880, time remaining: 1m 48s
Rendered 2285/9880, time remaining: 1m 46s
Rendered 2286/9880, time remaining: 1m 48s
Rendered 2287/9880, time remaining: 1m 48s
Rendered 2288/9880, time remaining: 1m 48s
Rendered 2289/9880, time remaining: 1m 48s
Rendered 2290/9880, time remaining: 1m 46s
Rendered 2291/9880, time remaining: 1m 48s
Rendered 2292/9880, time remaining: 1m 48s
Rendered 2293/9880, time remaining: 1m 48s
Rendered 2294/9880, time remaining: 1m 48s
Rendered 2295/9880, time remaining: 1m 45s
Rendered 2296/9880, time remaining: 1m 48s
Rendered 2297/9880, time remaining: 1m 48s
Rendered 2298/9880, time remaining: 1m 48s
Rendered 2299/9880, time remaining: 1m 48s
Rendered 2300/9880, time remaining: 1m 45s
Rendered 2301/9880, time remaining: 1m 48s
Rendered 2302/9880, time remaining: 1m 48s
Rendered 2303/9880, time remaining: 1m 48s
Rendered 2304/9880, time remaining: 1m 48s
Rendered 2305/9880, time remaining: 1m 45s
Rendered 2306/9880, time remaining: 1m 49s
Rendered 2307/9880, time remaining: 1m 49s
Rendered 2308/9880, time remaining: 1m 49s
Rendered 2309/9880, time remaining: 1m 49s
Rendered 2310/9880, time remaining: 1m 45s
Rendered 2311/9880, time remaining: 1m 49s
Rendered 2312/9880, time remaining: 1m 49s
Rendered 2313/9880, time remaining: 1m 49s
Rendered 2314/9880, time remaining: 1m 48s
Rendered 2315/9880, time remaining: 1m 45s
Rendered 2316/9880, time remaining: 1m 48s
Rendered 2317/9880, time remaining: 1m 48s
Rendered 2318/9880, time remaining: 1m 48s
Rendered 2319/9880, time remaining: 1m 48s
Rendered 2320/9880, time remaining: 1m 45s
Rendered 2321/9880, time remaining: 1m 48s
Rendered 2322/9880, time remaining: 1m 48s
Rendered 2323/9880, time remaining: 1m 48s
Rendered 2324/9880, time remaining: 1m 47s
Rendered 2325/9880, time remaining: 1m 45s
Rendered 2326/9880, time remaining: 1m 48s
Rendered 2327/9880, time remaining: 1m 48s
Rendered 2328/9880, time remaining: 1m 47s
Rendered 2329/9880, time remaining: 1m 47s
Rendered 2330/9880, time remaining: 1m 44s
Rendered 2331/9880, time remaining: 1m 47s
Rendered 2332/9880, time remaining: 1m 47s
Rendered 2333/9880, time remaining: 1m 47s
Rendered 2334/9880, time remaining: 1m 47s
Rendered 2335/9880, time remaining: 1m 43s
Rendered 2336/9880, time remaining: 1m 46s
Rendered 2337/9880, time remaining: 1m 46s
Rendered 2338/9880, time remaining: 1m 46s
Rendered 2339/9880, time remaining: 1m 46s
Rendered 2340/9880, time remaining: 1m 44s
Rendered 2341/9880, time remaining: 1m 45s
Rendered 2342/9880, time remaining: 1m 45s
Rendered 2343/9880, time remaining: 1m 45s
Rendered 2344/9880, time remaining: 1m 45s
Rendered 2345/9880, time remaining: 1m 44s
Rendered 2346/9880, time remaining: 1m 45s
Rendered 2347/9880, time remaining: 1m 45s
Rendered 2348/9880, time remaining: 1m 45s
Rendered 2349/9880, time remaining: 1m 45s
Rendered 2350/9880, time remaining: 1m 45s
Rendered 2351/9880, time remaining: 1m 45s
Rendered 2352/9880, time remaining: 1m 45s
Rendered 2353/9880, time remaining: 1m 45s
Rendered 2354/9880, time remaining: 1m 45s
Rendered 2355/9880, time remaining: 1m 45s
Rendered 2356/9880, time remaining: 1m 46s
Rendered 2357/9880, time remaining: 1m 46s
Rendered 2358/9880, time remaining: 1m 46s
Rendered 2359/9880, time remaining: 1m 46s
Rendered 2360/9880, time remaining: 1m 46s
Rendered 2361/9880, time remaining: 1m 47s
Rendered 2362/9880, time remaining: 1m 47s
Rendered 2363/9880, time remaining: 1m 46s
Rendered 2364/9880, time remaining: 1m 46s
Rendered 2365/9880, time remaining: 1m 47s
Rendered 2366/9880, time remaining: 1m 46s
Rendered 2367/9880, time remaining: 1m 46s
Rendered 2368/9880, time remaining: 1m 46s
Rendered 2369/9880, time remaining: 1m 46s
Rendered 2370/9880, time remaining: 1m 47s
Rendered 2371/9880, time remaining: 1m 47s
Rendered 2372/9880, time remaining: 1m 47s
Rendered 2373/9880, time remaining: 1m 47s
Rendered 2374/9880, time remaining: 1m 46s
Rendered 2375/9880, time remaining: 1m 46s
Rendered 2376/9880, time remaining: 1m 46s
Rendered 2377/9880, time remaining: 1m 46s
Rendered 2378/9880, time remaining: 1m 46s
Rendered 2379/9880, time remaining: 1m 46s
Rendered 2380/9880, time remaining: 1m 46s
Rendered 2381/9880, time remaining: 1m 45s
Rendered 2382/9880, time remaining: 1m 45s
Rendered 2383/9880, time remaining: 1m 45s
Rendered 2384/9880, time remaining: 1m 45s
Rendered 2385/9880, time remaining: 1m 45s
Rendered 2386/9880, time remaining: 1m 44s
Rendered 2387/9880, time remaining: 1m 44s
Rendered 2388/9880, time remaining: 1m 44s
Rendered 2389/9880, time remaining: 1m 44s
Rendered 2390/9880, time remaining: 1m 44s
Rendered 2391/9880, time remaining: 1m 44s
Rendered 2392/9880, time remaining: 1m 44s
Rendered 2393/9880, time remaining: 1m 44s
Rendered 2394/9880, time remaining: 1m 45s
Rendered 2395/9880, time remaining: 1m 44s
Rendered 2396/9880, time remaining: 1m 45s
Rendered 2397/9880, time remaining: 1m 45s
Rendered 2398/9880, time remaining: 1m 45s
Rendered 2399/9880, time remaining: 1m 45s
Rendered 2400/9880, time remaining: 1m 45s
Rendered 2401/9880, time remaining: 1m 46s
Rendered 2402/9880, time remaining: 1m 46s
Rendered 2403/9880, time remaining: 1m 46s
Rendered 2404/9880, time remaining: 1m 46s
Rendered 2405/9880, time remaining: 1m 46s
Rendered 2406/9880, time remaining: 1m 47s
Rendered 2407/9880, time remaining: 1m 47s
Rendered 2408/9880, time remaining: 1m 47s
Rendered 2409/9880, time remaining: 1m 47s
Rendered 2410/9880, time remaining: 1m 47s
Rendered 2411/9880, time remaining: 1m 45s
Rendered 2412/9880, time remaining: 1m 45s
Rendered 2413/9880, time remaining: 1m 45s
Rendered 2414/9880, time remaining: 1m 45s
Rendered 2415/9880, time remaining: 1m 46s
Rendered 2416/9880, time remaining: 1m 45s
Rendered 2417/9880, time remaining: 1m 45s
Rendered 2418/9880, time remaining: 1m 45s
Rendered 2419/9880, time remaining: 1m 45s
Rendered 2420/9880, time remaining: 1m 45s
Rendered 2421/9880, time remaining: 1m 44s
Rendered 2422/9880, time remaining: 1m 44s
Rendered 2423/9880, time remaining: 1m 45s
Rendered 2424/9880, time remaining: 1m 45s
Rendered 2425/9880, time remaining: 1m 45s
Rendered 2426/9880, time remaining: 1m 44s
Rendered 2427/9880, time remaining: 1m 46s
Rendered 2428/9880, time remaining: 1m 46s
Rendered 2429/9880, time remaining: 1m 46s
Rendered 2430/9880, time remaining: 1m 45s
Rendered 2431/9880, time remaining: 1m 44s
Rendered 2432/9880, time remaining: 1m 45s
Rendered 2433/9880, time remaining: 1m 45s
Rendered 2434/9880, time remaining: 1m 45s
Rendered 2435/9880, time remaining: 1m 45s
Rendered 2436/9880, time remaining: 1m 43s
Rendered 2437/9880, time remaining: 1m 45s
Rendered 2438/9880, time remaining: 1m 45s
Rendered 2439/9880, time remaining: 1m 45s
Rendered 2440/9880, time remaining: 1m 45s
Rendered 2441/9880, time remaining: 1m 43s
Rendered 2442/9880, time remaining: 1m 45s
Rendered 2443/9880, time remaining: 1m 45s
Rendered 2444/9880, time remaining: 1m 45s
Rendered 2445/9880, time remaining: 1m 45s
Rendered 2446/9880, time remaining: 1m 42s
Rendered 2447/9880, time remaining: 1m 45s
Rendered 2448/9880, time remaining: 1m 45s
Rendered 2449/9880, time remaining: 1m 45s
Rendered 2450/9880, time remaining: 1m 45s
Rendered 2451/9880, time remaining: 1m 42s
Rendered 2452/9880, time remaining: 1m 45s
Rendered 2453/9880, time remaining: 1m 45s
Rendered 2454/9880, time remaining: 1m 45s
Rendered 2455/9880, time remaining: 1m 45s
Rendered 2456/9880, time remaining: 1m 41s
Rendered 2457/9880, time remaining: 1m 44s
Rendered 2458/9880, time remaining: 1m 44s
Rendered 2459/9880, time remaining: 1m 44s
Rendered 2460/9880, time remaining: 1m 44s
Rendered 2461/9880, time remaining: 1m 41s
Rendered 2462/9880, time remaining: 1m 43s
Rendered 2463/9880, time remaining: 1m 43s
Rendered 2464/9880, time remaining: 1m 43s
Rendered 2465/9880, time remaining: 1m 43s
Rendered 2466/9880, time remaining: 1m 41s
Rendered 2467/9880, time remaining: 1m 43s
Rendered 2468/9880, time remaining: 1m 43s
Rendered 2469/9880, time remaining: 1m 43s
Rendered 2470/9880, time remaining: 1m 43s
Rendered 2471/9880, time remaining: 1m 41s
Rendered 2472/9880, time remaining: 1m 43s
Rendered 2473/9880, time remaining: 1m 43s
Rendered 2474/9880, time remaining: 1m 43s
Rendered 2475/9880, time remaining: 1m 43s
Rendered 2476/9880, time remaining: 1m 40s
Rendered 2477/9880, time remaining: 1m 43s
Rendered 2478/9880, time remaining: 1m 43s
Rendered 2479/9880, time remaining: 1m 43s
Rendered 2480/9880, time remaining: 1m 43s
Rendered 2481/9880, time remaining: 1m 40s
Rendered 2482/9880, time remaining: 1m 43s
Rendered 2483/9880, time remaining: 1m 43s
Rendered 2484/9880, time remaining: 1m 43s
Rendered 2485/9880, time remaining: 1m 43s
Rendered 2486/9880, time remaining: 1m 40s
Rendered 2487/9880, time remaining: 1m 43s
Rendered 2488/9880, time remaining: 1m 43s
Rendered 2489/9880, time remaining: 1m 43s
Rendered 2490/9880, time remaining: 1m 43s
Rendered 2491/9880, time remaining: 1m 40s
Rendered 2492/9880, time remaining: 1m 43s
Rendered 2493/9880, time remaining: 1m 43s
Rendered 2494/9880, time remaining: 1m 43s
Rendered 2495/9880, time remaining: 1m 43s
Rendered 2496/9880, time remaining: 1m 40s
Rendered 2497/9880, time remaining: 1m 44s
Rendered 2498/9880, time remaining: 1m 44s
Rendered 2499/9880, time remaining: 1m 44s
Rendered 2500/9880, time remaining: 1m 44s
Rendered 2501/9880, time remaining: 1m 41s
Rendered 2502/9880, time remaining: 1m 44s
Rendered 2503/9880, time remaining: 1m 44s
Rendered 2504/9880, time remaining: 1m 44s
Rendered 2505/9880, time remaining: 1m 44s
Rendered 2506/9880, time remaining: 1m 41s
Rendered 2507/9880, time remaining: 1m 43s
Rendered 2508/9880, time remaining: 1m 43s
Rendered 2509/9880, time remaining: 1m 43s
Rendered 2510/9880, time remaining: 1m 43s
Rendered 2511/9880, time remaining: 1m 40s
Rendered 2512/9880, time remaining: 1m 43s
Rendered 2513/9880, time remaining: 1m 43s
Rendered 2514/9880, time remaining: 1m 43s
Rendered 2515/9880, time remaining: 1m 42s
Rendered 2516/9880, time remaining: 1m 40s
Rendered 2517/9880, time remaining: 1m 43s
Rendered 2518/9880, time remaining: 1m 43s
Rendered 2519/9880, time remaining: 1m 43s
Rendered 2520/9880, time remaining: 1m 42s
Rendered 2521/9880, time remaining: 1m 40s
Rendered 2522/9880, time remaining: 1m 43s
Rendered 2523/9880, time remaining: 1m 42s
Rendered 2524/9880, time remaining: 1m 42s
Rendered 2525/9880, time remaining: 1m 42s
Rendered 2526/9880, time remaining: 1m 40s
Rendered 2527/9880, time remaining: 1m 42s
Rendered 2528/9880, time remaining: 1m 42s
Rendered 2529/9880, time remaining: 1m 42s
Rendered 2530/9880, time remaining: 1m 42s
Rendered 2531/9880, time remaining: 1m 40s
Rendered 2532/9880, time remaining: 1m 42s
Rendered 2533/9880, time remaining: 1m 42s
Rendered 2534/9880, time remaining: 1m 42s
Rendered 2535/9880, time remaining: 1m 42s
Rendered 2536/9880, time remaining: 1m 40s
Rendered 2537/9880, time remaining: 1m 42s
Rendered 2538/9880, time remaining: 1m 42s
Rendered 2539/9880, time remaining: 1m 42s
Rendered 2540/9880, time remaining: 1m 42s
Rendered 2541/9880, time remaining: 1m 40s
Rendered 2542/9880, time remaining: 1m 42s
Rendered 2543/9880, time remaining: 1m 42s
Rendered 2544/9880, time remaining: 1m 42s
Rendered 2545/9880, time remaining: 1m 42s
Rendered 2546/9880, time remaining: 1m 38s
Rendered 2547/9880, time remaining: 1m 40s
Rendered 2548/9880, time remaining: 1m 40s
Rendered 2549/9880, time remaining: 1m 41s
Rendered 2550/9880, time remaining: 1m 41s
Rendered 2551/9880, time remaining: 1m 38s
Rendered 2552/9880, time remaining: 1m 39s
Rendered 2553/9880, time remaining: 1m 39s
Rendered 2554/9880, time remaining: 1m 41s
Rendered 2555/9880, time remaining: 1m 40s
Rendered 2556/9880, time remaining: 1m 37s
Rendered 2557/9880, time remaining: 1m 38s
Rendered 2558/9880, time remaining: 1m 38s
Rendered 2559/9880, time remaining: 1m 40s
Rendered 2560/9880, time remaining: 1m 39s
Rendered 2561/9880, time remaining: 1m 37s
Rendered 2562/9880, time remaining: 1m 38s
Rendered 2563/9880, time remaining: 1m 38s
Rendered 2564/9880, time remaining: 1m 40s
Rendered 2565/9880, time remaining: 1m 39s
Rendered 2566/9880, time remaining: 1m 37s
Rendered 2567/9880, time remaining: 1m 38s
Rendered 2568/9880, time remaining: 1m 38s
Rendered 2569/9880, time remaining: 1m 40s
Rendered 2570/9880, time remaining: 1m 39s
Rendered 2571/9880, time remaining: 1m 37s
Rendered 2572/9880, time remaining: 1m 39s
Rendered 2573/9880, time remaining: 1m 37s
Rendered 2574/9880, time remaining: 1m 39s
Rendered 2575/9880, time remaining: 1m 39s
Rendered 2576/9880, time remaining: 1m 38s
Rendered 2577/9880, time remaining: 1m 37s
Rendered 2578/9880, time remaining: 1m 37s
Rendered 2579/9880, time remaining: 1m 39s
Rendered 2580/9880, time remaining: 1m 39s
Rendered 2581/9880, time remaining: 1m 37s
Rendered 2582/9880, time remaining: 1m 37s
Rendered 2583/9880, time remaining: 1m 37s
Rendered 2584/9880, time remaining: 1m 39s
Rendered 2585/9880, time remaining: 1m 39s
Rendered 2586/9880, time remaining: 1m 38s
Rendered 2587/9880, time remaining: 1m 37s
Rendered 2588/9880, time remaining: 1m 37s
Rendered 2589/9880, time remaining: 1m 39s
Rendered 2590/9880, time remaining: 1m 39s
Rendered 2591/9880, time remaining: 1m 38s
Rendered 2592/9880, time remaining: 1m 37s
Rendered 2593/9880, time remaining: 1m 37s
Rendered 2594/9880, time remaining: 1m 39s
Rendered 2595/9880, time remaining: 1m 39s
Rendered 2596/9880, time remaining: 1m 38s
Rendered 2597/9880, time remaining: 1m 37s
Rendered 2598/9880, time remaining: 1m 37s
Rendered 2599/9880, time remaining: 1m 39s
Rendered 2600/9880, time remaining: 1m 39s
Rendered 2601/9880, time remaining: 1m 38s
Rendered 2602/9880, time remaining: 1m 37s
Rendered 2603/9880, time remaining: 1m 37s
Rendered 2604/9880, time remaining: 1m 39s
Rendered 2605/9880, time remaining: 1m 39s
Rendered 2606/9880, time remaining: 1m 38s
Rendered 2607/9880, time remaining: 1m 37s
Rendered 2608/9880, time remaining: 1m 37s
Rendered 2609/9880, time remaining: 1m 39s
Rendered 2610/9880, time remaining: 1m 39s
Rendered 2611/9880, time remaining: 1m 38s
Rendered 2612/9880, time remaining: 1m 37s
Rendered 2613/9880, time remaining: 1m 37s
Rendered 2614/9880, time remaining: 1m 38s
Rendered 2615/9880, time remaining: 1m 39s
Rendered 2616/9880, time remaining: 1m 39s
Rendered 2617/9880, time remaining: 1m 37s
Rendered 2618/9880, time remaining: 1m 37s
Rendered 2619/9880, time remaining: 1m 38s
Rendered 2620/9880, time remaining: 1m 38s
Rendered 2621/9880, time remaining: 1m 38s
Rendered 2622/9880, time remaining: 1m 37s
Rendered 2623/9880, time remaining: 1m 37s
Rendered 2624/9880, time remaining: 1m 37s
Rendered 2625/9880, time remaining: 1m 38s
Rendered 2626/9880, time remaining: 1m 38s
Rendered 2627/9880, time remaining: 1m 37s
Rendered 2628/9880, time remaining: 1m 37s
Rendered 2629/9880, time remaining: 1m 37s
Rendered 2630/9880, time remaining: 1m 38s
Rendered 2631/9880, time remaining: 1m 38s
Rendered 2632/9880, time remaining: 1m 37s
Rendered 2633/9880, time remaining: 1m 37s
Rendered 2634/9880, time remaining: 1m 37s
Rendered 2635/9880, time remaining: 1m 38s
Rendered 2636/9880, time remaining: 1m 39s
Rendered 2637/9880, time remaining: 1m 37s
Rendered 2638/9880, time remaining: 1m 37s
Rendered 2639/9880, time remaining: 1m 37s
Rendered 2640/9880, time remaining: 1m 38s
Rendered 2641/9880, time remaining: 1m 40s
Rendered 2642/9880, time remaining: 1m 37s
Rendered 2643/9880, time remaining: 1m 37s
Rendered 2644/9880, time remaining: 1m 37s
Rendered 2645/9880, time remaining: 1m 37s
Rendered 2646/9880, time remaining: 1m 40s
Rendered 2647/9880, time remaining: 1m 36s
Rendered 2648/9880, time remaining: 1m 36s
Rendered 2649/9880, time remaining: 1m 36s
Rendered 2650/9880, time remaining: 1m 36s
Rendered 2651/9880, time remaining: 1m 39s
Rendered 2652/9880, time remaining: 1m 35s
Rendered 2653/9880, time remaining: 1m 35s
Rendered 2654/9880, time remaining: 1m 35s
Rendered 2655/9880, time remaining: 1m 36s
Rendered 2656/9880, time remaining: 1m 38s
Rendered 2657/9880, time remaining: 1m 35s
Rendered 2658/9880, time remaining: 1m 35s
Rendered 2659/9880, time remaining: 1m 35s
Rendered 2660/9880, time remaining: 1m 35s
Rendered 2661/9880, time remaining: 1m 37s
Rendered 2662/9880, time remaining: 1m 35s
Rendered 2663/9880, time remaining: 1m 35s
Rendered 2664/9880, time remaining: 1m 35s
Rendered 2665/9880, time remaining: 1m 36s
Rendered 2666/9880, time remaining: 1m 38s
Rendered 2667/9880, time remaining: 1m 35s
Rendered 2668/9880, time remaining: 1m 35s
Rendered 2669/9880, time remaining: 1m 35s
Rendered 2670/9880, time remaining: 1m 35s
Rendered 2671/9880, time remaining: 1m 38s
Rendered 2672/9880, time remaining: 1m 35s
Rendered 2673/9880, time remaining: 1m 35s
Rendered 2674/9880, time remaining: 1m 35s
Rendered 2675/9880, time remaining: 1m 35s
Rendered 2676/9880, time remaining: 1m 37s
Rendered 2677/9880, time remaining: 1m 35s
Rendered 2678/9880, time remaining: 1m 35s
Rendered 2679/9880, time remaining: 1m 35s
Rendered 2680/9880, time remaining: 1m 35s
Rendered 2681/9880, time remaining: 1m 37s
Rendered 2682/9880, time remaining: 1m 35s
Rendered 2683/9880, time remaining: 1m 35s
Rendered 2684/9880, time remaining: 1m 35s
Rendered 2685/9880, time remaining: 1m 35s
Rendered 2686/9880, time remaining: 1m 37s
Rendered 2687/9880, time remaining: 1m 35s
Rendered 2688/9880, time remaining: 1m 35s
Rendered 2689/9880, time remaining: 1m 35s
Rendered 2690/9880, time remaining: 1m 35s
Rendered 2691/9880, time remaining: 1m 37s
Rendered 2692/9880, time remaining: 1m 35s
Rendered 2693/9880, time remaining: 1m 35s
Rendered 2694/9880, time remaining: 1m 35s
Rendered 2695/9880, time remaining: 1m 35s
Rendered 2696/9880, time remaining: 1m 37s
Rendered 2697/9880, time remaining: 1m 35s
Rendered 2698/9880, time remaining: 1m 35s
Rendered 2699/9880, time remaining: 1m 34s
Rendered 2700/9880, time remaining: 1m 35s
Rendered 2701/9880, time remaining: 1m 38s
Rendered 2702/9880, time remaining: 1m 37s
Rendered 2703/9880, time remaining: 1m 37s
Rendered 2704/9880, time remaining: 1m 35s
Rendered 2705/9880, time remaining: 1m 35s
Rendered 2706/9880, time remaining: 1m 38s
Rendered 2707/9880, time remaining: 1m 36s
Rendered 2708/9880, time remaining: 1m 36s
Rendered 2709/9880, time remaining: 1m 35s
Rendered 2710/9880, time remaining: 1m 35s
Rendered 2711/9880, time remaining: 1m 38s
Rendered 2712/9880, time remaining: 1m 36s
Rendered 2713/9880, time remaining: 1m 36s
Rendered 2714/9880, time remaining: 1m 35s
Rendered 2715/9880, time remaining: 1m 35s
Rendered 2716/9880, time remaining: 1m 38s
Rendered 2717/9880, time remaining: 1m 36s
Rendered 2718/9880, time remaining: 1m 36s
Rendered 2719/9880, time remaining: 1m 35s
Rendered 2720/9880, time remaining: 1m 35s
Rendered 2721/9880, time remaining: 1m 38s
Rendered 2722/9880, time remaining: 1m 36s
Rendered 2723/9880, time remaining: 1m 36s
Rendered 2724/9880, time remaining: 1m 34s
Rendered 2725/9880, time remaining: 1m 35s
Rendered 2726/9880, time remaining: 1m 37s
Rendered 2727/9880, time remaining: 1m 36s
Rendered 2728/9880, time remaining: 1m 37s
Rendered 2729/9880, time remaining: 1m 35s
Rendered 2730/9880, time remaining: 1m 35s
Rendered 2731/9880, time remaining: 1m 37s
Rendered 2732/9880, time remaining: 1m 36s
Rendered 2733/9880, time remaining: 1m 37s
Rendered 2734/9880, time remaining: 1m 35s
Rendered 2735/9880, time remaining: 1m 35s
Rendered 2736/9880, time remaining: 1m 37s
Rendered 2737/9880, time remaining: 1m 36s
Rendered 2738/9880, time remaining: 1m 36s
Rendered 2739/9880, time remaining: 1m 35s
Rendered 2740/9880, time remaining: 1m 35s
Rendered 2741/9880, time remaining: 1m 36s
Rendered 2742/9880, time remaining: 1m 37s
Rendered 2743/9880, time remaining: 1m 37s
Rendered 2744/9880, time remaining: 1m 35s
Rendered 2745/9880, time remaining: 1m 35s
Rendered 2746/9880, time remaining: 1m 36s
Rendered 2747/9880, time remaining: 1m 37s
Rendered 2748/9880, time remaining: 1m 36s
Rendered 2749/9880, time remaining: 1m 35s
Rendered 2750/9880, time remaining: 1m 35s
Rendered 2751/9880, time remaining: 1m 35s
Rendered 2752/9880, time remaining: 1m 36s
Rendered 2753/9880, time remaining: 1m 36s
Rendered 2754/9880, time remaining: 1m 34s
Rendered 2755/9880, time remaining: 1m 34s
Rendered 2756/9880, time remaining: 1m 35s
Rendered 2757/9880, time remaining: 1m 36s
Rendered 2758/9880, time remaining: 1m 36s
Rendered 2759/9880, time remaining: 1m 34s
Rendered 2760/9880, time remaining: 1m 34s
Rendered 2761/9880, time remaining: 1m 35s
Rendered 2762/9880, time remaining: 1m 36s
Rendered 2763/9880, time remaining: 1m 36s
Rendered 2764/9880, time remaining: 1m 35s
Rendered 2765/9880, time remaining: 1m 34s
Rendered 2766/9880, time remaining: 1m 34s
Rendered 2767/9880, time remaining: 1m 36s
Rendered 2768/9880, time remaining: 1m 36s
Rendered 2769/9880, time remaining: 1m 35s
Rendered 2770/9880, time remaining: 1m 34s
Rendered 2771/9880, time remaining: 1m 34s
Rendered 2772/9880, time remaining: 1m 36s
Rendered 2773/9880, time remaining: 1m 36s
Rendered 2774/9880, time remaining: 1m 36s
Rendered 2775/9880, time remaining: 1m 34s
Rendered 2776/9880, time remaining: 1m 34s
Rendered 2777/9880, time remaining: 1m 36s
Rendered 2778/9880, time remaining: 1m 36s
Rendered 2779/9880, time remaining: 1m 36s
Rendered 2780/9880, time remaining: 1m 34s
Rendered 2781/9880, time remaining: 1m 34s
Rendered 2782/9880, time remaining: 1m 36s
Rendered 2783/9880, time remaining: 1m 36s
Rendered 2784/9880, time remaining: 1m 36s
Rendered 2785/9880, time remaining: 1m 34s
Rendered 2786/9880, time remaining: 1m 33s
Rendered 2787/9880, time remaining: 1m 36s
Rendered 2788/9880, time remaining: 1m 36s
Rendered 2789/9880, time remaining: 1m 35s
Rendered 2790/9880, time remaining: 1m 34s
Rendered 2791/9880, time remaining: 1m 32s
Rendered 2792/9880, time remaining: 1m 35s
Rendered 2793/9880, time remaining: 1m 36s
Rendered 2794/9880, time remaining: 1m 35s
Rendered 2795/9880, time remaining: 1m 35s
Rendered 2796/9880, time remaining: 1m 32s
Rendered 2797/9880, time remaining: 1m 35s
Rendered 2798/9880, time remaining: 1m 35s
Rendered 2799/9880, time remaining: 1m 35s
Rendered 2800/9880, time remaining: 1m 35s
Rendered 2801/9880, time remaining: 1m 32s
Rendered 2802/9880, time remaining: 1m 35s
Rendered 2803/9880, time remaining: 1m 35s
Rendered 2804/9880, time remaining: 1m 35s
Rendered 2805/9880, time remaining: 1m 35s
Rendered 2806/9880, time remaining: 1m 32s
Rendered 2807/9880, time remaining: 1m 35s
Rendered 2808/9880, time remaining: 1m 35s
Rendered 2809/9880, time remaining: 1m 35s
Rendered 2810/9880, time remaining: 1m 35s
Rendered 2811/9880, time remaining: 1m 32s
Rendered 2812/9880, time remaining: 1m 35s
Rendered 2813/9880, time remaining: 1m 35s
Rendered 2814/9880, time remaining: 1m 35s
Rendered 2815/9880, time remaining: 1m 35s
Rendered 2816/9880, time remaining: 1m 32s
Rendered 2817/9880, time remaining: 1m 35s
Rendered 2818/9880, time remaining: 1m 35s
Rendered 2819/9880, time remaining: 1m 35s
Rendered 2820/9880, time remaining: 1m 35s
Rendered 2821/9880, time remaining: 1m 32s
Rendered 2822/9880, time remaining: 1m 35s
Rendered 2823/9880, time remaining: 1m 35s
Rendered 2824/9880, time remaining: 1m 35s
Rendered 2825/9880, time remaining: 1m 35s
Rendered 2826/9880, time remaining: 1m 32s
Rendered 2827/9880, time remaining: 1m 35s
Rendered 2828/9880, time remaining: 1m 35s
Rendered 2829/9880, time remaining: 1m 35s
Rendered 2830/9880, time remaining: 1m 34s
Rendered 2831/9880, time remaining: 1m 32s
Rendered 2832/9880, time remaining: 1m 35s
Rendered 2833/9880, time remaining: 1m 35s
Rendered 2834/9880, time remaining: 1m 35s
Rendered 2835/9880, time remaining: 1m 34s
Rendered 2836/9880, time remaining: 1m 32s
Rendered 2837/9880, time remaining: 1m 35s
Rendered 2838/9880, time remaining: 1m 35s
Rendered 2839/9880, time remaining: 1m 35s
Rendered 2840/9880, time remaining: 1m 34s
Rendered 2841/9880, time remaining: 1m 32s
Rendered 2842/9880, time remaining: 1m 35s
Rendered 2843/9880, time remaining: 1m 35s
Rendered 2844/9880, time remaining: 1m 35s
Rendered 2845/9880, time remaining: 1m 34s
Rendered 2846/9880, time remaining: 1m 32s
Rendered 2847/9880, time remaining: 1m 35s
Rendered 2848/9880, time remaining: 1m 35s
Rendered 2849/9880, time remaining: 1m 35s
Rendered 2850/9880, time remaining: 1m 34s
Rendered 2851/9880, time remaining: 1m 31s
Rendered 2852/9880, time remaining: 1m 34s
Rendered 2853/9880, time remaining: 1m 34s
Rendered 2854/9880, time remaining: 1m 34s
Rendered 2855/9880, time remaining: 1m 33s
Rendered 2856/9880, time remaining: 1m 31s
Rendered 2857/9880, time remaining: 1m 34s
Rendered 2858/9880, time remaining: 1m 34s
Rendered 2859/9880, time remaining: 1m 33s
Rendered 2860/9880, time remaining: 1m 33s
Rendered 2861/9880, time remaining: 1m 31s
Rendered 2862/9880, time remaining: 1m 34s
Rendered 2863/9880, time remaining: 1m 34s
Rendered 2864/9880, time remaining: 1m 34s
Rendered 2865/9880, time remaining: 1m 33s
Rendered 2866/9880, time remaining: 1m 31s
Rendered 2867/9880, time remaining: 1m 34s
Rendered 2868/9880, time remaining: 1m 34s
Rendered 2869/9880, time remaining: 1m 34s
Rendered 2870/9880, time remaining: 1m 33s
Rendered 2871/9880, time remaining: 1m 31s
Rendered 2872/9880, time remaining: 1m 34s
Rendered 2873/9880, time remaining: 1m 34s
Rendered 2874/9880, time remaining: 1m 34s
Rendered 2875/9880, time remaining: 1m 33s
Rendered 2876/9880, time remaining: 1m 31s
Rendered 2877/9880, time remaining: 1m 34s
Rendered 2878/9880, time remaining: 1m 33s
Rendered 2879/9880, time remaining: 1m 33s
Rendered 2880/9880, time remaining: 1m 33s
Rendered 2881/9880, time remaining: 1m 31s
Rendered 2882/9880, time remaining: 1m 34s
Rendered 2883/9880, time remaining: 1m 33s
Rendered 2884/9880, time remaining: 1m 33s
Rendered 2885/9880, time remaining: 1m 33s
Rendered 2886/9880, time remaining: 1m 31s
Rendered 2887/9880, time remaining: 1m 35s
Rendered 2888/9880, time remaining: 1m 34s
Rendered 2889/9880, time remaining: 1m 34s
Rendered 2890/9880, time remaining: 1m 34s
Rendered 2891/9880, time remaining: 1m 32s
Rendered 2892/9880, time remaining: 1m 33s
Rendered 2893/9880, time remaining: 1m 33s
Rendered 2894/9880, time remaining: 1m 33s
Rendered 2895/9880, time remaining: 1m 33s
Rendered 2896/9880, time remaining: 1m 32s
Rendered 2897/9880, time remaining: 1m 33s
Rendered 2898/9880, time remaining: 1m 33s
Rendered 2899/9880, time remaining: 1m 33s
Rendered 2900/9880, time remaining: 1m 33s
Rendered 2901/9880, time remaining: 1m 33s
Rendered 2902/9880, time remaining: 1m 34s
Rendered 2903/9880, time remaining: 1m 34s
Rendered 2904/9880, time remaining: 1m 34s
Rendered 2905/9880, time remaining: 1m 34s
Rendered 2906/9880, time remaining: 1m 33s
Rendered 2907/9880, time remaining: 1m 33s
Rendered 2908/9880, time remaining: 1m 34s
Rendered 2909/9880, time remaining: 1m 34s
Rendered 2910/9880, time remaining: 1m 33s
Rendered 2911/9880, time remaining: 1m 33s
Rendered 2912/9880, time remaining: 1m 33s
Rendered 2913/9880, time remaining: 1m 34s
Rendered 2914/9880, time remaining: 1m 33s
Rendered 2915/9880, time remaining: 1m 33s
Rendered 2916/9880, time remaining: 1m 33s
Rendered 2917/9880, time remaining: 1m 33s
Rendered 2918/9880, time remaining: 1m 33s
Rendered 2919/9880, time remaining: 1m 33s
Rendered 2920/9880, time remaining: 1m 33s
Rendered 2921/9880, time remaining: 1m 33s
Rendered 2922/9880, time remaining: 1m 33s
Rendered 2923/9880, time remaining: 1m 33s
Rendered 2924/9880, time remaining: 1m 33s
Rendered 2925/9880, time remaining: 1m 33s
Rendered 2926/9880, time remaining: 1m 33s
Rendered 2927/9880, time remaining: 1m 33s
Rendered 2928/9880, time remaining: 1m 33s
Rendered 2929/9880, time remaining: 1m 33s
Rendered 2930/9880, time remaining: 1m 33s
Rendered 2931/9880, time remaining: 1m 33s
Rendered 2932/9880, time remaining: 1m 33s
Rendered 2933/9880, time remaining: 1m 33s
Rendered 2934/9880, time remaining: 1m 33s
Rendered 2935/9880, time remaining: 1m 33s
Rendered 2936/9880, time remaining: 1m 33s
Rendered 2937/9880, time remaining: 1m 33s
Rendered 2938/9880, time remaining: 1m 33s
Rendered 2939/9880, time remaining: 1m 33s
Rendered 2940/9880, time remaining: 1m 33s
Rendered 2941/9880, time remaining: 1m 33s
Rendered 2942/9880, time remaining: 1m 33s
Rendered 2943/9880, time remaining: 1m 33s
Rendered 2944/9880, time remaining: 1m 33s
Rendered 2945/9880, time remaining: 1m 33s
Rendered 2946/9880, time remaining: 1m 33s
Rendered 2947/9880, time remaining: 1m 33s
Rendered 2948/9880, time remaining: 1m 33s
Rendered 2949/9880, time remaining: 1m 33s
Rendered 2950/9880, time remaining: 1m 33s
Rendered 2951/9880, time remaining: 1m 33s
Rendered 2952/9880, time remaining: 1m 33s
Rendered 2953/9880, time remaining: 1m 33s
Rendered 2954/9880, time remaining: 1m 33s
Rendered 2955/9880, time remaining: 1m 33s
Rendered 2956/9880, time remaining: 1m 33s
Rendered 2957/9880, time remaining: 1m 33s
Rendered 2958/9880, time remaining: 1m 33s
Rendered 2959/9880, time remaining: 1m 33s
Rendered 2960/9880, time remaining: 1m 33s
Rendered 2961/9880, time remaining: 1m 33s
Rendered 2962/9880, time remaining: 1m 33s
Rendered 2963/9880, time remaining: 1m 33s
Rendered 2964/9880, time remaining: 1m 33s
Rendered 2965/9880, time remaining: 1m 32s
Rendered 2966/9880, time remaining: 1m 32s
Rendered 2967/9880, time remaining: 1m 33s
Rendered 2968/9880, time remaining: 1m 32s
Rendered 2969/9880, time remaining: 1m 32s
Rendered 2970/9880, time remaining: 1m 32s
Rendered 2971/9880, time remaining: 1m 32s
Rendered 2972/9880, time remaining: 1m 32s
Rendered 2973/9880, time remaining: 1m 32s
Rendered 2974/9880, time remaining: 1m 32s
Rendered 2975/9880, time remaining: 1m 32s
Rendered 2976/9880, time remaining: 1m 32s
Rendered 2977/9880, time remaining: 1m 32s
Rendered 2978/9880, time remaining: 1m 32s
Rendered 2979/9880, time remaining: 1m 32s
Rendered 2980/9880, time remaining: 1m 32s
Rendered 2981/9880, time remaining: 1m 32s
Rendered 2982/9880, time remaining: 1m 32s
Rendered 2983/9880, time remaining: 1m 32s
Rendered 2984/9880, time remaining: 1m 32s
Rendered 2985/9880, time remaining: 1m 32s
Rendered 2986/9880, time remaining: 1m 32s
Rendered 2987/9880, time remaining: 1m 32s
Rendered 2988/9880, time remaining: 1m 32s
Rendered 2989/9880, time remaining: 1m 32s
Rendered 2990/9880, time remaining: 1m 32s
Rendered 2991/9880, time remaining: 1m 32s
Rendered 2992/9880, time remaining: 1m 32s
Rendered 2993/9880, time remaining: 1m 32s
Rendered 2994/9880, time remaining: 1m 32s
Rendered 2995/9880, time remaining: 1m 32s
Rendered 2996/9880, time remaining: 1m 32s
Rendered 2997/9880, time remaining: 1m 32s
Rendered 2998/9880, time remaining: 1m 32s
Rendered 2999/9880, time remaining: 1m 32s
Rendered 3000/9880, time remaining: 1m 32s
Rendered 3001/9880, time remaining: 1m 32s
Rendered 3002/9880, time remaining: 1m 32s
Rendered 3003/9880, time remaining: 1m 32s
Rendered 3004/9880, time remaining: 1m 32s
Rendered 3005/9880, time remaining: 1m 32s
Rendered 3006/9880, time remaining: 1m 32s
Rendered 3007/9880, time remaining: 1m 32s
Rendered 3008/9880, time remaining: 1m 32s
Rendered 3009/9880, time remaining: 1m 32s
Rendered 3010/9880, time remaining: 1m 32s
Rendered 3011/9880, time remaining: 1m 32s
Rendered 3012/9880, time remaining: 1m 32s
Rendered 3013/9880, time remaining: 1m 32s
Rendered 3014/9880, time remaining: 1m 32s
Rendered 3015/9880, time remaining: 1m 32s
Rendered 3016/9880, time remaining: 1m 32s
Rendered 3017/9880, time remaining: 1m 32s
Rendered 3018/9880, time remaining: 1m 32s
Rendered 3019/9880, time remaining: 1m 32s
Rendered 3020/9880, time remaining: 1m 32s
Rendered 3021/9880, time remaining: 1m 32s
Rendered 3022/9880, time remaining: 1m 31s
Rendered 3023/9880, time remaining: 1m 31s
Rendered 3024/9880, time remaining: 1m 31s
Rendered 3025/9880, time remaining: 1m 32s
Rendered 3026/9880, time remaining: 1m 32s
Rendered 3027/9880, time remaining: 1m 32s
Rendered 3028/9880, time remaining: 1m 32s
Rendered 3029/9880, time remaining: 1m 32s
Rendered 3030/9880, time remaining: 1m 32s
Rendered 3031/9880, time remaining: 1m 32s
Rendered 3032/9880, time remaining: 1m 31s
Rendered 3033/9880, time remaining: 1m 31s
Rendered 3034/9880, time remaining: 1m 31s
Rendered 3035/9880, time remaining: 1m 31s
Rendered 3036/9880, time remaining: 1m 31s
Rendered 3037/9880, time remaining: 1m 31s
Rendered 3038/9880, time remaining: 1m 31s
Rendered 3039/9880, time remaining: 1m 31s
Rendered 3040/9880, time remaining: 1m 31s
Rendered 3041/9880, time remaining: 1m 31s
Rendered 3042/9880, time remaining: 1m 31s
Rendered 3043/9880, time remaining: 1m 31s
Rendered 3044/9880, time remaining: 1m 31s
Rendered 3045/9880, time remaining: 1m 31s
Rendered 3046/9880, time remaining: 1m 31s
Rendered 3047/9880, time remaining: 1m 31s
Rendered 3048/9880, time remaining: 1m 31s
Rendered 3049/9880, time remaining: 1m 31s
Rendered 3050/9880, time remaining: 1m 31s
Rendered 3051/9880, time remaining: 1m 31s
Rendered 3052/9880, time remaining: 1m 31s
Rendered 3053/9880, time remaining: 1m 31s
Rendered 3054/9880, time remaining: 1m 31s
Rendered 3055/9880, time remaining: 1m 31s
Rendered 3056/9880, time remaining: 1m 30s
Rendered 3057/9880, time remaining: 1m 31s
Rendered 3058/9880, time remaining: 1m 31s
Rendered 3059/9880, time remaining: 1m 30s
Rendered 3060/9880, time remaining: 1m 30s
Rendered 3061/9880, time remaining: 1m 30s
Rendered 3062/9880, time remaining: 1m 30s
Rendered 3063/9880, time remaining: 1m 30s
Rendered 3064/9880, time remaining: 1m 30s
Rendered 3065/9880, time remaining: 1m 30s
Rendered 3066/9880, time remaining: 1m 30s
Rendered 3067/9880, time remaining: 1m 30s
Rendered 3068/9880, time remaining: 1m 30s
Rendered 3069/9880, time remaining: 1m 30s
Rendered 3070/9880, time remaining: 1m 30s
Rendered 3071/9880, time remaining: 1m 30s
Rendered 3072/9880, time remaining: 1m 30s
Rendered 3073/9880, time remaining: 1m 30s
Rendered 3074/9880, time remaining: 1m 30s
Rendered 3075/9880, time remaining: 1m 30s
Rendered 3076/9880, time remaining: 1m 30s
Rendered 3077/9880, time remaining: 1m 30s
Rendered 3078/9880, time remaining: 1m 30s
Rendered 3079/9880, time remaining: 1m 30s
Rendered 3080/9880, time remaining: 1m 30s
Rendered 3081/9880, time remaining: 1m 30s
Rendered 3082/9880, time remaining: 1m 30s
Rendered 3083/9880, time remaining: 1m 30s
Rendered 3084/9880, time remaining: 1m 30s
Rendered 3085/9880, time remaining: 1m 30s
Rendered 3086/9880, time remaining: 1m 30s
Rendered 3087/9880, time remaining: 1m 30s
Rendered 3088/9880, time remaining: 1m 30s
Rendered 3089/9880, time remaining: 1m 30s
Rendered 3090/9880, time remaining: 1m 30s
Rendered 3091/9880, time remaining: 1m 30s
Rendered 3092/9880, time remaining: 1m 30s
Rendered 3093/9880, time remaining: 1m 30s
Rendered 3094/9880, time remaining: 1m 30s
Rendered 3095/9880, time remaining: 1m 30s
Rendered 3096/9880, time remaining: 1m 30s
Rendered 3097/9880, time remaining: 1m 30s
Rendered 3098/9880, time remaining: 1m 30s
Rendered 3099/9880, time remaining: 1m 30s
Rendered 3100/9880, time remaining: 1m 30s
Rendered 3101/9880, time remaining: 1m 30s
Rendered 3102/9880, time remaining: 1m 30s
Rendered 3103/9880, time remaining: 1m 30s
Rendered 3104/9880, time remaining: 1m 30s
Rendered 3105/9880, time remaining: 1m 30s
Rendered 3106/9880, time remaining: 1m 30s
Rendered 3107/9880, time remaining: 1m 30s
Rendered 3108/9880, time remaining: 1m 30s
Rendered 3109/9880, time remaining: 1m 30s
Rendered 3110/9880, time remaining: 1m 30s
Rendered 3111/9880, time remaining: 1m 30s
Rendered 3112/9880, time remaining: 1m 30s
Rendered 3113/9880, time remaining: 1m 30s
Rendered 3114/9880, time remaining: 1m 30s
Rendered 3115/9880, time remaining: 1m 30s
Rendered 3116/9880, time remaining: 1m 30s
Rendered 3117/9880, time remaining: 1m 30s
Rendered 3118/9880, time remaining: 1m 30s
Rendered 3119/9880, time remaining: 1m 30s
Rendered 3120/9880, time remaining: 1m 30s
Rendered 3121/9880, time remaining: 1m 30s
Rendered 3122/9880, time remaining: 1m 30s
Rendered 3123/9880, time remaining: 1m 30s
Rendered 3124/9880, time remaining: 1m 30s
Rendered 3125/9880, time remaining: 1m 30s
Rendered 3126/9880, time remaining: 1m 30s
Rendered 3127/9880, time remaining: 1m 30s
Rendered 3128/9880, time remaining: 1m 30s
Rendered 3129/9880, time remaining: 1m 30s
Rendered 3130/9880, time remaining: 1m 30s
Rendered 3131/9880, time remaining: 1m 30s
Rendered 3132/9880, time remaining: 1m 29s
Rendered 3133/9880, time remaining: 1m 29s
Rendered 3134/9880, time remaining: 1m 29s
Rendered 3135/9880, time remaining: 1m 29s
Rendered 3136/9880, time remaining: 1m 29s
Rendered 3137/9880, time remaining: 1m 29s
Rendered 3138/9880, time remaining: 1m 29s
Rendered 3139/9880, time remaining: 1m 29s
Rendered 3140/9880, time remaining: 1m 29s
Rendered 3141/9880, time remaining: 1m 29s
Rendered 3142/9880, time remaining: 1m 29s
Rendered 3143/9880, time remaining: 1m 29s
Rendered 3144/9880, time remaining: 1m 29s
Rendered 3145/9880, time remaining: 1m 29s
Rendered 3146/9880, time remaining: 1m 29s
Rendered 3147/9880, time remaining: 1m 29s
Rendered 3148/9880, time remaining: 1m 29s
Rendered 3149/9880, time remaining: 1m 29s
Rendered 3150/9880, time remaining: 1m 29s
Rendered 3151/9880, time remaining: 1m 29s
Rendered 3152/9880, time remaining: 1m 29s
Rendered 3153/9880, time remaining: 1m 29s
Rendered 3154/9880, time remaining: 1m 29s
Rendered 3155/9880, time remaining: 1m 29s
Rendered 3156/9880, time remaining: 1m 29s
Rendered 3157/9880, time remaining: 1m 29s
Rendered 3158/9880, time remaining: 1m 29s
Rendered 3159/9880, time remaining: 1m 29s
Rendered 3160/9880, time remaining: 1m 29s
Rendered 3161/9880, time remaining: 1m 29s
Rendered 3162/9880, time remaining: 1m 29s
Rendered 3163/9880, time remaining: 1m 29s
Rendered 3164/9880, time remaining: 1m 29s
Rendered 3165/9880, time remaining: 1m 29s
Rendered 3166/9880, time remaining: 1m 29s
Rendered 3167/9880, time remaining: 1m 29s
Rendered 3168/9880, time remaining: 1m 29s
Rendered 3169/9880, time remaining: 1m 29s
Rendered 3170/9880, time remaining: 1m 29s
Rendered 3171/9880, time remaining: 1m 29s
Rendered 3172/9880, time remaining: 1m 29s
Rendered 3173/9880, time remaining: 1m 29s
Rendered 3174/9880, time remaining: 1m 29s
Rendered 3175/9880, time remaining: 1m 29s
Rendered 3176/9880, time remaining: 1m 29s
Rendered 3177/9880, time remaining: 1m 29s
Rendered 3178/9880, time remaining: 1m 29s
Rendered 3179/9880, time remaining: 1m 29s
Rendered 3180/9880, time remaining: 1m 29s
Rendered 3181/9880, time remaining: 1m 29s
Rendered 3182/9880, time remaining: 1m 29s
Rendered 3183/9880, time remaining: 1m 29s
Rendered 3184/9880, time remaining: 1m 29s
Rendered 3185/9880, time remaining: 1m 29s
Rendered 3186/9880, time remaining: 1m 29s
Rendered 3187/9880, time remaining: 1m 29s
Rendered 3188/9880, time remaining: 1m 29s
Rendered 3189/9880, time remaining: 1m 29s
Rendered 3190/9880, time remaining: 1m 29s
Rendered 3191/9880, time remaining: 1m 29s
Rendered 3192/9880, time remaining: 1m 29s
Rendered 3193/9880, time remaining: 1m 29s
Rendered 3194/9880, time remaining: 1m 29s
Rendered 3195/9880, time remaining: 1m 29s
Rendered 3196/9880, time remaining: 1m 29s
Rendered 3197/9880, time remaining: 1m 29s
Rendered 3198/9880, time remaining: 1m 29s
Rendered 3199/9880, time remaining: 1m 29s
Rendered 3200/9880, time remaining: 1m 29s
Rendered 3201/9880, time remaining: 1m 29s
Rendered 3202/9880, time remaining: 1m 29s
Rendered 3203/9880, time remaining: 1m 29s
Rendered 3204/9880, time remaining: 1m 29s
Rendered 3205/9880, time remaining: 1m 29s
Rendered 3206/9880, time remaining: 1m 29s
Rendered 3207/9880, time remaining: 1m 28s
Rendered 3208/9880, time remaining: 1m 28s
Rendered 3209/9880, time remaining: 1m 28s
Rendered 3210/9880, time remaining: 1m 28s
Rendered 3211/9880, time remaining: 1m 28s
Rendered 3212/9880, time remaining: 1m 28s
Rendered 3213/9880, time remaining: 1m 28s
Rendered 3214/9880, time remaining: 1m 28s
Rendered 3215/9880, time remaining: 1m 28s
Rendered 3216/9880, time remaining: 1m 28s
Rendered 3217/9880, time remaining: 1m 28s
Rendered 3218/9880, time remaining: 1m 28s
Rendered 3219/9880, time remaining: 1m 28s
Rendered 3220/9880, time remaining: 1m 28s
Rendered 3221/9880, time remaining: 1m 28s
Rendered 3222/9880, time remaining: 1m 28s
Rendered 3223/9880, time remaining: 1m 28s
Rendered 3224/9880, time remaining: 1m 28s
Rendered 3225/9880, time remaining: 1m 28s
Rendered 3226/9880, time remaining: 1m 28s
Rendered 3227/9880, time remaining: 1m 28s
Rendered 3228/9880, time remaining: 1m 28s
Rendered 3229/9880, time remaining: 1m 28s
Rendered 3230/9880, time remaining: 1m 28s
Rendered 3231/9880, time remaining: 1m 28s
Rendered 3232/9880, time remaining: 1m 28s
Rendered 3233/9880, time remaining: 1m 28s
Rendered 3234/9880, time remaining: 1m 28s
Rendered 3235/9880, time remaining: 1m 28s
Rendered 3236/9880, time remaining: 1m 28s
Rendered 3237/9880, time remaining: 1m 28s
Rendered 3238/9880, time remaining: 1m 28s
Rendered 3239/9880, time remaining: 1m 28s
Rendered 3240/9880, time remaining: 1m 28s
Rendered 3241/9880, time remaining: 1m 28s
Rendered 3242/9880, time remaining: 1m 28s
Rendered 3243/9880, time remaining: 1m 28s
Rendered 3244/9880, time remaining: 1m 28s
Rendered 3245/9880, time remaining: 1m 28s
Rendered 3246/9880, time remaining: 1m 28s
Rendered 3247/9880, time remaining: 1m 28s
Rendered 3248/9880, time remaining: 1m 28s
Rendered 3249/9880, time remaining: 1m 28s
Rendered 3250/9880, time remaining: 1m 28s
Rendered 3251/9880, time remaining: 1m 28s
Rendered 3252/9880, time remaining: 1m 28s
Rendered 3253/9880, time remaining: 1m 28s
Rendered 3254/9880, time remaining: 1m 28s
Rendered 3255/9880, time remaining: 1m 28s
Rendered 3256/9880, time remaining: 1m 28s
Rendered 3257/9880, time remaining: 1m 28s
Rendered 3258/9880, time remaining: 1m 28s
Rendered 3259/9880, time remaining: 1m 28s
Rendered 3260/9880, time remaining: 1m 28s
Rendered 3261/9880, time remaining: 1m 28s
Rendered 3262/9880, time remaining: 1m 28s
Rendered 3263/9880, time remaining: 1m 28s
Rendered 3264/9880, time remaining: 1m 28s
Rendered 3265/9880, time remaining: 1m 28s
Rendered 3266/9880, time remaining: 1m 28s
Rendered 3267/9880, time remaining: 1m 28s
Rendered 3268/9880, time remaining: 1m 28s
Rendered 3269/9880, time remaining: 1m 28s
Rendered 3270/9880, time remaining: 1m 28s
Rendered 3271/9880, time remaining: 1m 28s
Rendered 3272/9880, time remaining: 1m 28s
Rendered 3273/9880, time remaining: 1m 28s
Rendered 3274/9880, time remaining: 1m 28s
Rendered 3275/9880, time remaining: 1m 28s
Rendered 3276/9880, time remaining: 1m 28s
Rendered 3277/9880, time remaining: 1m 28s
Rendered 3278/9880, time remaining: 1m 28s
Rendered 3279/9880, time remaining: 1m 28s
Rendered 3280/9880, time remaining: 1m 28s
Rendered 3281/9880, time remaining: 1m 28s
Rendered 3282/9880, time remaining: 1m 28s
Rendered 3283/9880, time remaining: 1m 28s
Rendered 3284/9880, time remaining: 1m 28s
Rendered 3285/9880, time remaining: 1m 28s
Rendered 3286/9880, time remaining: 1m 28s
Rendered 3287/9880, time remaining: 1m 27s
Rendered 3288/9880, time remaining: 1m 27s
Rendered 3289/9880, time remaining: 1m 27s
Rendered 3290/9880, time remaining: 1m 27s
Rendered 3291/9880, time remaining: 1m 27s
Rendered 3292/9880, time remaining: 1m 27s
Rendered 3293/9880, time remaining: 1m 27s
Rendered 3294/9880, time remaining: 1m 27s
Rendered 3295/9880, time remaining: 1m 27s
Rendered 3296/9880, time remaining: 1m 27s
Rendered 3297/9880, time remaining: 1m 27s
Rendered 3298/9880, time remaining: 1m 28s
Rendered 3299/9880, time remaining: 1m 28s
Rendered 3300/9880, time remaining: 1m 28s
Rendered 3301/9880, time remaining: 1m 28s
Rendered 3302/9880, time remaining: 1m 28s
Rendered 3303/9880, time remaining: 1m 28s
Rendered 3304/9880, time remaining: 1m 28s
Rendered 3305/9880, time remaining: 1m 28s
Rendered 3306/9880, time remaining: 1m 28s
Rendered 3307/9880, time remaining: 1m 28s
Rendered 3308/9880, time remaining: 1m 28s
Rendered 3309/9880, time remaining: 1m 28s
Rendered 3310/9880, time remaining: 1m 28s
Rendered 3311/9880, time remaining: 1m 28s
Rendered 3312/9880, time remaining: 1m 28s
Rendered 3313/9880, time remaining: 1m 28s
Rendered 3314/9880, time remaining: 1m 28s
Rendered 3315/9880, time remaining: 1m 28s
Rendered 3316/9880, time remaining: 1m 28s
Rendered 3317/9880, time remaining: 1m 28s
Rendered 3318/9880, time remaining: 1m 28s
Rendered 3319/9880, time remaining: 1m 28s
Rendered 3320/9880, time remaining: 1m 28s
Rendered 3321/9880, time remaining: 1m 28s
Rendered 3322/9880, time remaining: 1m 28s
Rendered 3323/9880, time remaining: 1m 28s
Rendered 3324/9880, time remaining: 1m 28s
Rendered 3325/9880, time remaining: 1m 28s
Rendered 3326/9880, time remaining: 1m 28s
Rendered 3327/9880, time remaining: 1m 28s
Rendered 3328/9880, time remaining: 1m 28s
Rendered 3329/9880, time remaining: 1m 28s
Rendered 3330/9880, time remaining: 1m 28s
Rendered 3331/9880, time remaining: 1m 28s
Rendered 3332/9880, time remaining: 1m 28s
Rendered 3333/9880, time remaining: 1m 28s
Rendered 3334/9880, time remaining: 1m 28s
Rendered 3335/9880, time remaining: 1m 28s
Rendered 3336/9880, time remaining: 1m 28s
Rendered 3337/9880, time remaining: 1m 28s
Rendered 3338/9880, time remaining: 1m 28s
Rendered 3339/9880, time remaining: 1m 28s
Rendered 3340/9880, time remaining: 1m 28s
Rendered 3341/9880, time remaining: 1m 28s
Rendered 3342/9880, time remaining: 1m 28s
Rendered 3343/9880, time remaining: 1m 28s
Rendered 3344/9880, time remaining: 1m 28s
Rendered 3345/9880, time remaining: 1m 28s
Rendered 3346/9880, time remaining: 1m 28s
Rendered 3347/9880, time remaining: 1m 28s
Rendered 3348/9880, time remaining: 1m 28s
Rendered 3349/9880, time remaining: 1m 28s
Rendered 3350/9880, time remaining: 1m 28s
Rendered 3351/9880, time remaining: 1m 28s
Rendered 3352/9880, time remaining: 1m 28s
Rendered 3353/9880, time remaining: 1m 28s
Rendered 3354/9880, time remaining: 1m 28s
Rendered 3355/9880, time remaining: 1m 28s
Rendered 3356/9880, time remaining: 1m 28s
Rendered 3357/9880, time remaining: 1m 28s
Rendered 3358/9880, time remaining: 1m 28s
Rendered 3359/9880, time remaining: 1m 28s
Rendered 3360/9880, time remaining: 1m 28s
Rendered 3361/9880, time remaining: 1m 28s
Rendered 3362/9880, time remaining: 1m 28s
Rendered 3363/9880, time remaining: 1m 28s
Rendered 3364/9880, time remaining: 1m 28s
Rendered 3365/9880, time remaining: 1m 28s
Rendered 3366/9880, time remaining: 1m 28s
Rendered 3367/9880, time remaining: 1m 28s
Rendered 3368/9880, time remaining: 1m 28s
Rendered 3369/9880, time remaining: 1m 28s
Rendered 3370/9880, time remaining: 1m 28s
Rendered 3371/9880, time remaining: 1m 28s
Rendered 3372/9880, time remaining: 1m 28s
Rendered 3373/9880, time remaining: 1m 28s
Rendered 3374/9880, time remaining: 1m 28s
Rendered 3375/9880, time remaining: 1m 28s
Rendered 3376/9880, time remaining: 1m 28s
Rendered 3377/9880, time remaining: 1m 28s
Rendered 3378/9880, time remaining: 1m 28s
Rendered 3379/9880, time remaining: 1m 28s
Rendered 3380/9880, time remaining: 1m 28s
Rendered 3381/9880, time remaining: 1m 28s
Rendered 3382/9880, time remaining: 1m 28s
Rendered 3383/9880, time remaining: 1m 28s
Rendered 3384/9880, time remaining: 1m 28s
Rendered 3385/9880, time remaining: 1m 28s
Rendered 3386/9880, time remaining: 1m 28s
Rendered 3387/9880, time remaining: 1m 28s
Rendered 3388/9880, time remaining: 1m 28s
Rendered 3389/9880, time remaining: 1m 28s
Rendered 3390/9880, time remaining: 1m 28s
Rendered 3391/9880, time remaining: 1m 28s
Rendered 3392/9880, time remaining: 1m 28s
Rendered 3393/9880, time remaining: 1m 28s
Rendered 3394/9880, time remaining: 1m 28s
Rendered 3395/9880, time remaining: 1m 27s
Rendered 3396/9880, time remaining: 1m 27s
Rendered 3397/9880, time remaining: 1m 27s
Rendered 3398/9880, time remaining: 1m 27s
Rendered 3399/9880, time remaining: 1m 27s
Rendered 3400/9880, time remaining: 1m 27s
Rendered 3401/9880, time remaining: 1m 27s
Rendered 3402/9880, time remaining: 1m 27s
Rendered 3403/9880, time remaining: 1m 27s
Rendered 3404/9880, time remaining: 1m 27s
Rendered 3405/9880, time remaining: 1m 27s
Rendered 3406/9880, time remaining: 1m 27s
Rendered 3407/9880, time remaining: 1m 27s
Rendered 3408/9880, time remaining: 1m 27s
Rendered 3409/9880, time remaining: 1m 27s
Rendered 3410/9880, time remaining: 1m 27s
Rendered 3411/9880, time remaining: 1m 27s
Rendered 3412/9880, time remaining: 1m 27s
Rendered 3413/9880, time remaining: 1m 27s
Rendered 3414/9880, time remaining: 1m 27s
Rendered 3415/9880, time remaining: 1m 27s
Rendered 3416/9880, time remaining: 1m 27s
Rendered 3417/9880, time remaining: 1m 27s
Rendered 3418/9880, time remaining: 1m 27s
Rendered 3419/9880, time remaining: 1m 27s
Rendered 3420/9880, time remaining: 1m 27s
Rendered 3421/9880, time remaining: 1m 27s
Rendered 3422/9880, time remaining: 1m 27s
Rendered 3423/9880, time remaining: 1m 27s
Rendered 3424/9880, time remaining: 1m 27s
Rendered 3425/9880, time remaining: 1m 27s
Rendered 3426/9880, time remaining: 1m 27s
Rendered 3427/9880, time remaining: 1m 27s
Rendered 3428/9880, time remaining: 1m 27s
Rendered 3429/9880, time remaining: 1m 27s
Rendered 3430/9880, time remaining: 1m 27s
Rendered 3431/9880, time remaining: 1m 27s
Rendered 3432/9880, time remaining: 1m 27s
Rendered 3433/9880, time remaining: 1m 27s
Rendered 3434/9880, time remaining: 1m 27s
Rendered 3435/9880, time remaining: 1m 27s
Rendered 3436/9880, time remaining: 1m 27s
Rendered 3437/9880, time remaining: 1m 27s
Rendered 3438/9880, time remaining: 1m 27s
Rendered 3439/9880, time remaining: 1m 27s
Rendered 3440/9880, time remaining: 1m 27s
Rendered 3441/9880, time remaining: 1m 27s
Rendered 3442/9880, time remaining: 1m 27s
Rendered 3443/9880, time remaining: 1m 27s
Rendered 3444/9880, time remaining: 1m 27s
Rendered 3445/9880, time remaining: 1m 27s
Rendered 3446/9880, time remaining: 1m 27s
Rendered 3447/9880, time remaining: 1m 27s
Rendered 3448/9880, time remaining: 1m 26s
Rendered 3449/9880, time remaining: 1m 26s
Rendered 3450/9880, time remaining: 1m 26s
Rendered 3451/9880, time remaining: 1m 27s
Rendered 3452/9880, time remaining: 1m 26s
Rendered 3453/9880, time remaining: 1m 26s
Rendered 3454/9880, time remaining: 1m 26s
Rendered 3455/9880, time remaining: 1m 26s
Rendered 3456/9880, time remaining: 1m 26s
Rendered 3457/9880, time remaining: 1m 26s
Rendered 3458/9880, time remaining: 1m 26s
Rendered 3459/9880, time remaining: 1m 26s
Rendered 3460/9880, time remaining: 1m 26s
Rendered 3461/9880, time remaining: 1m 26s
Rendered 3462/9880, time remaining: 1m 26s
Rendered 3463/9880, time remaining: 1m 26s
Rendered 3464/9880, time remaining: 1m 26s
Rendered 3465/9880, time remaining: 1m 26s
Rendered 3466/9880, time remaining: 1m 26s
Rendered 3467/9880, time remaining: 1m 25s
Rendered 3468/9880, time remaining: 1m 26s
Rendered 3469/9880, time remaining: 1m 26s
Rendered 3470/9880, time remaining: 1m 26s
Rendered 3471/9880, time remaining: 1m 26s
Rendered 3472/9880, time remaining: 1m 25s
Rendered 3473/9880, time remaining: 1m 26s
Rendered 3474/9880, time remaining: 1m 26s
Rendered 3475/9880, time remaining: 1m 26s
Rendered 3476/9880, time remaining: 1m 26s
Rendered 3477/9880, time remaining: 1m 24s
Rendered 3478/9880, time remaining: 1m 26s
Rendered 3479/9880, time remaining: 1m 26s
Rendered 3480/9880, time remaining: 1m 26s
Rendered 3481/9880, time remaining: 1m 26s
Rendered 3482/9880, time remaining: 1m 23s
Rendered 3483/9880, time remaining: 1m 25s
Rendered 3484/9880, time remaining: 1m 25s
Rendered 3485/9880, time remaining: 1m 25s
Rendered 3486/9880, time remaining: 1m 25s
Rendered 3487/9880, time remaining: 1m 23s
Rendered 3488/9880, time remaining: 1m 25s
Rendered 3489/9880, time remaining: 1m 25s
Rendered 3490/9880, time remaining: 1m 25s
Rendered 3491/9880, time remaining: 1m 25s
Rendered 3492/9880, time remaining: 1m 23s
Rendered 3493/9880, time remaining: 1m 25s
Rendered 3494/9880, time remaining: 1m 25s
Rendered 3495/9880, time remaining: 1m 25s
Rendered 3496/9880, time remaining: 1m 25s
Rendered 3497/9880, time remaining: 1m 23s
Rendered 3498/9880, time remaining: 1m 25s
Rendered 3499/9880, time remaining: 1m 25s
Rendered 3500/9880, time remaining: 1m 25s
Rendered 3501/9880, time remaining: 1m 25s
Rendered 3502/9880, time remaining: 1m 23s
Rendered 3503/9880, time remaining: 1m 25s
Rendered 3504/9880, time remaining: 1m 25s
Rendered 3505/9880, time remaining: 1m 25s
Rendered 3506/9880, time remaining: 1m 25s
Rendered 3507/9880, time remaining: 1m 23s
Rendered 3508/9880, time remaining: 1m 25s
Rendered 3509/9880, time remaining: 1m 25s
Rendered 3510/9880, time remaining: 1m 25s
Rendered 3511/9880, time remaining: 1m 25s
Rendered 3512/9880, time remaining: 1m 23s
Rendered 3513/9880, time remaining: 1m 25s
Rendered 3514/9880, time remaining: 1m 25s
Rendered 3515/9880, time remaining: 1m 25s
Rendered 3516/9880, time remaining: 1m 25s
Rendered 3517/9880, time remaining: 1m 23s
Rendered 3518/9880, time remaining: 1m 25s
Rendered 3519/9880, time remaining: 1m 25s
Rendered 3520/9880, time remaining: 1m 25s
Rendered 3521/9880, time remaining: 1m 25s
Rendered 3522/9880, time remaining: 1m 22s
Rendered 3523/9880, time remaining: 1m 25s
Rendered 3524/9880, time remaining: 1m 25s
Rendered 3525/9880, time remaining: 1m 25s
Rendered 3526/9880, time remaining: 1m 25s
Rendered 3527/9880, time remaining: 1m 22s
Rendered 3528/9880, time remaining: 1m 25s
Rendered 3529/9880, time remaining: 1m 25s
Rendered 3530/9880, time remaining: 1m 25s
Rendered 3531/9880, time remaining: 1m 25s
Rendered 3532/9880, time remaining: 1m 22s
Rendered 3533/9880, time remaining: 1m 24s
Rendered 3534/9880, time remaining: 1m 25s
Rendered 3535/9880, time remaining: 1m 25s
Rendered 3536/9880, time remaining: 1m 25s
Rendered 3537/9880, time remaining: 1m 23s
Rendered 3538/9880, time remaining: 1m 23s
Rendered 3539/9880, time remaining: 1m 25s
Rendered 3540/9880, time remaining: 1m 25s
Rendered 3541/9880, time remaining: 1m 25s
Rendered 3542/9880, time remaining: 1m 22s
Rendered 3543/9880, time remaining: 1m 23s
Rendered 3544/9880, time remaining: 1m 25s
Rendered 3545/9880, time remaining: 1m 25s
Rendered 3546/9880, time remaining: 1m 25s
Rendered 3547/9880, time remaining: 1m 22s
Rendered 3548/9880, time remaining: 1m 23s
Rendered 3549/9880, time remaining: 1m 25s
Rendered 3550/9880, time remaining: 1m 25s
Rendered 3551/9880, time remaining: 1m 25s
Rendered 3552/9880, time remaining: 1m 22s
Rendered 3553/9880, time remaining: 1m 23s
Rendered 3554/9880, time remaining: 1m 24s
Rendered 3555/9880, time remaining: 1m 26s
Rendered 3556/9880, time remaining: 1m 26s
Rendered 3557/9880, time remaining: 1m 23s
Rendered 3558/9880, time remaining: 1m 23s
Rendered 3559/9880, time remaining: 1m 24s
Rendered 3560/9880, time remaining: 1m 26s
Rendered 3561/9880, time remaining: 1m 26s
Rendered 3562/9880, time remaining: 1m 23s
Rendered 3563/9880, time remaining: 1m 23s
Rendered 3564/9880, time remaining: 1m 23s
Rendered 3565/9880, time remaining: 1m 26s
Rendered 3566/9880, time remaining: 1m 26s
Rendered 3567/9880, time remaining: 1m 23s
Rendered 3568/9880, time remaining: 1m 23s
Rendered 3569/9880, time remaining: 1m 23s
Rendered 3570/9880, time remaining: 1m 26s
Rendered 3571/9880, time remaining: 1m 26s
Rendered 3572/9880, time remaining: 1m 23s
Rendered 3573/9880, time remaining: 1m 23s
Rendered 3574/9880, time remaining: 1m 23s
Rendered 3575/9880, time remaining: 1m 26s
Rendered 3576/9880, time remaining: 1m 25s
Rendered 3577/9880, time remaining: 1m 23s
Rendered 3578/9880, time remaining: 1m 23s
Rendered 3579/9880, time remaining: 1m 23s
Rendered 3580/9880, time remaining: 1m 26s
Rendered 3581/9880, time remaining: 1m 25s
Rendered 3582/9880, time remaining: 1m 23s
Rendered 3583/9880, time remaining: 1m 23s
Rendered 3584/9880, time remaining: 1m 23s
Rendered 3585/9880, time remaining: 1m 26s
Rendered 3586/9880, time remaining: 1m 25s
Rendered 3587/9880, time remaining: 1m 23s
Rendered 3588/9880, time remaining: 1m 23s
Rendered 3589/9880, time remaining: 1m 23s
Rendered 3590/9880, time remaining: 1m 25s
Rendered 3591/9880, time remaining: 1m 25s
Rendered 3592/9880, time remaining: 1m 23s
Rendered 3593/9880, time remaining: 1m 23s
Rendered 3594/9880, time remaining: 1m 23s
Rendered 3595/9880, time remaining: 1m 26s
Rendered 3596/9880, time remaining: 1m 26s
Rendered 3597/9880, time remaining: 1m 24s
Rendered 3598/9880, time remaining: 1m 24s
Rendered 3599/9880, time remaining: 1m 24s
Rendered 3600/9880, time remaining: 1m 27s
Rendered 3601/9880, time remaining: 1m 26s
Rendered 3602/9880, time remaining: 1m 24s
Rendered 3603/9880, time remaining: 1m 24s
Rendered 3604/9880, time remaining: 1m 24s
Rendered 3605/9880, time remaining: 1m 28s
Rendered 3606/9880, time remaining: 1m 27s
Rendered 3607/9880, time remaining: 1m 25s
Rendered 3608/9880, time remaining: 1m 25s
Rendered 3609/9880, time remaining: 1m 25s
Rendered 3610/9880, time remaining: 1m 28s
Rendered 3611/9880, time remaining: 1m 28s
Rendered 3612/9880, time remaining: 1m 25s
Rendered 3613/9880, time remaining: 1m 25s
Rendered 3614/9880, time remaining: 1m 26s
Rendered 3615/9880, time remaining: 1m 27s
Rendered 3616/9880, time remaining: 1m 28s
Rendered 3617/9880, time remaining: 1m 26s
Rendered 3618/9880, time remaining: 1m 25s
Rendered 3619/9880, time remaining: 1m 25s
Rendered 3620/9880, time remaining: 1m 26s
Rendered 3621/9880, time remaining: 1m 28s
Rendered 3622/9880, time remaining: 1m 26s
Rendered 3623/9880, time remaining: 1m 25s
Rendered 3624/9880, time remaining: 1m 25s
Rendered 3625/9880, time remaining: 1m 26s
Rendered 3626/9880, time remaining: 1m 28s
Rendered 3627/9880, time remaining: 1m 27s
Rendered 3628/9880, time remaining: 1m 25s
Rendered 3629/9880, time remaining: 1m 25s
Rendered 3630/9880, time remaining: 1m 26s
Rendered 3631/9880, time remaining: 1m 28s
Rendered 3632/9880, time remaining: 1m 27s
Rendered 3633/9880, time remaining: 1m 25s
Rendered 3634/9880, time remaining: 1m 25s
Rendered 3635/9880, time remaining: 1m 25s
Rendered 3636/9880, time remaining: 1m 28s
Rendered 3637/9880, time remaining: 1m 27s
Rendered 3638/9880, time remaining: 1m 25s
Rendered 3639/9880, time remaining: 1m 25s
Rendered 3640/9880, time remaining: 1m 25s
Rendered 3641/9880, time remaining: 1m 28s
Rendered 3642/9880, time remaining: 1m 27s
Rendered 3643/9880, time remaining: 1m 25s
Rendered 3644/9880, time remaining: 1m 25s
Rendered 3645/9880, time remaining: 1m 25s
Rendered 3646/9880, time remaining: 1m 27s
Rendered 3647/9880, time remaining: 1m 27s
Rendered 3648/9880, time remaining: 1m 25s
Rendered 3649/9880, time remaining: 1m 25s
Rendered 3650/9880, time remaining: 1m 25s
Rendered 3651/9880, time remaining: 1m 27s
Rendered 3652/9880, time remaining: 1m 27s
Rendered 3653/9880, time remaining: 1m 25s
Rendered 3654/9880, time remaining: 1m 25s
Rendered 3655/9880, time remaining: 1m 25s
Rendered 3656/9880, time remaining: 1m 27s
Rendered 3657/9880, time remaining: 1m 26s
Rendered 3658/9880, time remaining: 1m 25s
Rendered 3659/9880, time remaining: 1m 25s
Rendered 3660/9880, time remaining: 1m 25s
Rendered 3661/9880, time remaining: 1m 27s
Rendered 3662/9880, time remaining: 1m 26s
Rendered 3663/9880, time remaining: 1m 25s
Rendered 3664/9880, time remaining: 1m 25s
Rendered 3665/9880, time remaining: 1m 25s
Rendered 3666/9880, time remaining: 1m 27s
Rendered 3667/9880, time remaining: 1m 26s
Rendered 3668/9880, time remaining: 1m 25s
Rendered 3669/9880, time remaining: 1m 25s
Rendered 3670/9880, time remaining: 1m 25s
Rendered 3671/9880, time remaining: 1m 26s
Rendered 3672/9880, time remaining: 1m 27s
Rendered 3673/9880, time remaining: 1m 25s
Rendered 3674/9880, time remaining: 1m 25s
Rendered 3675/9880, time remaining: 1m 25s
Rendered 3676/9880, time remaining: 1m 26s
Rendered 3677/9880, time remaining: 1m 27s
Rendered 3678/9880, time remaining: 1m 25s
Rendered 3679/9880, time remaining: 1m 25s
Rendered 3680/9880, time remaining: 1m 25s
Rendered 3681/9880, time remaining: 1m 26s
Rendered 3682/9880, time remaining: 1m 27s
Rendered 3683/9880, time remaining: 1m 26s
Rendered 3684/9880, time remaining: 1m 24s
Rendered 3685/9880, time remaining: 1m 24s
Rendered 3686/9880, time remaining: 1m 25s
Rendered 3687/9880, time remaining: 1m 27s
Rendered 3688/9880, time remaining: 1m 26s
Rendered 3689/9880, time remaining: 1m 24s
Rendered 3690/9880, time remaining: 1m 24s
Rendered 3691/9880, time remaining: 1m 25s
Rendered 3692/9880, time remaining: 1m 27s
Rendered 3693/9880, time remaining: 1m 26s
Rendered 3694/9880, time remaining: 1m 24s
Rendered 3695/9880, time remaining: 1m 24s
Rendered 3696/9880, time remaining: 1m 25s
Rendered 3697/9880, time remaining: 1m 27s
Rendered 3698/9880, time remaining: 1m 26s
Rendered 3699/9880, time remaining: 1m 24s
Rendered 3700/9880, time remaining: 1m 24s
Rendered 3701/9880, time remaining: 1m 24s
Rendered 3702/9880, time remaining: 1m 26s
Rendered 3703/9880, time remaining: 1m 26s
Rendered 3704/9880, time remaining: 1m 25s
Rendered 3705/9880, time remaining: 1m 24s
Rendered 3706/9880, time remaining: 1m 24s
Rendered 3707/9880, time remaining: 1m 25s
Rendered 3708/9880, time remaining: 1m 25s
Rendered 3709/9880, time remaining: 1m 25s
Rendered 3710/9880, time remaining: 1m 24s
Rendered 3711/9880, time remaining: 1m 24s
Rendered 3712/9880, time remaining: 1m 25s
Rendered 3713/9880, time remaining: 1m 25s
Rendered 3714/9880, time remaining: 1m 26s
Rendered 3715/9880, time remaining: 1m 24s
Rendered 3716/9880, time remaining: 1m 24s
Rendered 3717/9880, time remaining: 1m 25s
Rendered 3718/9880, time remaining: 1m 25s
Rendered 3719/9880, time remaining: 1m 26s
Rendered 3720/9880, time remaining: 1m 24s
Rendered 3721/9880, time remaining: 1m 24s
Rendered 3722/9880, time remaining: 1m 25s
Rendered 3723/9880, time remaining: 1m 25s
Rendered 3724/9880, time remaining: 1m 26s
Rendered 3725/9880, time remaining: 1m 23s
Rendered 3726/9880, time remaining: 1m 23s
Rendered 3727/9880, time remaining: 1m 25s
Rendered 3728/9880, time remaining: 1m 26s
Rendered 3729/9880, time remaining: 1m 26s
Rendered 3730/9880, time remaining: 1m 24s
Rendered 3731/9880, time remaining: 1m 24s
Rendered 3732/9880, time remaining: 1m 25s
Rendered 3733/9880, time remaining: 1m 26s
Rendered 3734/9880, time remaining: 1m 26s
Rendered 3735/9880, time remaining: 1m 24s
Rendered 3736/9880, time remaining: 1m 24s
Rendered 3737/9880, time remaining: 1m 24s
Rendered 3738/9880, time remaining: 1m 26s
Rendered 3739/9880, time remaining: 1m 26s
Rendered 3740/9880, time remaining: 1m 23s
Rendered 3741/9880, time remaining: 1m 23s
Rendered 3742/9880, time remaining: 1m 24s
Rendered 3743/9880, time remaining: 1m 26s
Rendered 3744/9880, time remaining: 1m 26s
Rendered 3745/9880, time remaining: 1m 22s
Rendered 3746/9880, time remaining: 1m 22s
Rendered 3747/9880, time remaining: 1m 23s
Rendered 3748/9880, time remaining: 1m 25s
Rendered 3749/9880, time remaining: 1m 25s
Rendered 3750/9880, time remaining: 1m 22s
Rendered 3751/9880, time remaining: 1m 22s
Rendered 3752/9880, time remaining: 1m 22s
Rendered 3753/9880, time remaining: 1m 24s
Rendered 3754/9880, time remaining: 1m 24s
Rendered 3755/9880, time remaining: 1m 21s
Rendered 3756/9880, time remaining: 1m 21s
Rendered 3757/9880, time remaining: 1m 21s
Rendered 3758/9880, time remaining: 1m 24s
Rendered 3759/9880, time remaining: 1m 24s
Rendered 3760/9880, time remaining: 1m 20s
Rendered 3761/9880, time remaining: 1m 20s
Rendered 3762/9880, time remaining: 1m 21s
Rendered 3763/9880, time remaining: 1m 23s
Rendered 3764/9880, time remaining: 1m 23s
Rendered 3765/9880, time remaining: 1m 21s
Rendered 3766/9880, time remaining: 1m 20s
Rendered 3767/9880, time remaining: 1m 20s
Rendered 3768/9880, time remaining: 1m 23s
Rendered 3769/9880, time remaining: 1m 22s
Rendered 3770/9880, time remaining: 1m 21s
Rendered 3771/9880, time remaining: 1m 20s
Rendered 3772/9880, time remaining: 1m 20s
Rendered 3773/9880, time remaining: 1m 23s
Rendered 3774/9880, time remaining: 1m 23s
Rendered 3775/9880, time remaining: 1m 23s
Rendered 3776/9880, time remaining: 1m 21s
Rendered 3777/9880, time remaining: 1m 21s
Rendered 3778/9880, time remaining: 1m 24s
Rendered 3779/9880, time remaining: 1m 24s
Rendered 3780/9880, time remaining: 1m 23s
Rendered 3781/9880, time remaining: 1m 21s
Rendered 3782/9880, time remaining: 1m 21s
Rendered 3783/9880, time remaining: 1m 24s
Rendered 3784/9880, time remaining: 1m 24s
Rendered 3785/9880, time remaining: 1m 24s
Rendered 3786/9880, time remaining: 1m 22s
Rendered 3787/9880, time remaining: 1m 22s
Rendered 3788/9880, time remaining: 1m 25s
Rendered 3789/9880, time remaining: 1m 25s
Rendered 3790/9880, time remaining: 1m 25s
Rendered 3791/9880, time remaining: 1m 22s
Rendered 3792/9880, time remaining: 1m 22s
Rendered 3793/9880, time remaining: 1m 26s
Rendered 3794/9880, time remaining: 1m 26s
Rendered 3795/9880, time remaining: 1m 25s
Rendered 3796/9880, time remaining: 1m 23s
Rendered 3797/9880, time remaining: 1m 23s
Rendered 3798/9880, time remaining: 1m 26s
Rendered 3799/9880, time remaining: 1m 26s
Rendered 3800/9880, time remaining: 1m 26s
Rendered 3801/9880, time remaining: 1m 24s
Rendered 3802/9880, time remaining: 1m 24s
Rendered 3803/9880, time remaining: 1m 27s
Rendered 3804/9880, time remaining: 1m 27s
Rendered 3805/9880, time remaining: 1m 26s
Rendered 3806/9880, time remaining: 1m 25s
Rendered 3807/9880, time remaining: 1m 25s
Rendered 3808/9880, time remaining: 1m 27s
Rendered 3809/9880, time remaining: 1m 27s
Rendered 3810/9880, time remaining: 1m 27s
Rendered 3811/9880, time remaining: 1m 25s
Rendered 3812/9880, time remaining: 1m 25s
Rendered 3813/9880, time remaining: 1m 27s
Rendered 3814/9880, time remaining: 1m 27s
Rendered 3815/9880, time remaining: 1m 27s
Rendered 3816/9880, time remaining: 1m 26s
Rendered 3817/9880, time remaining: 1m 26s
Rendered 3818/9880, time remaining: 1m 27s
Rendered 3819/9880, time remaining: 1m 27s
Rendered 3820/9880, time remaining: 1m 27s
Rendered 3821/9880, time remaining: 1m 27s
Rendered 3822/9880, time remaining: 1m 25s
Rendered 3823/9880, time remaining: 1m 27s
Rendered 3824/9880, time remaining: 1m 27s
Rendered 3825/9880, time remaining: 1m 27s
Rendered 3826/9880, time remaining: 1m 26s
Rendered 3827/9880, time remaining: 1m 26s
Rendered 3828/9880, time remaining: 1m 27s
Rendered 3829/9880, time remaining: 1m 27s
Rendered 3830/9880, time remaining: 1m 27s
Rendered 3831/9880, time remaining: 1m 27s
Rendered 3832/9880, time remaining: 1m 25s
Rendered 3833/9880, time remaining: 1m 27s
Rendered 3834/9880, time remaining: 1m 27s
Rendered 3835/9880, time remaining: 1m 27s
Rendered 3836/9880, time remaining: 1m 27s
Rendered 3837/9880, time remaining: 1m 25s
Rendered 3838/9880, time remaining: 1m 27s
Rendered 3839/9880, time remaining: 1m 27s
Rendered 3840/9880, time remaining: 1m 27s
Rendered 3841/9880, time remaining: 1m 27s
Rendered 3842/9880, time remaining: 1m 25s
Rendered 3843/9880, time remaining: 1m 26s
Rendered 3844/9880, time remaining: 1m 26s
Rendered 3845/9880, time remaining: 1m 26s
Rendered 3846/9880, time remaining: 1m 27s
Rendered 3847/9880, time remaining: 1m 25s
Rendered 3848/9880, time remaining: 1m 26s
Rendered 3849/9880, time remaining: 1m 26s
Rendered 3850/9880, time remaining: 1m 26s
Rendered 3851/9880, time remaining: 1m 27s
Rendered 3852/9880, time remaining: 1m 25s
Rendered 3853/9880, time remaining: 1m 27s
Rendered 3854/9880, time remaining: 1m 26s
Rendered 3855/9880, time remaining: 1m 26s
Rendered 3856/9880, time remaining: 1m 27s
Rendered 3857/9880, time remaining: 1m 25s
Rendered 3858/9880, time remaining: 1m 27s
Rendered 3859/9880, time remaining: 1m 26s
Rendered 3860/9880, time remaining: 1m 26s
Rendered 3861/9880, time remaining: 1m 27s
Rendered 3862/9880, time remaining: 1m 25s
Rendered 3863/9880, time remaining: 1m 27s
Rendered 3864/9880, time remaining: 1m 26s
Rendered 3865/9880, time remaining: 1m 26s
Rendered 3866/9880, time remaining: 1m 27s
Rendered 3867/9880, time remaining: 1m 25s
Rendered 3868/9880, time remaining: 1m 27s
Rendered 3869/9880, time remaining: 1m 26s
Rendered 3870/9880, time remaining: 1m 26s
Rendered 3871/9880, time remaining: 1m 27s
Rendered 3872/9880, time remaining: 1m 25s
Rendered 3873/9880, time remaining: 1m 26s
Rendered 3874/9880, time remaining: 1m 26s
Rendered 3875/9880, time remaining: 1m 26s
Rendered 3876/9880, time remaining: 1m 27s
Rendered 3877/9880, time remaining: 1m 25s
Rendered 3878/9880, time remaining: 1m 25s
Rendered 3879/9880, time remaining: 1m 25s
Rendered 3880/9880, time remaining: 1m 25s
Rendered 3881/9880, time remaining: 1m 26s
Rendered 3882/9880, time remaining: 1m 25s
Rendered 3883/9880, time remaining: 1m 25s
Rendered 3884/9880, time remaining: 1m 25s
Rendered 3885/9880, time remaining: 1m 25s
Rendered 3886/9880, time remaining: 1m 26s
Rendered 3887/9880, time remaining: 1m 26s
Rendered 3888/9880, time remaining: 1m 25s
Rendered 3889/9880, time remaining: 1m 25s
Rendered 3890/9880, time remaining: 1m 25s
Rendered 3891/9880, time remaining: 1m 26s
Rendered 3892/9880, time remaining: 1m 26s
Rendered 3893/9880, time remaining: 1m 25s
Rendered 3894/9880, time remaining: 1m 25s
Rendered 3895/9880, time remaining: 1m 25s
Rendered 3896/9880, time remaining: 1m 26s
Rendered 3897/9880, time remaining: 1m 26s
Rendered 3898/9880, time remaining: 1m 25s
Rendered 3899/9880, time remaining: 1m 25s
Rendered 3900/9880, time remaining: 1m 25s
Rendered 3901/9880, time remaining: 1m 26s
Rendered 3902/9880, time remaining: 1m 26s
Rendered 3903/9880, time remaining: 1m 25s
Rendered 3904/9880, time remaining: 1m 25s
Rendered 3905/9880, time remaining: 1m 25s
Rendered 3906/9880, time remaining: 1m 26s
Rendered 3907/9880, time remaining: 1m 26s
Rendered 3908/9880, time remaining: 1m 25s
Rendered 3909/9880, time remaining: 1m 25s
Rendered 3910/9880, time remaining: 1m 25s
Rendered 3911/9880, time remaining: 1m 26s
Rendered 3912/9880, time remaining: 1m 26s
Rendered 3913/9880, time remaining: 1m 25s
Rendered 3914/9880, time remaining: 1m 25s
Rendered 3915/9880, time remaining: 1m 25s
Rendered 3916/9880, time remaining: 1m 26s
Rendered 3917/9880, time remaining: 1m 26s
Rendered 3918/9880, time remaining: 1m 25s
Rendered 3919/9880, time remaining: 1m 25s
Rendered 3920/9880, time remaining: 1m 25s
Rendered 3921/9880, time remaining: 1m 26s
Rendered 3922/9880, time remaining: 1m 25s
Rendered 3923/9880, time remaining: 1m 24s
Rendered 3924/9880, time remaining: 1m 24s
Rendered 3925/9880, time remaining: 1m 24s
Rendered 3926/9880, time remaining: 1m 25s
Rendered 3927/9880, time remaining: 1m 25s
Rendered 3928/9880, time remaining: 1m 23s
Rendered 3929/9880, time remaining: 1m 23s
Rendered 3930/9880, time remaining: 1m 23s
Rendered 3931/9880, time remaining: 1m 24s
Rendered 3932/9880, time remaining: 1m 24s
Rendered 3933/9880, time remaining: 1m 22s
Rendered 3934/9880, time remaining: 1m 22s
Rendered 3935/9880, time remaining: 1m 22s
Rendered 3936/9880, time remaining: 1m 23s
Rendered 3937/9880, time remaining: 1m 23s
Rendered 3938/9880, time remaining: 1m 22s
Rendered 3939/9880, time remaining: 1m 22s
Rendered 3940/9880, time remaining: 1m 22s
Rendered 3941/9880, time remaining: 1m 23s
Rendered 3942/9880, time remaining: 1m 23s
Rendered 3943/9880, time remaining: 1m 21s
Rendered 3944/9880, time remaining: 1m 21s
Rendered 3945/9880, time remaining: 1m 21s
Rendered 3946/9880, time remaining: 1m 22s
Rendered 3947/9880, time remaining: 1m 22s
Rendered 3948/9880, time remaining: 1m 20s
Rendered 3949/9880, time remaining: 1m 20s
Rendered 3950/9880, time remaining: 1m 20s
Rendered 3951/9880, time remaining: 1m 21s
Rendered 3952/9880, time remaining: 1m 21s
Rendered 3953/9880, time remaining: 1m 19s
Rendered 3954/9880, time remaining: 1m 19s
Rendered 3955/9880, time remaining: 1m 19s
Rendered 3956/9880, time remaining: 1m 20s
Rendered 3957/9880, time remaining: 1m 20s
Rendered 3958/9880, time remaining: 1m 19s
Rendered 3959/9880, time remaining: 1m 19s
Rendered 3960/9880, time remaining: 1m 19s
Rendered 3961/9880, time remaining: 1m 20s
Rendered 3962/9880, time remaining: 1m 20s
Rendered 3963/9880, time remaining: 1m 18s
Rendered 3964/9880, time remaining: 1m 18s
Rendered 3965/9880, time remaining: 1m 18s
Rendered 3966/9880, time remaining: 1m 19s
Rendered 3967/9880, time remaining: 1m 19s
Rendered 3968/9880, time remaining: 1m 18s
Rendered 3969/9880, time remaining: 1m 18s
Rendered 3970/9880, time remaining: 1m 18s
Rendered 3971/9880, time remaining: 1m 18s
Rendered 3972/9880, time remaining: 1m 18s
Rendered 3973/9880, time remaining: 1m 18s
Rendered 3974/9880, time remaining: 1m 18s
Rendered 3975/9880, time remaining: 1m 18s
Rendered 3976/9880, time remaining: 1m 19s
Rendered 3977/9880, time remaining: 1m 18s
Rendered 3978/9880, time remaining: 1m 18s
Rendered 3979/9880, time remaining: 1m 19s
Rendered 3980/9880, time remaining: 1m 19s
Rendered 3981/9880, time remaining: 1m 18s
Rendered 3982/9880, time remaining: 1m 18s
Rendered 3983/9880, time remaining: 1m 17s
Rendered 3984/9880, time remaining: 1m 19s
Rendered 3985/9880, time remaining: 1m 19s
Rendered 3986/9880, time remaining: 1m 18s
Rendered 3987/9880, time remaining: 1m 18s
Rendered 3988/9880, time remaining: 1m 17s
Rendered 3989/9880, time remaining: 1m 18s
Rendered 3990/9880, time remaining: 1m 20s
Rendered 3991/9880, time remaining: 1m 18s
Rendered 3992/9880, time remaining: 1m 18s
Rendered 3993/9880, time remaining: 1m 17s
Rendered 3994/9880, time remaining: 1m 18s
Rendered 3995/9880, time remaining: 1m 19s
Rendered 3996/9880, time remaining: 1m 18s
Rendered 3997/9880, time remaining: 1m 18s
Rendered 3998/9880, time remaining: 1m 17s
Rendered 3999/9880, time remaining: 1m 18s
Rendered 4000/9880, time remaining: 1m 19s
Rendered 4001/9880, time remaining: 1m 18s
Rendered 4002/9880, time remaining: 1m 18s
Rendered 4003/9880, time remaining: 1m 17s
Rendered 4004/9880, time remaining: 1m 17s
Rendered 4005/9880, time remaining: 1m 19s
Rendered 4006/9880, time remaining: 1m 18s
Rendered 4007/9880, time remaining: 1m 18s
Rendered 4008/9880, time remaining: 1m 17s
Rendered 4009/9880, time remaining: 1m 17s
Rendered 4010/9880, time remaining: 1m 19s
Rendered 4011/9880, time remaining: 1m 18s
Rendered 4012/9880, time remaining: 1m 18s
Rendered 4013/9880, time remaining: 1m 17s
Rendered 4014/9880, time remaining: 1m 17s
Rendered 4015/9880, time remaining: 1m 20s
Rendered 4016/9880, time remaining: 1m 19s
Rendered 4017/9880, time remaining: 1m 19s
Rendered 4018/9880, time remaining: 1m 18s
Rendered 4019/9880, time remaining: 1m 18s
Rendered 4020/9880, time remaining: 1m 20s
Rendered 4021/9880, time remaining: 1m 19s
Rendered 4022/9880, time remaining: 1m 19s
Rendered 4023/9880, time remaining: 1m 18s
Rendered 4024/9880, time remaining: 1m 18s
Rendered 4025/9880, time remaining: 1m 21s
Rendered 4026/9880, time remaining: 1m 20s
Rendered 4027/9880, time remaining: 1m 20s
Rendered 4028/9880, time remaining: 1m 18s
Rendered 4029/9880, time remaining: 1m 19s
Rendered 4030/9880, time remaining: 1m 22s
Rendered 4031/9880, time remaining: 1m 21s
Rendered 4032/9880, time remaining: 1m 21s
Rendered 4033/9880, time remaining: 1m 19s
Rendered 4034/9880, time remaining: 1m 19s
Rendered 4035/9880, time remaining: 1m 22s
Rendered 4036/9880, time remaining: 1m 21s
Rendered 4037/9880, time remaining: 1m 21s
Rendered 4038/9880, time remaining: 1m 20s
Rendered 4039/9880, time remaining: 1m 20s
Rendered 4040/9880, time remaining: 1m 23s
Rendered 4041/9880, time remaining: 1m 22s
Rendered 4042/9880, time remaining: 1m 22s
Rendered 4043/9880, time remaining: 1m 20s
Rendered 4044/9880, time remaining: 1m 20s
Rendered 4045/9880, time remaining: 1m 24s
Rendered 4046/9880, time remaining: 1m 23s
Rendered 4047/9880, time remaining: 1m 22s
Rendered 4048/9880, time remaining: 1m 21s
Rendered 4049/9880, time remaining: 1m 21s
Rendered 4050/9880, time remaining: 1m 24s
Rendered 4051/9880, time remaining: 1m 23s
Rendered 4052/9880, time remaining: 1m 23s
Rendered 4053/9880, time remaining: 1m 22s
Rendered 4054/9880, time remaining: 1m 22s
Rendered 4055/9880, time remaining: 1m 24s
Rendered 4056/9880, time remaining: 1m 23s
Rendered 4057/9880, time remaining: 1m 23s
Rendered 4058/9880, time remaining: 1m 22s
Rendered 4059/9880, time remaining: 1m 22s
Rendered 4060/9880, time remaining: 1m 25s
Rendered 4061/9880, time remaining: 1m 24s
Rendered 4062/9880, time remaining: 1m 24s
Rendered 4063/9880, time remaining: 1m 23s
Rendered 4064/9880, time remaining: 1m 23s
Rendered 4065/9880, time remaining: 1m 25s
Rendered 4066/9880, time remaining: 1m 24s
Rendered 4067/9880, time remaining: 1m 24s
Rendered 4068/9880, time remaining: 1m 23s
Rendered 4069/9880, time remaining: 1m 23s
Rendered 4070/9880, time remaining: 1m 25s
Rendered 4071/9880, time remaining: 1m 24s
Rendered 4072/9880, time remaining: 1m 24s
Rendered 4073/9880, time remaining: 1m 24s
Rendered 4074/9880, time remaining: 1m 24s
Rendered 4075/9880, time remaining: 1m 25s
Rendered 4076/9880, time remaining: 1m 24s
Rendered 4077/9880, time remaining: 1m 24s
Rendered 4078/9880, time remaining: 1m 24s
Rendered 4079/9880, time remaining: 1m 24s
Rendered 4080/9880, time remaining: 1m 25s
Rendered 4081/9880, time remaining: 1m 24s
Rendered 4082/9880, time remaining: 1m 24s
Rendered 4083/9880, time remaining: 1m 24s
Rendered 4084/9880, time remaining: 1m 24s
Rendered 4085/9880, time remaining: 1m 25s
Rendered 4086/9880, time remaining: 1m 24s
Rendered 4087/9880, time remaining: 1m 24s
Rendered 4088/9880, time remaining: 1m 23s
Rendered 4089/9880, time remaining: 1m 24s
Rendered 4090/9880, time remaining: 1m 25s
Rendered 4091/9880, time remaining: 1m 24s
Rendered 4092/9880, time remaining: 1m 24s
Rendered 4093/9880, time remaining: 1m 23s
Rendered 4094/9880, time remaining: 1m 23s
Rendered 4095/9880, time remaining: 1m 25s
Rendered 4096/9880, time remaining: 1m 24s
Rendered 4097/9880, time remaining: 1m 24s
Rendered 4098/9880, time remaining: 1m 23s
Rendered 4099/9880, time remaining: 1m 23s
Rendered 4100/9880, time remaining: 1m 25s
Rendered 4101/9880, time remaining: 1m 24s
Rendered 4102/9880, time remaining: 1m 24s
Rendered 4103/9880, time remaining: 1m 23s
Rendered 4104/9880, time remaining: 1m 23s
Rendered 4105/9880, time remaining: 1m 26s
Rendered 4106/9880, time remaining: 1m 25s
Rendered 4107/9880, time remaining: 1m 25s
Rendered 4108/9880, time remaining: 1m 23s
Rendered 4109/9880, time remaining: 1m 23s
Rendered 4110/9880, time remaining: 1m 26s
Rendered 4111/9880, time remaining: 1m 25s
Rendered 4112/9880, time remaining: 1m 25s
Rendered 4113/9880, time remaining: 1m 24s
Rendered 4114/9880, time remaining: 1m 24s
Rendered 4115/9880, time remaining: 1m 27s
Rendered 4116/9880, time remaining: 1m 26s
Rendered 4117/9880, time remaining: 1m 26s
Rendered 4118/9880, time remaining: 1m 25s
Rendered 4119/9880, time remaining: 1m 25s
Rendered 4120/9880, time remaining: 1m 28s
Rendered 4121/9880, time remaining: 1m 27s
Rendered 4122/9880, time remaining: 1m 27s
Rendered 4123/9880, time remaining: 1m 25s
Rendered 4124/9880, time remaining: 1m 25s
Rendered 4125/9880, time remaining: 1m 28s
Rendered 4126/9880, time remaining: 1m 27s
Rendered 4127/9880, time remaining: 1m 27s
Rendered 4128/9880, time remaining: 1m 26s
Rendered 4129/9880, time remaining: 1m 25s
Rendered 4130/9880, time remaining: 1m 28s
Rendered 4131/9880, time remaining: 1m 28s
Rendered 4132/9880, time remaining: 1m 28s
Rendered 4133/9880, time remaining: 1m 27s
Rendered 4134/9880, time remaining: 1m 25s
Rendered 4135/9880, time remaining: 1m 28s
Rendered 4136/9880, time remaining: 1m 28s
Rendered 4137/9880, time remaining: 1m 28s
Rendered 4138/9880, time remaining: 1m 28s
Rendered 4139/9880, time remaining: 1m 27s
Rendered 4140/9880, time remaining: 1m 28s
Rendered 4141/9880, time remaining: 1m 28s
Rendered 4142/9880, time remaining: 1m 28s
Rendered 4143/9880, time remaining: 1m 28s
Rendered 4144/9880, time remaining: 1m 28s
Rendered 4145/9880, time remaining: 1m 27s
Rendered 4146/9880, time remaining: 1m 28s
Rendered 4147/9880, time remaining: 1m 28s
Rendered 4148/9880, time remaining: 1m 28s
Rendered 4149/9880, time remaining: 1m 28s
Rendered 4150/9880, time remaining: 1m 27s
Rendered 4151/9880, time remaining: 1m 28s
Rendered 4152/9880, time remaining: 1m 28s
Rendered 4153/9880, time remaining: 1m 28s
Rendered 4154/9880, time remaining: 1m 28s
Rendered 4155/9880, time remaining: 1m 27s
Rendered 4156/9880, time remaining: 1m 28s
Rendered 4157/9880, time remaining: 1m 28s
Rendered 4158/9880, time remaining: 1m 28s
Rendered 4159/9880, time remaining: 1m 28s
Rendered 4160/9880, time remaining: 1m 26s
Rendered 4161/9880, time remaining: 1m 28s
Rendered 4162/9880, time remaining: 1m 28s
Rendered 4163/9880, time remaining: 1m 28s
Rendered 4164/9880, time remaining: 1m 28s
Rendered 4165/9880, time remaining: 1m 25s
Rendered 4166/9880, time remaining: 1m 27s
Rendered 4167/9880, time remaining: 1m 27s
Rendered 4168/9880, time remaining: 1m 27s
Rendered 4169/9880, time remaining: 1m 27s
Rendered 4170/9880, time remaining: 1m 25s
Rendered 4171/9880, time remaining: 1m 27s
Rendered 4172/9880, time remaining: 1m 27s
Rendered 4173/9880, time remaining: 1m 27s
Rendered 4174/9880, time remaining: 1m 27s
Rendered 4175/9880, time remaining: 1m 24s
Rendered 4176/9880, time remaining: 1m 26s
Rendered 4177/9880, time remaining: 1m 26s
Rendered 4178/9880, time remaining: 1m 26s
Rendered 4179/9880, time remaining: 1m 26s
Rendered 4180/9880, time remaining: 1m 23s
Rendered 4181/9880, time remaining: 1m 25s
Rendered 4182/9880, time remaining: 1m 25s
Rendered 4183/9880, time remaining: 1m 25s
Rendered 4184/9880, time remaining: 1m 25s
Rendered 4185/9880, time remaining: 1m 22s
Rendered 4186/9880, time remaining: 1m 25s
Rendered 4187/9880, time remaining: 1m 25s
Rendered 4188/9880, time remaining: 1m 25s
Rendered 4189/9880, time remaining: 1m 24s
Rendered 4190/9880, time remaining: 1m 21s
Rendered 4191/9880, time remaining: 1m 24s
Rendered 4192/9880, time remaining: 1m 24s
Rendered 4193/9880, time remaining: 1m 24s
Rendered 4194/9880, time remaining: 1m 24s
Rendered 4195/9880, time remaining: 1m 21s
Rendered 4196/9880, time remaining: 1m 23s
Rendered 4197/9880, time remaining: 1m 23s
Rendered 4198/9880, time remaining: 1m 23s
Rendered 4199/9880, time remaining: 1m 23s
Rendered 4200/9880, time remaining: 1m 20s
Rendered 4201/9880, time remaining: 1m 22s
Rendered 4202/9880, time remaining: 1m 22s
Rendered 4203/9880, time remaining: 1m 22s
Rendered 4204/9880, time remaining: 1m 22s
Rendered 4205/9880, time remaining: 1m 20s
Rendered 4206/9880, time remaining: 1m 22s
Rendered 4207/9880, time remaining: 1m 22s
Rendered 4208/9880, time remaining: 1m 22s
Rendered 4209/9880, time remaining: 1m 22s
Rendered 4210/9880, time remaining: 1m 19s
Rendered 4211/9880, time remaining: 1m 22s
Rendered 4212/9880, time remaining: 1m 21s
Rendered 4213/9880, time remaining: 1m 21s
Rendered 4214/9880, time remaining: 1m 21s
Rendered 4215/9880, time remaining: 1m 18s
Rendered 4216/9880, time remaining: 1m 21s
Rendered 4217/9880, time remaining: 1m 21s
Rendered 4218/9880, time remaining: 1m 20s
Rendered 4219/9880, time remaining: 1m 20s
Rendered 4220/9880, time remaining: 1m 19s
Rendered 4221/9880, time remaining: 1m 21s
Rendered 4222/9880, time remaining: 1m 21s
Rendered 4223/9880, time remaining: 1m 20s
Rendered 4224/9880, time remaining: 1m 20s
Rendered 4225/9880, time remaining: 1m 18s
Rendered 4226/9880, time remaining: 1m 21s
Rendered 4227/9880, time remaining: 1m 21s
Rendered 4228/9880, time remaining: 1m 20s
Rendered 4229/9880, time remaining: 1m 19s
Rendered 4230/9880, time remaining: 1m 18s
Rendered 4231/9880, time remaining: 1m 21s
Rendered 4232/9880, time remaining: 1m 21s
Rendered 4233/9880, time remaining: 1m 20s
Rendered 4234/9880, time remaining: 1m 20s
Rendered 4235/9880, time remaining: 1m 18s
Rendered 4236/9880, time remaining: 1m 21s
Rendered 4237/9880, time remaining: 1m 21s
Rendered 4238/9880, time remaining: 1m 20s
Rendered 4239/9880, time remaining: 1m 19s
Rendered 4240/9880, time remaining: 1m 18s
Rendered 4241/9880, time remaining: 1m 20s
Rendered 4242/9880, time remaining: 1m 20s
Rendered 4243/9880, time remaining: 1m 20s
Rendered 4244/9880, time remaining: 1m 20s
Rendered 4245/9880, time remaining: 1m 18s
Rendered 4246/9880, time remaining: 1m 20s
Rendered 4247/9880, time remaining: 1m 20s
Rendered 4248/9880, time remaining: 1m 20s
Rendered 4249/9880, time remaining: 1m 20s
Rendered 4250/9880, time remaining: 1m 18s
Rendered 4251/9880, time remaining: 1m 20s
Rendered 4252/9880, time remaining: 1m 20s
Rendered 4253/9880, time remaining: 1m 20s
Rendered 4254/9880, time remaining: 1m 20s
Rendered 4255/9880, time remaining: 1m 17s
Rendered 4256/9880, time remaining: 1m 19s
Rendered 4257/9880, time remaining: 1m 19s
Rendered 4258/9880, time remaining: 1m 19s
Rendered 4259/9880, time remaining: 1m 19s
Rendered 4260/9880, time remaining: 1m 16s
Rendered 4261/9880, time remaining: 1m 18s
Rendered 4262/9880, time remaining: 1m 18s
Rendered 4263/9880, time remaining: 1m 18s
Rendered 4264/9880, time remaining: 1m 18s
Rendered 4265/9880, time remaining: 1m 15s
Rendered 4266/9880, time remaining: 1m 18s
Rendered 4267/9880, time remaining: 1m 18s
Rendered 4268/9880, time remaining: 1m 18s
Rendered 4269/9880, time remaining: 1m 18s
Rendered 4270/9880, time remaining: 1m 15s
Rendered 4271/9880, time remaining: 1m 17s
Rendered 4272/9880, time remaining: 1m 17s
Rendered 4273/9880, time remaining: 1m 17s
Rendered 4274/9880, time remaining: 1m 17s
Rendered 4275/9880, time remaining: 1m 14s
Rendered 4276/9880, time remaining: 1m 16s
Rendered 4277/9880, time remaining: 1m 16s
Rendered 4278/9880, time remaining: 1m 16s
Rendered 4279/9880, time remaining: 1m 16s
Rendered 4280/9880, time remaining: 1m 13s
Rendered 4281/9880, time remaining: 1m 16s
Rendered 4282/9880, time remaining: 1m 16s
Rendered 4283/9880, time remaining: 1m 16s
Rendered 4284/9880, time remaining: 1m 16s
Rendered 4285/9880, time remaining: 1m 13s
Rendered 4286/9880, time remaining: 1m 15s
Rendered 4287/9880, time remaining: 1m 15s
Rendered 4288/9880, time remaining: 1m 15s
Rendered 4289/9880, time remaining: 1m 15s
Rendered 4290/9880, time remaining: 1m 12s
Rendered 4291/9880, time remaining: 1m 15s
Rendered 4292/9880, time remaining: 1m 15s
Rendered 4293/9880, time remaining: 1m 15s
Rendered 4294/9880, time remaining: 1m 14s
Rendered 4295/9880, time remaining: 1m 13s
Rendered 4296/9880, time remaining: 1m 14s
Rendered 4297/9880, time remaining: 1m 14s
Rendered 4298/9880, time remaining: 1m 14s
Rendered 4299/9880, time remaining: 1m 14s
Rendered 4300/9880, time remaining: 1m 13s
Rendered 4301/9880, time remaining: 1m 14s
Rendered 4302/9880, time remaining: 1m 14s
Rendered 4303/9880, time remaining: 1m 14s
Rendered 4304/9880, time remaining: 1m 14s
Rendered 4305/9880, time remaining: 1m 13s
Rendered 4306/9880, time remaining: 1m 14s
Rendered 4307/9880, time remaining: 1m 14s
Rendered 4308/9880, time remaining: 1m 14s
Rendered 4309/9880, time remaining: 1m 14s
Rendered 4310/9880, time remaining: 1m 13s
Rendered 4311/9880, time remaining: 1m 14s
Rendered 4312/9880, time remaining: 1m 14s
Rendered 4313/9880, time remaining: 1m 14s
Rendered 4314/9880, time remaining: 1m 14s
Rendered 4315/9880, time remaining: 1m 14s
Rendered 4316/9880, time remaining: 1m 14s
Rendered 4317/9880, time remaining: 1m 14s
Rendered 4318/9880, time remaining: 1m 14s
Rendered 4319/9880, time remaining: 1m 14s
Rendered 4320/9880, time remaining: 1m 14s
Rendered 4321/9880, time remaining: 1m 14s
Rendered 4322/9880, time remaining: 1m 14s
Rendered 4323/9880, time remaining: 1m 14s
Rendered 4324/9880, time remaining: 1m 14s
Rendered 4325/9880, time remaining: 1m 14s
Rendered 4326/9880, time remaining: 1m 14s
Rendered 4327/9880, time remaining: 1m 14s
Rendered 4328/9880, time remaining: 1m 13s
Rendered 4329/9880, time remaining: 1m 14s
Rendered 4330/9880, time remaining: 1m 14s
Rendered 4331/9880, time remaining: 1m 13s
Rendered 4332/9880, time remaining: 1m 13s
Rendered 4333/9880, time remaining: 1m 13s
Rendered 4334/9880, time remaining: 1m 13s
Rendered 4335/9880, time remaining: 1m 13s
Rendered 4336/9880, time remaining: 1m 13s
Rendered 4337/9880, time remaining: 1m 13s
Rendered 4338/9880, time remaining: 1m 13s
Rendered 4339/9880, time remaining: 1m 13s
Rendered 4340/9880, time remaining: 1m 13s
Rendered 4341/9880, time remaining: 1m 13s
Rendered 4342/9880, time remaining: 1m 13s
Rendered 4343/9880, time remaining: 1m 13s
Rendered 4344/9880, time remaining: 1m 13s
Rendered 4345/9880, time remaining: 1m 13s
Rendered 4346/9880, time remaining: 1m 13s
Rendered 4347/9880, time remaining: 1m 13s
Rendered 4348/9880, time remaining: 1m 13s
Rendered 4349/9880, time remaining: 1m 13s
Rendered 4350/9880, time remaining: 1m 13s
Rendered 4351/9880, time remaining: 1m 13s
Rendered 4352/9880, time remaining: 1m 13s
Rendered 4353/9880, time remaining: 1m 13s
Rendered 4354/9880, time remaining: 1m 13s
Rendered 4355/9880, time remaining: 1m 13s
Rendered 4356/9880, time remaining: 1m 13s
Rendered 4357/9880, time remaining: 1m 13s
Rendered 4358/9880, time remaining: 1m 13s
Rendered 4359/9880, time remaining: 1m 13s
Rendered 4360/9880, time remaining: 1m 13s
Rendered 4361/9880, time remaining: 1m 13s
Rendered 4362/9880, time remaining: 1m 13s
Rendered 4363/9880, time remaining: 1m 13s
Rendered 4364/9880, time remaining: 1m 13s
Rendered 4365/9880, time remaining: 1m 13s
Rendered 4366/9880, time remaining: 1m 13s
Rendered 4367/9880, time remaining: 1m 13s
Rendered 4368/9880, time remaining: 1m 13s
Rendered 4369/9880, time remaining: 1m 13s
Rendered 4370/9880, time remaining: 1m 13s
Rendered 4371/9880, time remaining: 1m 13s
Rendered 4372/9880, time remaining: 1m 13s
Rendered 4373/9880, time remaining: 1m 13s
Rendered 4374/9880, time remaining: 1m 13s
Rendered 4375/9880, time remaining: 1m 13s
Rendered 4376/9880, time remaining: 1m 13s
Rendered 4377/9880, time remaining: 1m 13s
Rendered 4378/9880, time remaining: 1m 13s
Rendered 4379/9880, time remaining: 1m 13s
Rendered 4380/9880, time remaining: 1m 13s
Rendered 4381/9880, time remaining: 1m 13s
Rendered 4382/9880, time remaining: 1m 13s
Rendered 4383/9880, time remaining: 1m 13s
Rendered 4384/9880, time remaining: 1m 13s
Rendered 4385/9880, time remaining: 1m 13s
Rendered 4386/9880, time remaining: 1m 13s
Rendered 4387/9880, time remaining: 1m 13s
Rendered 4388/9880, time remaining: 1m 13s
Rendered 4389/9880, time remaining: 1m 13s
Rendered 4390/9880, time remaining: 1m 13s
Rendered 4391/9880, time remaining: 1m 13s
Rendered 4392/9880, time remaining: 1m 13s
Rendered 4393/9880, time remaining: 1m 13s
Rendered 4394/9880, time remaining: 1m 13s
Rendered 4395/9880, time remaining: 1m 13s
Rendered 4396/9880, time remaining: 1m 13s
Rendered 4397/9880, time remaining: 1m 13s
Rendered 4398/9880, time remaining: 1m 13s
Rendered 4399/9880, time remaining: 1m 13s
Rendered 4400/9880, time remaining: 1m 12s
Rendered 4401/9880, time remaining: 1m 13s
Rendered 4402/9880, time remaining: 1m 13s
Rendered 4403/9880, time remaining: 1m 12s
Rendered 4404/9880, time remaining: 1m 12s
Rendered 4405/9880, time remaining: 1m 12s
Rendered 4406/9880, time remaining: 1m 12s
Rendered 4407/9880, time remaining: 1m 12s
Rendered 4408/9880, time remaining: 1m 12s
Rendered 4409/9880, time remaining: 1m 12s
Rendered 4410/9880, time remaining: 1m 12s
Rendered 4411/9880, time remaining: 1m 12s
Rendered 4412/9880, time remaining: 1m 12s
Rendered 4413/9880, time remaining: 1m 12s
Rendered 4414/9880, time remaining: 1m 12s
Rendered 4415/9880, time remaining: 1m 12s
Rendered 4416/9880, time remaining: 1m 12s
Rendered 4417/9880, time remaining: 1m 12s
Rendered 4418/9880, time remaining: 1m 12s
Rendered 4419/9880, time remaining: 1m 12s
Rendered 4420/9880, time remaining: 1m 12s
Rendered 4421/9880, time remaining: 1m 12s
Rendered 4422/9880, time remaining: 1m 12s
Rendered 4423/9880, time remaining: 1m 12s
Rendered 4424/9880, time remaining: 1m 12s
Rendered 4425/9880, time remaining: 1m 12s
Rendered 4426/9880, time remaining: 1m 12s
Rendered 4427/9880, time remaining: 1m 12s
Rendered 4428/9880, time remaining: 1m 12s
Rendered 4429/9880, time remaining: 1m 12s
Rendered 4430/9880, time remaining: 1m 12s
Rendered 4431/9880, time remaining: 1m 12s
Rendered 4432/9880, time remaining: 1m 12s
Rendered 4433/9880, time remaining: 1m 12s
Rendered 4434/9880, time remaining: 1m 12s
Rendered 4435/9880, time remaining: 1m 12s
Rendered 4436/9880, time remaining: 1m 12s
Rendered 4437/9880, time remaining: 1m 12s
Rendered 4438/9880, time remaining: 1m 12s
Rendered 4439/9880, time remaining: 1m 12s
Rendered 4440/9880, time remaining: 1m 12s
Rendered 4441/9880, time remaining: 1m 12s
Rendered 4442/9880, time remaining: 1m 12s
Rendered 4443/9880, time remaining: 1m 12s
Rendered 4444/9880, time remaining: 1m 12s
Rendered 4445/9880, time remaining: 1m 12s
Rendered 4446/9880, time remaining: 1m 12s
Rendered 4447/9880, time remaining: 1m 12s
Rendered 4448/9880, time remaining: 1m 12s
Rendered 4449/9880, time remaining: 1m 12s
Rendered 4450/9880, time remaining: 1m 12s
Rendered 4451/9880, time remaining: 1m 12s
Rendered 4452/9880, time remaining: 1m 12s
Rendered 4453/9880, time remaining: 1m 12s
Rendered 4454/9880, time remaining: 1m 12s
Rendered 4455/9880, time remaining: 1m 12s
Rendered 4456/9880, time remaining: 1m 12s
Rendered 4457/9880, time remaining: 1m 12s
Rendered 4458/9880, time remaining: 1m 12s
Rendered 4459/9880, time remaining: 1m 12s
Rendered 4460/9880, time remaining: 1m 12s
Rendered 4461/9880, time remaining: 1m 12s
Rendered 4462/9880, time remaining: 1m 12s
Rendered 4463/9880, time remaining: 1m 12s
Rendered 4464/9880, time remaining: 1m 12s
Rendered 4465/9880, time remaining: 1m 12s
Rendered 4466/9880, time remaining: 1m 12s
Rendered 4467/9880, time remaining: 1m 12s
Rendered 4468/9880, time remaining: 1m 12s
Rendered 4469/9880, time remaining: 1m 12s
Rendered 4470/9880, time remaining: 1m 12s
Rendered 4471/9880, time remaining: 1m 12s
Rendered 4472/9880, time remaining: 1m 12s
Rendered 4473/9880, time remaining: 1m 12s
Rendered 4474/9880, time remaining: 1m 12s
Rendered 4475/9880, time remaining: 1m 12s
Rendered 4476/9880, time remaining: 1m 12s
Rendered 4477/9880, time remaining: 1m 12s
Rendered 4478/9880, time remaining: 1m 12s
Rendered 4479/9880, time remaining: 1m 12s
Rendered 4480/9880, time remaining: 1m 12s
Rendered 4481/9880, time remaining: 1m 12s
Rendered 4482/9880, time remaining: 1m 12s
Rendered 4483/9880, time remaining: 1m 11s
Rendered 4484/9880, time remaining: 1m 12s
Rendered 4485/9880, time remaining: 1m 11s
Rendered 4486/9880, time remaining: 1m 11s
Rendered 4487/9880, time remaining: 1m 11s
Rendered 4488/9880, time remaining: 1m 11s
Rendered 4489/9880, time remaining: 1m 11s
Rendered 4490/9880, time remaining: 1m 11s
Rendered 4491/9880, time remaining: 1m 11s
Rendered 4492/9880, time remaining: 1m 11s
Rendered 4493/9880, time remaining: 1m 11s
Rendered 4494/9880, time remaining: 1m 11s
Rendered 4495/9880, time remaining: 1m 11s
Rendered 4496/9880, time remaining: 1m 11s
Rendered 4497/9880, time remaining: 1m 11s
Rendered 4498/9880, time remaining: 1m 11s
Rendered 4499/9880, time remaining: 1m 11s
Rendered 4500/9880, time remaining: 1m 11s
Rendered 4501/9880, time remaining: 1m 12s
Rendered 4502/9880, time remaining: 1m 12s
Rendered 4503/9880, time remaining: 1m 12s
Rendered 4504/9880, time remaining: 1m 12s
Rendered 4505/9880, time remaining: 1m 12s
Rendered 4506/9880, time remaining: 1m 12s
Rendered 4507/9880, time remaining: 1m 12s
Rendered 4508/9880, time remaining: 1m 12s
Rendered 4509/9880, time remaining: 1m 12s
Rendered 4510/9880, time remaining: 1m 12s
Rendered 4511/9880, time remaining: 1m 12s
Rendered 4512/9880, time remaining: 1m 12s
Rendered 4513/9880, time remaining: 1m 12s
Rendered 4514/9880, time remaining: 1m 12s
Rendered 4515/9880, time remaining: 1m 12s
Rendered 4516/9880, time remaining: 1m 12s
Rendered 4517/9880, time remaining: 1m 12s
Rendered 4518/9880, time remaining: 1m 12s
Rendered 4519/9880, time remaining: 1m 12s
Rendered 4520/9880, time remaining: 1m 12s
Rendered 4521/9880, time remaining: 1m 12s
Rendered 4522/9880, time remaining: 1m 12s
Rendered 4523/9880, time remaining: 1m 12s
Rendered 4524/9880, time remaining: 1m 12s
Rendered 4525/9880, time remaining: 1m 12s
Rendered 4526/9880, time remaining: 1m 11s
Rendered 4527/9880, time remaining: 1m 11s
Rendered 4528/9880, time remaining: 1m 11s
Rendered 4529/9880, time remaining: 1m 11s
Rendered 4530/9880, time remaining: 1m 11s
Rendered 4531/9880, time remaining: 1m 11s
Rendered 4532/9880, time remaining: 1m 11s
Rendered 4533/9880, time remaining: 1m 11s
Rendered 4534/9880, time remaining: 1m 11s
Rendered 4535/9880, time remaining: 1m 11s
Rendered 4536/9880, time remaining: 1m 11s
Rendered 4537/9880, time remaining: 1m 11s
Rendered 4538/9880, time remaining: 1m 11s
Rendered 4539/9880, time remaining: 1m 11s
Rendered 4540/9880, time remaining: 1m 11s
Rendered 4541/9880, time remaining: 1m 11s
Rendered 4542/9880, time remaining: 1m 11s
Rendered 4543/9880, time remaining: 1m 11s
Rendered 4544/9880, time remaining: 1m 11s
Rendered 4545/9880, time remaining: 1m 11s
Rendered 4546/9880, time remaining: 1m 11s
Rendered 4547/9880, time remaining: 1m 11s
Rendered 4548/9880, time remaining: 1m 11s
Rendered 4549/9880, time remaining: 1m 11s
Rendered 4550/9880, time remaining: 1m 11s
Rendered 4551/9880, time remaining: 1m 11s
Rendered 4552/9880, time remaining: 1m 11s
Rendered 4553/9880, time remaining: 1m 11s
Rendered 4554/9880, time remaining: 1m 11s
Rendered 4555/9880, time remaining: 1m 11s
Rendered 4556/9880, time remaining: 1m 11s
Rendered 4557/9880, time remaining: 1m 11s
Rendered 4558/9880, time remaining: 1m 11s
Rendered 4559/9880, time remaining: 1m 11s
Rendered 4560/9880, time remaining: 1m 11s
Rendered 4561/9880, time remaining: 1m 11s
Rendered 4562/9880, time remaining: 1m 11s
Rendered 4563/9880, time remaining: 1m 11s
Rendered 4564/9880, time remaining: 1m 11s
Rendered 4565/9880, time remaining: 1m 11s
Rendered 4566/9880, time remaining: 1m 11s
Rendered 4567/9880, time remaining: 1m 11s
Rendered 4568/9880, time remaining: 1m 11s
Rendered 4569/9880, time remaining: 1m 11s
Rendered 4570/9880, time remaining: 1m 11s
Rendered 4571/9880, time remaining: 1m 11s
Rendered 4572/9880, time remaining: 1m 11s
Rendered 4573/9880, time remaining: 1m 11s
Rendered 4574/9880, time remaining: 1m 11s
Rendered 4575/9880, time remaining: 1m 11s
Rendered 4576/9880, time remaining: 1m 11s
Rendered 4577/9880, time remaining: 1m 11s
Rendered 4578/9880, time remaining: 1m 11s
Rendered 4579/9880, time remaining: 1m 11s
Rendered 4580/9880, time remaining: 1m 11s
Rendered 4581/9880, time remaining: 1m 11s
Rendered 4582/9880, time remaining: 1m 11s
Rendered 4583/9880, time remaining: 1m 11s
Rendered 4584/9880, time remaining: 1m 11s
Rendered 4585/9880, time remaining: 1m 11s
Rendered 4586/9880, time remaining: 1m 11s
Rendered 4587/9880, time remaining: 1m 11s
Rendered 4588/9880, time remaining: 1m 11s
Rendered 4589/9880, time remaining: 1m 11s
Rendered 4590/9880, time remaining: 1m 11s
Rendered 4591/9880, time remaining: 1m 11s
Rendered 4592/9880, time remaining: 1m 11s
Rendered 4593/9880, time remaining: 1m 11s
Rendered 4594/9880, time remaining: 1m 11s
Rendered 4595/9880, time remaining: 1m 11s
Rendered 4596/9880, time remaining: 1m 11s
Rendered 4597/9880, time remaining: 1m 11s
Rendered 4598/9880, time remaining: 1m 11s
Rendered 4599/9880, time remaining: 1m 11s
Rendered 4600/9880, time remaining: 1m 10s
Rendered 4601/9880, time remaining: 1m 10s
Rendered 4602/9880, time remaining: 1m 10s
Rendered 4603/9880, time remaining: 1m 10s
Rendered 4604/9880, time remaining: 1m 10s
Rendered 4605/9880, time remaining: 1m 10s
Rendered 4606/9880, time remaining: 1m 10s
Rendered 4607/9880, time remaining: 1m 10s
Rendered 4608/9880, time remaining: 1m 10s
Rendered 4609/9880, time remaining: 1m 10s
Rendered 4610/9880, time remaining: 1m 10s
Rendered 4611/9880, time remaining: 1m 10s
Rendered 4612/9880, time remaining: 1m 10s
Rendered 4613/9880, time remaining: 1m 10s
Rendered 4614/9880, time remaining: 1m 10s
Rendered 4615/9880, time remaining: 1m 10s
Rendered 4616/9880, time remaining: 1m 10s
Rendered 4617/9880, time remaining: 1m 10s
Rendered 4618/9880, time remaining: 1m 10s
Rendered 4619/9880, time remaining: 1m 10s
Rendered 4620/9880, time remaining: 1m 10s
Rendered 4621/9880, time remaining: 1m 10s
Rendered 4622/9880, time remaining: 1m 10s
Rendered 4623/9880, time remaining: 1m 10s
Rendered 4624/9880, time remaining: 1m 10s
Rendered 4625/9880, time remaining: 1m 10s
Rendered 4626/9880, time remaining: 1m 10s
Rendered 4627/9880, time remaining: 1m 10s
Rendered 4628/9880, time remaining: 1m 10s
Rendered 4629/9880, time remaining: 1m 10s
Rendered 4630/9880, time remaining: 1m 10s
Rendered 4631/9880, time remaining: 1m 10s
Rendered 4632/9880, time remaining: 1m 10s
Rendered 4633/9880, time remaining: 1m 10s
Rendered 4634/9880, time remaining: 1m 10s
Rendered 4635/9880, time remaining: 1m 10s
Rendered 4636/9880, time remaining: 1m 10s
Rendered 4637/9880, time remaining: 1m 10s
Rendered 4638/9880, time remaining: 1m 10s
Rendered 4639/9880, time remaining: 1m 10s
Rendered 4640/9880, time remaining: 1m 10s
Rendered 4641/9880, time remaining: 1m 9s
Rendered 4642/9880, time remaining: 1m 9s
Rendered 4643/9880, time remaining: 1m 10s
Rendered 4644/9880, time remaining: 1m 10s
Rendered 4645/9880, time remaining: 1m 10s
Rendered 4646/9880, time remaining: 1m 9s
Rendered 4647/9880, time remaining: 1m 9s
Rendered 4648/9880, time remaining: 1m 10s
Rendered 4649/9880, time remaining: 1m 10s
Rendered 4650/9880, time remaining: 1m 10s
Rendered 4651/9880, time remaining: 1m 8s
Rendered 4652/9880, time remaining: 1m 8s
Rendered 4653/9880, time remaining: 1m 9s
Rendered 4654/9880, time remaining: 1m 9s
Rendered 4655/9880, time remaining: 1m 9s
Rendered 4656/9880, time remaining: 1m 7s
Rendered 4657/9880, time remaining: 1m 8s
Rendered 4658/9880, time remaining: 1m 9s
Rendered 4659/9880, time remaining: 1m 9s
Rendered 4660/9880, time remaining: 1m 9s
Rendered 4661/9880, time remaining: 1m 8s
Rendered 4662/9880, time remaining: 1m 8s
Rendered 4663/9880, time remaining: 1m 9s
Rendered 4664/9880, time remaining: 1m 9s
Rendered 4665/9880, time remaining: 1m 9s
Rendered 4666/9880, time remaining: 1m 7s
Rendered 4667/9880, time remaining: 1m 8s
Rendered 4668/9880, time remaining: 1m 9s
Rendered 4669/9880, time remaining: 1m 9s
Rendered 4670/9880, time remaining: 1m 9s
Rendered 4671/9880, time remaining: 1m 7s
Rendered 4672/9880, time remaining: 1m 7s
Rendered 4673/9880, time remaining: 1m 9s
Rendered 4674/9880, time remaining: 1m 9s
Rendered 4675/9880, time remaining: 1m 9s
Rendered 4676/9880, time remaining: 1m 7s
Rendered 4677/9880, time remaining: 1m 7s
Rendered 4678/9880, time remaining: 1m 9s
Rendered 4679/9880, time remaining: 1m 9s
Rendered 4680/9880, time remaining: 1m 9s
Rendered 4681/9880, time remaining: 1m 7s
Rendered 4682/9880, time remaining: 1m 7s
Rendered 4683/9880, time remaining: 1m 10s
Rendered 4684/9880, time remaining: 1m 10s
Rendered 4685/9880, time remaining: 1m 10s
Rendered 4686/9880, time remaining: 1m 8s
Rendered 4687/9880, time remaining: 1m 8s
Rendered 4688/9880, time remaining: 1m 10s
Rendered 4689/9880, time remaining: 1m 10s
Rendered 4690/9880, time remaining: 1m 10s
Rendered 4691/9880, time remaining: 1m 8s
Rendered 4692/9880, time remaining: 1m 8s
Rendered 4693/9880, time remaining: 1m 9s
Rendered 4694/9880, time remaining: 1m 9s
Rendered 4695/9880, time remaining: 1m 10s
Rendered 4696/9880, time remaining: 1m 8s
Rendered 4697/9880, time remaining: 1m 8s
Rendered 4698/9880, time remaining: 1m 9s
Rendered 4699/9880, time remaining: 1m 10s
Rendered 4700/9880, time remaining: 1m 11s
Rendered 4701/9880, time remaining: 1m 8s
Rendered 4702/9880, time remaining: 1m 8s
Rendered 4703/9880, time remaining: 1m 9s
Rendered 4704/9880, time remaining: 1m 9s
Rendered 4705/9880, time remaining: 1m 10s
Rendered 4706/9880, time remaining: 1m 8s
Rendered 4707/9880, time remaining: 1m 9s
Rendered 4708/9880, time remaining: 1m 9s
Rendered 4709/9880, time remaining: 1m 9s
Rendered 4710/9880, time remaining: 1m 10s
Rendered 4711/9880, time remaining: 1m 7s
Rendered 4712/9880, time remaining: 1m 8s
Rendered 4713/9880, time remaining: 1m 8s
Rendered 4714/9880, time remaining: 1m 9s
Rendered 4715/9880, time remaining: 1m 10s
Rendered 4716/9880, time remaining: 1m 7s
Rendered 4717/9880, time remaining: 1m 8s
Rendered 4718/9880, time remaining: 1m 8s
Rendered 4719/9880, time remaining: 1m 8s
Rendered 4720/9880, time remaining: 1m 10s
Rendered 4721/9880, time remaining: 1m 7s
Rendered 4722/9880, time remaining: 1m 7s
Rendered 4723/9880, time remaining: 1m 8s
Rendered 4724/9880, time remaining: 1m 8s
Rendered 4725/9880, time remaining: 1m 10s
Rendered 4726/9880, time remaining: 1m 8s
Rendered 4727/9880, time remaining: 1m 8s
Rendered 4728/9880, time remaining: 1m 8s
Rendered 4729/9880, time remaining: 1m 8s
Rendered 4730/9880, time remaining: 1m 10s
Rendered 4731/9880, time remaining: 1m 8s
Rendered 4732/9880, time remaining: 1m 8s
Rendered 4733/9880, time remaining: 1m 8s
Rendered 4734/9880, time remaining: 1m 8s
Rendered 4735/9880, time remaining: 1m 10s
Rendered 4736/9880, time remaining: 1m 7s
Rendered 4737/9880, time remaining: 1m 7s
Rendered 4738/9880, time remaining: 1m 7s
Rendered 4739/9880, time remaining: 1m 8s
Rendered 4740/9880, time remaining: 1m 10s
Rendered 4741/9880, time remaining: 1m 7s
Rendered 4742/9880, time remaining: 1m 7s
Rendered 4743/9880, time remaining: 1m 7s
Rendered 4744/9880, time remaining: 1m 8s
Rendered 4745/9880, time remaining: 1m 10s
Rendered 4746/9880, time remaining: 1m 7s
Rendered 4747/9880, time remaining: 1m 7s
Rendered 4748/9880, time remaining: 1m 7s
Rendered 4749/9880, time remaining: 1m 7s
Rendered 4750/9880, time remaining: 1m 10s
Rendered 4751/9880, time remaining: 1m 7s
Rendered 4752/9880, time remaining: 1m 7s
Rendered 4753/9880, time remaining: 1m 7s
Rendered 4754/9880, time remaining: 1m 7s
Rendered 4755/9880, time remaining: 1m 10s
Rendered 4756/9880, time remaining: 1m 7s
Rendered 4757/9880, time remaining: 1m 7s
Rendered 4758/9880, time remaining: 1m 7s
Rendered 4759/9880, time remaining: 1m 7s
Rendered 4760/9880, time remaining: 1m 9s
Rendered 4761/9880, time remaining: 1m 7s
Rendered 4762/9880, time remaining: 1m 7s
Rendered 4763/9880, time remaining: 1m 7s
Rendered 4764/9880, time remaining: 1m 7s
Rendered 4765/9880, time remaining: 1m 9s
Rendered 4766/9880, time remaining: 1m 7s
Rendered 4767/9880, time remaining: 1m 7s
Rendered 4768/9880, time remaining: 1m 7s
Rendered 4769/9880, time remaining: 1m 7s
Rendered 4770/9880, time remaining: 1m 9s
Rendered 4771/9880, time remaining: 1m 7s
Rendered 4772/9880, time remaining: 1m 7s
Rendered 4773/9880, time remaining: 1m 7s
Rendered 4774/9880, time remaining: 1m 7s
Rendered 4775/9880, time remaining: 1m 9s
Rendered 4776/9880, time remaining: 1m 7s
Rendered 4777/9880, time remaining: 1m 7s
Rendered 4778/9880, time remaining: 1m 7s
Rendered 4779/9880, time remaining: 1m 7s
Rendered 4780/9880, time remaining: 1m 9s
Rendered 4781/9880, time remaining: 1m 7s
Rendered 4782/9880, time remaining: 1m 7s
Rendered 4783/9880, time remaining: 1m 7s
Rendered 4784/9880, time remaining: 1m 7s
Rendered 4785/9880, time remaining: 1m 10s
Rendered 4786/9880, time remaining: 1m 8s
Rendered 4787/9880, time remaining: 1m 8s
Rendered 4788/9880, time remaining: 1m 7s
Rendered 4789/9880, time remaining: 1m 7s
Rendered 4790/9880, time remaining: 1m 9s
Rendered 4791/9880, time remaining: 1m 8s
Rendered 4792/9880, time remaining: 1m 8s
Rendered 4793/9880, time remaining: 1m 7s
Rendered 4794/9880, time remaining: 1m 7s
Rendered 4795/9880, time remaining: 1m 9s
Rendered 4796/9880, time remaining: 1m 8s
Rendered 4797/9880, time remaining: 1m 8s
Rendered 4798/9880, time remaining: 1m 7s
Rendered 4799/9880, time remaining: 1m 7s
Rendered 4800/9880, time remaining: 1m 9s
Rendered 4801/9880, time remaining: 1m 8s
Rendered 4802/9880, time remaining: 1m 8s
Rendered 4803/9880, time remaining: 1m 7s
Rendered 4804/9880, time remaining: 1m 7s
Rendered 4805/9880, time remaining: 1m 9s
Rendered 4806/9880, time remaining: 1m 8s
Rendered 4807/9880, time remaining: 1m 9s
Rendered 4808/9880, time remaining: 1m 7s
Rendered 4809/9880, time remaining: 1m 7s
Rendered 4810/9880, time remaining: 1m 8s
Rendered 4811/9880, time remaining: 1m 8s
Rendered 4812/9880, time remaining: 1m 9s
Rendered 4813/9880, time remaining: 1m 7s
Rendered 4814/9880, time remaining: 1m 7s
Rendered 4815/9880, time remaining: 1m 8s
Rendered 4816/9880, time remaining: 1m 7s
Rendered 4817/9880, time remaining: 1m 8s
Rendered 4818/9880, time remaining: 1m 7s
Rendered 4819/9880, time remaining: 1m 7s
Rendered 4820/9880, time remaining: 1m 7s
Rendered 4821/9880, time remaining: 1m 7s
Rendered 4822/9880, time remaining: 1m 10s
Rendered 4823/9880, time remaining: 1m 8s
Rendered 4824/9880, time remaining: 1m 8s
Rendered 4825/9880, time remaining: 1m 8s
Rendered 4826/9880, time remaining: 1m 8s
Rendered 4827/9880, time remaining: 1m 10s
Rendered 4828/9880, time remaining: 1m 8s
Rendered 4829/9880, time remaining: 1m 8s
Rendered 4830/9880, time remaining: 1m 8s
Rendered 4831/9880, time remaining: 1m 7s
Rendered 4832/9880, time remaining: 1m 9s
Rendered 4833/9880, time remaining: 1m 7s
Rendered 4834/9880, time remaining: 1m 7s
Rendered 4835/9880, time remaining: 1m 7s
Rendered 4836/9880, time remaining: 1m 7s
Rendered 4837/9880, time remaining: 1m 9s
Rendered 4838/9880, time remaining: 1m 7s
Rendered 4839/9880, time remaining: 1m 7s
Rendered 4840/9880, time remaining: 1m 7s
Rendered 4841/9880, time remaining: 1m 7s
Rendered 4842/9880, time remaining: 1m 9s
Rendered 4843/9880, time remaining: 1m 8s
Rendered 4844/9880, time remaining: 1m 8s
Rendered 4845/9880, time remaining: 1m 7s
Rendered 4846/9880, time remaining: 1m 7s
Rendered 4847/9880, time remaining: 1m 9s
Rendered 4848/9880, time remaining: 1m 8s
Rendered 4849/9880, time remaining: 1m 7s
Rendered 4850/9880, time remaining: 1m 6s
Rendered 4851/9880, time remaining: 1m 6s
Rendered 4852/9880, time remaining: 1m 9s
Rendered 4853/9880, time remaining: 1m 8s
Rendered 4854/9880, time remaining: 1m 8s
Rendered 4855/9880, time remaining: 1m 7s
Rendered 4856/9880, time remaining: 1m 7s
Rendered 4857/9880, time remaining: 1m 8s
Rendered 4858/9880, time remaining: 1m 8s
Rendered 4859/9880, time remaining: 1m 8s
Rendered 4860/9880, time remaining: 1m 8s
Rendered 4861/9880, time remaining: 1m 8s
Rendered 4862/9880, time remaining: 1m 9s
Rendered 4863/9880, time remaining: 1m 8s
Rendered 4864/9880, time remaining: 1m 8s
Rendered 4865/9880, time remaining: 1m 8s
Rendered 4866/9880, time remaining: 1m 8s
Rendered 4867/9880, time remaining: 1m 9s
Rendered 4868/9880, time remaining: 1m 9s
Rendered 4869/9880, time remaining: 1m 8s
Rendered 4870/9880, time remaining: 1m 7s
Rendered 4871/9880, time remaining: 1m 7s
Rendered 4872/9880, time remaining: 1m 9s
Rendered 4873/9880, time remaining: 1m 9s
Rendered 4874/9880, time remaining: 1m 8s
Rendered 4875/9880, time remaining: 1m 7s
Rendered 4876/9880, time remaining: 1m 7s
Rendered 4877/9880, time remaining: 1m 9s
Rendered 4878/9880, time remaining: 1m 9s
Rendered 4879/9880, time remaining: 1m 9s
Rendered 4880/9880, time remaining: 1m 7s
Rendered 4881/9880, time remaining: 1m 7s
Rendered 4882/9880, time remaining: 1m 9s
Rendered 4883/9880, time remaining: 1m 9s
Rendered 4884/9880, time remaining: 1m 8s
Rendered 4885/9880, time remaining: 1m 7s
Rendered 4886/9880, time remaining: 1m 7s
Rendered 4887/9880, time remaining: 1m 9s
Rendered 4888/9880, time remaining: 1m 9s
Rendered 4889/9880, time remaining: 1m 8s
Rendered 4890/9880, time remaining: 1m 7s
Rendered 4891/9880, time remaining: 1m 7s
Rendered 4892/9880, time remaining: 1m 9s
Rendered 4893/9880, time remaining: 1m 9s
Rendered 4894/9880, time remaining: 1m 8s
Rendered 4895/9880, time remaining: 1m 7s
Rendered 4896/9880, time remaining: 1m 7s
Rendered 4897/9880, time remaining: 1m 9s
Rendered 4898/9880, time remaining: 1m 8s
Rendered 4899/9880, time remaining: 1m 8s
Rendered 4900/9880, time remaining: 1m 7s
Rendered 4901/9880, time remaining: 1m 7s
Rendered 4902/9880, time remaining: 1m 8s
Rendered 4903/9880, time remaining: 1m 8s
Rendered 4904/9880, time remaining: 1m 8s
Rendered 4905/9880, time remaining: 1m 6s
Rendered 4906/9880, time remaining: 1m 6s
Rendered 4907/9880, time remaining: 1m 8s
Rendered 4908/9880, time remaining: 1m 8s
Rendered 4909/9880, time remaining: 1m 8s
Rendered 4910/9880, time remaining: 1m 6s
Rendered 4911/9880, time remaining: 1m 6s
Rendered 4912/9880, time remaining: 1m 8s
Rendered 4913/9880, time remaining: 1m 8s
Rendered 4914/9880, time remaining: 1m 8s
Rendered 4915/9880, time remaining: 1m 6s
Rendered 4916/9880, time remaining: 1m 6s
Rendered 4917/9880, time remaining: 1m 8s
Rendered 4918/9880, time remaining: 1m 8s
Rendered 4919/9880, time remaining: 1m 8s
Rendered 4920/9880, time remaining: 1m 6s
Rendered 4921/9880, time remaining: 1m 6s
Rendered 4922/9880, time remaining: 1m 8s
Rendered 4923/9880, time remaining: 1m 8s
Rendered 4924/9880, time remaining: 1m 8s
Rendered 4925/9880, time remaining: 1m 6s
Rendered 4926/9880, time remaining: 1m 6s
Rendered 4927/9880, time remaining: 1m 8s
Rendered 4928/9880, time remaining: 1m 8s
Rendered 4929/9880, time remaining: 1m 8s
Rendered 4930/9880, time remaining: 1m 6s
Rendered 4931/9880, time remaining: 1m 6s
Rendered 4932/9880, time remaining: 1m 8s
Rendered 4933/9880, time remaining: 1m 8s
Rendered 4934/9880, time remaining: 1m 8s
Rendered 4935/9880, time remaining: 1m 5s
Rendered 4936/9880, time remaining: 1m 6s
Rendered 4937/9880, time remaining: 1m 7s
Rendered 4938/9880, time remaining: 1m 7s
Rendered 4939/9880, time remaining: 1m 7s
Rendered 4940/9880, time remaining: 1m 5s
Rendered 4941/9880, time remaining: 1m 6s
Rendered 4942/9880, time remaining: 1m 7s
Rendered 4943/9880, time remaining: 1m 7s
Rendered 4944/9880, time remaining: 1m 7s
Rendered 4945/9880, time remaining: 1m 5s
Rendered 4946/9880, time remaining: 1m 6s
Rendered 4947/9880, time remaining: 1m 8s
Rendered 4948/9880, time remaining: 1m 7s
Rendered 4949/9880, time remaining: 1m 7s
Rendered 4950/9880, time remaining: 1m 5s
Rendered 4951/9880, time remaining: 1m 5s
Rendered 4952/9880, time remaining: 1m 7s
Rendered 4953/9880, time remaining: 1m 7s
Rendered 4954/9880, time remaining: 1m 7s
Rendered 4955/9880, time remaining: 1m 6s
Rendered 4956/9880, time remaining: 1m 6s
Rendered 4957/9880, time remaining: 1m 7s
Rendered 4958/9880, time remaining: 1m 7s
Rendered 4959/9880, time remaining: 1m 7s
Rendered 4960/9880, time remaining: 1m 6s
Rendered 4961/9880, time remaining: 1m 6s
Rendered 4962/9880, time remaining: 1m 6s
Rendered 4963/9880, time remaining: 1m 6s
Rendered 4964/9880, time remaining: 1m 7s
Rendered 4965/9880, time remaining: 1m 7s
Rendered 4966/9880, time remaining: 1m 7s
Rendered 4967/9880, time remaining: 1m 6s
Rendered 4968/9880, time remaining: 1m 6s
Rendered 4969/9880, time remaining: 1m 7s
Rendered 4970/9880, time remaining: 1m 7s
Rendered 4971/9880, time remaining: 1m 7s
Rendered 4972/9880, time remaining: 1m 4s
Rendered 4973/9880, time remaining: 1m 5s
Rendered 4974/9880, time remaining: 1m 6s
Rendered 4975/9880, time remaining: 1m 6s
Rendered 4976/9880, time remaining: 1m 6s
Rendered 4977/9880, time remaining: 1m 4s
Rendered 4978/9880, time remaining: 1m 4s
Rendered 4979/9880, time remaining: 1m 6s
Rendered 4980/9880, time remaining: 1m 6s
Rendered 4981/9880, time remaining: 1m 6s
Rendered 4982/9880, time remaining: 1m 4s
Rendered 4983/9880, time remaining: 1m 4s
Rendered 4984/9880, time remaining: 1m 6s
Rendered 4985/9880, time remaining: 1m 6s
Rendered 4986/9880, time remaining: 1m 6s
Rendered 4987/9880, time remaining: 1m 4s
Rendered 4988/9880, time remaining: 1m 4s
Rendered 4989/9880, time remaining: 1m 6s
Rendered 4990/9880, time remaining: 1m 6s
Rendered 4991/9880, time remaining: 1m 6s
Rendered 4992/9880, time remaining: 1m 4s
Rendered 4993/9880, time remaining: 1m 4s
Rendered 4994/9880, time remaining: 1m 6s
Rendered 4995/9880, time remaining: 1m 6s
Rendered 4996/9880, time remaining: 1m 6s
Rendered 4997/9880, time remaining: 1m 4s
Rendered 4998/9880, time remaining: 1m 4s
Rendered 4999/9880, time remaining: 1m 6s
Rendered 5000/9880, time remaining: 1m 6s
Rendered 5001/9880, time remaining: 1m 6s
Rendered 5002/9880, time remaining: 1m 3s
Rendered 5003/9880, time remaining: 1m 3s
Rendered 5004/9880, time remaining: 1m 5s
Rendered 5005/9880, time remaining: 1m 5s
Rendered 5006/9880, time remaining: 1m 5s
Rendered 5007/9880, time remaining: 1m 3s
Rendered 5008/9880, time remaining: 1m 3s
Rendered 5009/9880, time remaining: 1m 6s
Rendered 5010/9880, time remaining: 1m 5s
Rendered 5011/9880, time remaining: 1m 5s
Rendered 5012/9880, time remaining: 1m 4s
Rendered 5013/9880, time remaining: 1m 4s
Rendered 5014/9880, time remaining: 1m 6s
Rendered 5015/9880, time remaining: 1m 6s
Rendered 5016/9880, time remaining: 1m 6s
Rendered 5017/9880, time remaining: 1m 4s
Rendered 5018/9880, time remaining: 1m 4s
Rendered 5019/9880, time remaining: 1m 6s
Rendered 5020/9880, time remaining: 1m 6s
Rendered 5021/9880, time remaining: 1m 6s
Rendered 5022/9880, time remaining: 1m 4s
Rendered 5023/9880, time remaining: 1m 4s
Rendered 5024/9880, time remaining: 1m 6s
Rendered 5025/9880, time remaining: 1m 6s
Rendered 5026/9880, time remaining: 1m 6s
Rendered 5027/9880, time remaining: 1m 4s
Rendered 5028/9880, time remaining: 1m 4s
Rendered 5029/9880, time remaining: 1m 6s
Rendered 5030/9880, time remaining: 1m 6s
Rendered 5031/9880, time remaining: 1m 6s
Rendered 5032/9880, time remaining: 1m 4s
Rendered 5033/9880, time remaining: 1m 4s
Rendered 5034/9880, time remaining: 1m 7s
Rendered 5035/9880, time remaining: 1m 6s
Rendered 5036/9880, time remaining: 1m 6s
Rendered 5037/9880, time remaining: 1m 4s
Rendered 5038/9880, time remaining: 1m 4s
Rendered 5039/9880, time remaining: 1m 6s
Rendered 5040/9880, time remaining: 1m 6s
Rendered 5041/9880, time remaining: 1m 6s
Rendered 5042/9880, time remaining: 1m 4s
Rendered 5043/9880, time remaining: 1m 4s
Rendered 5044/9880, time remaining: 1m 6s
Rendered 5045/9880, time remaining: 1m 6s
Rendered 5046/9880, time remaining: 1m 6s
Rendered 5047/9880, time remaining: 1m 4s
Rendered 5048/9880, time remaining: 1m 4s
Rendered 5049/9880, time remaining: 1m 6s
Rendered 5050/9880, time remaining: 1m 6s
Rendered 5051/9880, time remaining: 1m 6s
Rendered 5052/9880, time remaining: 1m 4s
Rendered 5053/9880, time remaining: 1m 4s
Rendered 5054/9880, time remaining: 1m 6s
Rendered 5055/9880, time remaining: 1m 6s
Rendered 5056/9880, time remaining: 1m 6s
Rendered 5057/9880, time remaining: 1m 4s
Rendered 5058/9880, time remaining: 1m 4s
Rendered 5059/9880, time remaining: 1m 7s
Rendered 5060/9880, time remaining: 1m 7s
Rendered 5061/9880, time remaining: 1m 6s
Rendered 5062/9880, time remaining: 1m 4s
Rendered 5063/9880, time remaining: 1m 4s
Rendered 5064/9880, time remaining: 1m 6s
Rendered 5065/9880, time remaining: 1m 6s
Rendered 5066/9880, time remaining: 1m 6s
Rendered 5067/9880, time remaining: 1m 4s
Rendered 5068/9880, time remaining: 1m 4s
Rendered 5069/9880, time remaining: 1m 6s
Rendered 5070/9880, time remaining: 1m 6s
Rendered 5071/9880, time remaining: 1m 6s
Rendered 5072/9880, time remaining: 1m 4s
Rendered 5073/9880, time remaining: 1m 4s
Rendered 5074/9880, time remaining: 1m 6s
Rendered 5075/9880, time remaining: 1m 6s
Rendered 5076/9880, time remaining: 1m 6s
Rendered 5077/9880, time remaining: 1m 5s
Rendered 5078/9880, time remaining: 1m 4s
Rendered 5079/9880, time remaining: 1m 6s
Rendered 5080/9880, time remaining: 1m 6s
Rendered 5081/9880, time remaining: 1m 6s
Rendered 5082/9880, time remaining: 1m 4s
Rendered 5083/9880, time remaining: 1m 4s
Rendered 5084/9880, time remaining: 1m 7s
Rendered 5085/9880, time remaining: 1m 7s
Rendered 5086/9880, time remaining: 1m 6s
Rendered 5087/9880, time remaining: 1m 5s
Rendered 5088/9880, time remaining: 1m 5s
Rendered 5089/9880, time remaining: 1m 7s
Rendered 5090/9880, time remaining: 1m 7s
Rendered 5091/9880, time remaining: 1m 6s
Rendered 5092/9880, time remaining: 1m 5s
Rendered 5093/9880, time remaining: 1m 5s
Rendered 5094/9880, time remaining: 1m 6s
Rendered 5095/9880, time remaining: 1m 6s
Rendered 5096/9880, time remaining: 1m 7s
Rendered 5097/9880, time remaining: 1m 5s
Rendered 5098/9880, time remaining: 1m 5s
Rendered 5099/9880, time remaining: 1m 6s
Rendered 5100/9880, time remaining: 1m 6s
Rendered 5101/9880, time remaining: 1m 7s
Rendered 5102/9880, time remaining: 1m 5s
Rendered 5103/9880, time remaining: 1m 5s
Rendered 5104/9880, time remaining: 1m 5s
Rendered 5105/9880, time remaining: 1m 5s
Rendered 5106/9880, time remaining: 1m 6s
Rendered 5107/9880, time remaining: 1m 5s
Rendered 5108/9880, time remaining: 1m 4s
Rendered 5109/9880, time remaining: 1m 5s
Rendered 5110/9880, time remaining: 1m 5s
Rendered 5111/9880, time remaining: 1m 6s
Rendered 5112/9880, time remaining: 1m 5s
Rendered 5113/9880, time remaining: 1m 5s
Rendered 5114/9880, time remaining: 1m 5s
Rendered 5115/9880, time remaining: 1m 5s
Rendered 5116/9880, time remaining: 1m 6s
Rendered 5117/9880, time remaining: 1m 5s
Rendered 5118/9880, time remaining: 1m 5s
Rendered 5119/9880, time remaining: 1m 5s
Rendered 5120/9880, time remaining: 1m 5s
Rendered 5121/9880, time remaining: 1m 6s
Rendered 5122/9880, time remaining: 1m 6s
Rendered 5123/9880, time remaining: 1m 5s
Rendered 5124/9880, time remaining: 1m 4s
Rendered 5125/9880, time remaining: 1m 4s
Rendered 5126/9880, time remaining: 1m 7s
Rendered 5127/9880, time remaining: 1m 7s
Rendered 5128/9880, time remaining: 1m 7s
Rendered 5129/9880, time remaining: 1m 4s
Rendered 5130/9880, time remaining: 1m 4s
Rendered 5131/9880, time remaining: 1m 7s
Rendered 5132/9880, time remaining: 1m 6s
Rendered 5133/9880, time remaining: 1m 6s
Rendered 5134/9880, time remaining: 1m 4s
Rendered 5135/9880, time remaining: 1m 4s
Rendered 5136/9880, time remaining: 1m 6s
Rendered 5137/9880, time remaining: 1m 6s
Rendered 5138/9880, time remaining: 1m 6s
Rendered 5139/9880, time remaining: 1m 4s
Rendered 5140/9880, time remaining: 1m 4s
Rendered 5141/9880, time remaining: 1m 6s
Rendered 5142/9880, time remaining: 1m 6s
Rendered 5143/9880, time remaining: 1m 6s
Rendered 5144/9880, time remaining: 1m 4s
Rendered 5145/9880, time remaining: 1m 4s
Rendered 5146/9880, time remaining: 1m 6s
Rendered 5147/9880, time remaining: 1m 6s
Rendered 5148/9880, time remaining: 1m 6s
Rendered 5149/9880, time remaining: 1m 4s
Rendered 5150/9880, time remaining: 1m 4s
Rendered 5151/9880, time remaining: 1m 7s
Rendered 5152/9880, time remaining: 1m 7s
Rendered 5153/9880, time remaining: 1m 7s
Rendered 5154/9880, time remaining: 1m 5s
Rendered 5155/9880, time remaining: 1m 5s
Rendered 5156/9880, time remaining: 1m 7s
Rendered 5157/9880, time remaining: 1m 7s
Rendered 5158/9880, time remaining: 1m 7s
Rendered 5159/9880, time remaining: 1m 5s
Rendered 5160/9880, time remaining: 1m 4s
Rendered 5161/9880, time remaining: 1m 7s
Rendered 5162/9880, time remaining: 1m 7s
Rendered 5163/9880, time remaining: 1m 6s
Rendered 5164/9880, time remaining: 1m 4s
Rendered 5165/9880, time remaining: 1m 4s
Rendered 5166/9880, time remaining: 1m 6s
Rendered 5167/9880, time remaining: 1m 6s
Rendered 5168/9880, time remaining: 1m 6s
Rendered 5169/9880, time remaining: 1m 4s
Rendered 5170/9880, time remaining: 1m 4s
Rendered 5171/9880, time remaining: 1m 6s
Rendered 5172/9880, time remaining: 1m 6s
Rendered 5173/9880, time remaining: 1m 6s
Rendered 5174/9880, time remaining: 1m 4s
Rendered 5175/9880, time remaining: 1m 4s
Rendered 5176/9880, time remaining: 1m 6s
Rendered 5177/9880, time remaining: 1m 6s
Rendered 5178/9880, time remaining: 1m 6s
Rendered 5179/9880, time remaining: 1m 4s
Rendered 5180/9880, time remaining: 1m 4s
Rendered 5181/9880, time remaining: 1m 6s
Rendered 5182/9880, time remaining: 1m 6s
Rendered 5183/9880, time remaining: 1m 6s
Rendered 5184/9880, time remaining: 1m 4s
Rendered 5185/9880, time remaining: 1m 4s
Rendered 5186/9880, time remaining: 1m 6s
Rendered 5187/9880, time remaining: 1m 6s
Rendered 5188/9880, time remaining: 1m 6s
Rendered 5189/9880, time remaining: 1m 4s
Rendered 5190/9880, time remaining: 1m 4s
Rendered 5191/9880, time remaining: 1m 6s
Rendered 5192/9880, time remaining: 1m 6s
Rendered 5193/9880, time remaining: 1m 6s
Rendered 5194/9880, time remaining: 1m 4s
Rendered 5195/9880, time remaining: 1m 4s
Rendered 5196/9880, time remaining: 1m 5s
Rendered 5197/9880, time remaining: 1m 5s
Rendered 5198/9880, time remaining: 1m 5s
Rendered 5199/9880, time remaining: 1m 4s
Rendered 5200/9880, time remaining: 1m 4s
Rendered 5201/9880, time remaining: 1m 6s
Rendered 5202/9880, time remaining: 1m 6s
Rendered 5203/9880, time remaining: 1m 6s
Rendered 5204/9880, time remaining: 1m 4s
Rendered 5205/9880, time remaining: 1m 4s
Rendered 5206/9880, time remaining: 1m 6s
Rendered 5207/9880, time remaining: 1m 6s
Rendered 5208/9880, time remaining: 1m 6s
Rendered 5209/9880, time remaining: 1m 3s
Rendered 5210/9880, time remaining: 1m 3s
Rendered 5211/9880, time remaining: 1m 6s
Rendered 5212/9880, time remaining: 1m 6s
Rendered 5213/9880, time remaining: 1m 6s
Rendered 5214/9880, time remaining: 1m 4s
Rendered 5215/9880, time remaining: 1m 4s
Rendered 5216/9880, time remaining: 1m 6s
Rendered 5217/9880, time remaining: 1m 6s
Rendered 5218/9880, time remaining: 1m 5s
Rendered 5219/9880, time remaining: 1m 4s
Rendered 5220/9880, time remaining: 1m 4s
Rendered 5221/9880, time remaining: 1m 6s
Rendered 5222/9880, time remaining: 1m 6s
Rendered 5223/9880, time remaining: 1m 5s
Rendered 5224/9880, time remaining: 1m 4s
Rendered 5225/9880, time remaining: 1m 4s
Rendered 5226/9880, time remaining: 1m 6s
Rendered 5227/9880, time remaining: 1m 5s
Rendered 5228/9880, time remaining: 1m 5s
Rendered 5229/9880, time remaining: 1m 4s
Rendered 5230/9880, time remaining: 1m 4s
Rendered 5231/9880, time remaining: 1m 6s
Rendered 5232/9880, time remaining: 1m 5s
Rendered 5233/9880, time remaining: 1m 5s
Rendered 5234/9880, time remaining: 1m 3s
Rendered 5235/9880, time remaining: 1m 3s
Rendered 5236/9880, time remaining: 1m 5s
Rendered 5237/9880, time remaining: 1m 5s
Rendered 5238/9880, time remaining: 1m 5s
Rendered 5239/9880, time remaining: 1m 3s
Rendered 5240/9880, time remaining: 1m 3s
Rendered 5241/9880, time remaining: 1m 5s
Rendered 5242/9880, time remaining: 1m 5s
Rendered 5243/9880, time remaining: 1m 5s
Rendered 5244/9880, time remaining: 1m 4s
Rendered 5245/9880, time remaining: 1m 4s
Rendered 5246/9880, time remaining: 1m 5s
Rendered 5247/9880, time remaining: 1m 5s
Rendered 5248/9880, time remaining: 1m 5s
Rendered 5249/9880, time remaining: 1m 4s
Rendered 5250/9880, time remaining: 1m 4s
Rendered 5251/9880, time remaining: 1m 5s
Rendered 5252/9880, time remaining: 1m 5s
Rendered 5253/9880, time remaining: 1m 5s
Rendered 5254/9880, time remaining: 1m 4s
Rendered 5255/9880, time remaining: 1m 4s
Rendered 5256/9880, time remaining: 1m 5s
Rendered 5257/9880, time remaining: 1m 5s
Rendered 5258/9880, time remaining: 1m 5s
Rendered 5259/9880, time remaining: 1m 4s
Rendered 5260/9880, time remaining: 1m 4s
Rendered 5261/9880, time remaining: 1m 5s
Rendered 5262/9880, time remaining: 1m 5s
Rendered 5263/9880, time remaining: 1m 5s
Rendered 5264/9880, time remaining: 1m 4s
Rendered 5265/9880, time remaining: 1m 4s
Rendered 5266/9880, time remaining: 1m 5s
Rendered 5267/9880, time remaining: 1m 5s
Rendered 5268/9880, time remaining: 1m 5s
Rendered 5269/9880, time remaining: 1m 4s
Rendered 5270/9880, time remaining: 1m 4s
Rendered 5271/9880, time remaining: 1m 5s
Rendered 5272/9880, time remaining: 1m 5s
Rendered 5273/9880, time remaining: 1m 5s
Rendered 5274/9880, time remaining: 1m 5s
Rendered 5275/9880, time remaining: 1m 5s
Rendered 5276/9880, time remaining: 1m 4s
Rendered 5277/9880, time remaining: 1m 4s
Rendered 5278/9880, time remaining: 1m 4s
Rendered 5279/9880, time remaining: 1m 4s
Rendered 5280/9880, time remaining: 1m 4s
Rendered 5281/9880, time remaining: 1m 4s
Rendered 5282/9880, time remaining: 1m 4s
Rendered 5283/9880, time remaining: 1m 4s
Rendered 5284/9880, time remaining: 1m 4s
Rendered 5285/9880, time remaining: 1m 4s
Rendered 5286/9880, time remaining: 1m 5s
Rendered 5287/9880, time remaining: 1m 5s
Rendered 5288/9880, time remaining: 1m 5s
Rendered 5289/9880, time remaining: 1m 5s
Rendered 5290/9880, time remaining: 1m 5s
Rendered 5291/9880, time remaining: 1m 5s
Rendered 5292/9880, time remaining: 1m 5s
Rendered 5293/9880, time remaining: 1m 5s
Rendered 5294/9880, time remaining: 1m 5s
Rendered 5295/9880, time remaining: 1m 5s
Rendered 5296/9880, time remaining: 1m 5s
Rendered 5297/9880, time remaining: 1m 5s
Rendered 5298/9880, time remaining: 1m 5s
Rendered 5299/9880, time remaining: 1m 5s
Rendered 5300/9880, time remaining: 1m 5s
Rendered 5301/9880, time remaining: 1m 4s
Rendered 5302/9880, time remaining: 1m 4s
Rendered 5303/9880, time remaining: 1m 4s
Rendered 5304/9880, time remaining: 1m 4s
Rendered 5305/9880, time remaining: 1m 4s
Rendered 5306/9880, time remaining: 1m 5s
Rendered 5307/9880, time remaining: 1m 5s
Rendered 5308/9880, time remaining: 1m 5s
Rendered 5309/9880, time remaining: 1m 5s
Rendered 5310/9880, time remaining: 1m 5s
Rendered 5311/9880, time remaining: 1m 4s
Rendered 5312/9880, time remaining: 1m 4s
Rendered 5313/9880, time remaining: 1m 5s
Rendered 5314/9880, time remaining: 1m 5s
Rendered 5315/9880, time remaining: 1m 5s
Rendered 5316/9880, time remaining: 1m 3s
Rendered 5317/9880, time remaining: 1m 3s
Rendered 5318/9880, time remaining: 1m 4s
Rendered 5319/9880, time remaining: 1m 4s
Rendered 5320/9880, time remaining: 1m 4s
Rendered 5321/9880, time remaining: 1m 3s
Rendered 5322/9880, time remaining: 1m 3s
Rendered 5323/9880, time remaining: 1m 4s
Rendered 5324/9880, time remaining: 1m 4s
Rendered 5325/9880, time remaining: 1m 4s
Rendered 5326/9880, time remaining: 1m 3s
Rendered 5327/9880, time remaining: 1m 3s
Rendered 5328/9880, time remaining: 1m 4s
Rendered 5329/9880, time remaining: 1m 4s
Rendered 5330/9880, time remaining: 1m 4s
Rendered 5331/9880, time remaining: 1m 3s
Rendered 5332/9880, time remaining: 1m 3s
Rendered 5333/9880, time remaining: 1m 4s
Rendered 5334/9880, time remaining: 1m 4s
Rendered 5335/9880, time remaining: 1m 4s
Rendered 5336/9880, time remaining: 1m 3s
Rendered 5337/9880, time remaining: 1m 3s
Rendered 5338/9880, time remaining: 1m 4s
Rendered 5339/9880, time remaining: 1m 4s
Rendered 5340/9880, time remaining: 1m 4s
Rendered 5341/9880, time remaining: 1m 2s
Rendered 5342/9880, time remaining: 1m 2s
Rendered 5343/9880, time remaining: 1m 4s
Rendered 5344/9880, time remaining: 1m 4s
Rendered 5345/9880, time remaining: 1m 4s
Rendered 5346/9880, time remaining: 1m 2s
Rendered 5347/9880, time remaining: 1m 2s
Rendered 5348/9880, time remaining: 1m 5s
Rendered 5349/9880, time remaining: 1m 4s
Rendered 5350/9880, time remaining: 1m 4s
Rendered 5351/9880, time remaining: 1m 2s
Rendered 5352/9880, time remaining: 1m 2s
Rendered 5353/9880, time remaining: 1m 3s
Rendered 5354/9880, time remaining: 1m 3s
Rendered 5355/9880, time remaining: 1m 4s
Rendered 5356/9880, time remaining: 1m 2s
Rendered 5357/9880, time remaining: 1m 2s
Rendered 5358/9880, time remaining: 1m 3s
Rendered 5359/9880, time remaining: 1m 3s
Rendered 5360/9880, time remaining: 1m 4s
Rendered 5361/9880, time remaining: 1m 1s
Rendered 5362/9880, time remaining: 1m 1s
Rendered 5363/9880, time remaining: 1m 3s
Rendered 5364/9880, time remaining: 1m 3s
Rendered 5365/9880, time remaining: 1m 3s
Rendered 5366/9880, time remaining: 1m 1s
Rendered 5367/9880, time remaining: 1m 2s
Rendered 5368/9880, time remaining: 1m 3s
Rendered 5369/9880, time remaining: 1m 3s
Rendered 5370/9880, time remaining: 1m 3s
Rendered 5371/9880, time remaining: 1m 2s
Rendered 5372/9880, time remaining: 1m 2s
Rendered 5373/9880, time remaining: 1m 2s
Rendered 5374/9880, time remaining: 1m 2s
Rendered 5375/9880, time remaining: 1m 3s
Rendered 5376/9880, time remaining: 1m 1s
Rendered 5377/9880, time remaining: 1m 2s
Rendered 5378/9880, time remaining: 1m 2s
Rendered 5379/9880, time remaining: 1m 2s
Rendered 5380/9880, time remaining: 1m 4s
Rendered 5381/9880, time remaining: 1m 2s
Rendered 5382/9880, time remaining: 1m 2s
Rendered 5383/9880, time remaining: 1m 2s
Rendered 5384/9880, time remaining: 1m 2s
Rendered 5385/9880, time remaining: 1m 4s
Rendered 5386/9880, time remaining: 1m 2s
Rendered 5387/9880, time remaining: 1m 2s
Rendered 5388/9880, time remaining: 1m 2s
Rendered 5389/9880, time remaining: 1m 2s
Rendered 5390/9880, time remaining: 1m 4s
Rendered 5391/9880, time remaining: 1m 1s
Rendered 5392/9880, time remaining: 1m 1s
Rendered 5393/9880, time remaining: 1m 1s
Rendered 5394/9880, time remaining: 1m 1s
Rendered 5395/9880, time remaining: 1m 4s
Rendered 5396/9880, time remaining: 1m 2s
Rendered 5397/9880, time remaining: 1m 2s
Rendered 5398/9880, time remaining: 1m 2s
Rendered 5399/9880, time remaining: 1m 2s
Rendered 5400/9880, time remaining: 1m 4s
Rendered 5401/9880, time remaining: 1m 2s
Rendered 5402/9880, time remaining: 1m 2s
Rendered 5403/9880, time remaining: 1m 2s
Rendered 5404/9880, time remaining: 1m 2s
Rendered 5405/9880, time remaining: 1m 5s
Rendered 5406/9880, time remaining: 1m 3s
Rendered 5407/9880, time remaining: 1m 3s
Rendered 5408/9880, time remaining: 1m 3s
Rendered 5409/9880, time remaining: 1m 3s
Rendered 5410/9880, time remaining: 1m 5s
Rendered 5411/9880, time remaining: 1m 3s
Rendered 5412/9880, time remaining: 1m 3s
Rendered 5413/9880, time remaining: 1m 3s
Rendered 5414/9880, time remaining: 1m 3s
Rendered 5415/9880, time remaining: 1m 5s
Rendered 5416/9880, time remaining: 1m 3s
Rendered 5417/9880, time remaining: 1m 3s
Rendered 5418/9880, time remaining: 1m 3s
Rendered 5419/9880, time remaining: 1m 3s
Rendered 5420/9880, time remaining: 1m 5s
Rendered 5421/9880, time remaining: 1m 3s
Rendered 5422/9880, time remaining: 1m 3s
Rendered 5423/9880, time remaining: 1m 3s
Rendered 5424/9880, time remaining: 1m 3s
Rendered 5425/9880, time remaining: 1m 5s
Rendered 5426/9880, time remaining: 1m 3s
Rendered 5427/9880, time remaining: 1m 3s
Rendered 5428/9880, time remaining: 1m 3s
Rendered 5429/9880, time remaining: 1m 3s
Rendered 5430/9880, time remaining: 1m 5s
Rendered 5431/9880, time remaining: 1m 3s
Rendered 5432/9880, time remaining: 1m 3s
Rendered 5433/9880, time remaining: 1m 3s
Rendered 5434/9880, time remaining: 1m 3s
Rendered 5435/9880, time remaining: 1m 6s
Rendered 5436/9880, time remaining: 1m 3s
Rendered 5437/9880, time remaining: 1m 3s
Rendered 5438/9880, time remaining: 1m 3s
Rendered 5439/9880, time remaining: 1m 3s
Rendered 5440/9880, time remaining: 1m 5s
Rendered 5441/9880, time remaining: 1m 3s
Rendered 5442/9880, time remaining: 1m 3s
Rendered 5443/9880, time remaining: 1m 3s
Rendered 5444/9880, time remaining: 1m 3s
Rendered 5445/9880, time remaining: 1m 5s
Rendered 5446/9880, time remaining: 1m 3s
Rendered 5447/9880, time remaining: 1m 3s
Rendered 5448/9880, time remaining: 1m 3s
Rendered 5449/9880, time remaining: 1m 3s
Rendered 5450/9880, time remaining: 1m 5s
Rendered 5451/9880, time remaining: 1m 3s
Rendered 5452/9880, time remaining: 1m 3s
Rendered 5453/9880, time remaining: 1m 3s
Rendered 5454/9880, time remaining: 1m 3s
Rendered 5455/9880, time remaining: 1m 5s
Rendered 5456/9880, time remaining: 1m 2s
Rendered 5457/9880, time remaining: 1m 2s
Rendered 5458/9880, time remaining: 1m 2s
Rendered 5459/9880, time remaining: 1m 2s
Rendered 5460/9880, time remaining: 1m 5s
Rendered 5461/9880, time remaining: 1m 3s
Rendered 5462/9880, time remaining: 1m 3s
Rendered 5463/9880, time remaining: 1m 3s
Rendered 5464/9880, time remaining: 1m 3s
Rendered 5465/9880, time remaining: 1m 5s
Rendered 5466/9880, time remaining: 1m 3s
Rendered 5467/9880, time remaining: 1m 3s
Rendered 5468/9880, time remaining: 1m 3s
Rendered 5469/9880, time remaining: 1m 3s
Rendered 5470/9880, time remaining: 1m 4s
Rendered 5471/9880, time remaining: 1m 4s
Rendered 5472/9880, time remaining: 1m 4s
Rendered 5473/9880, time remaining: 1m 2s
Rendered 5474/9880, time remaining: 1m 2s
Rendered 5475/9880, time remaining: 1m 4s
Rendered 5476/9880, time remaining: 1m 4s
Rendered 5477/9880, time remaining: 1m 3s
Rendered 5478/9880, time remaining: 1m 2s
Rendered 5479/9880, time remaining: 1m 2s
Rendered 5480/9880, time remaining: 1m 4s
Rendered 5481/9880, time remaining: 1m 4s
Rendered 5482/9880, time remaining: 1m 3s
Rendered 5483/9880, time remaining: 1m 2s
Rendered 5484/9880, time remaining: 1m 2s
Rendered 5485/9880, time remaining: 1m 4s
Rendered 5486/9880, time remaining: 1m 4s
Rendered 5487/9880, time remaining: 1m 4s
Rendered 5488/9880, time remaining: 1m 2s
Rendered 5489/9880, time remaining: 1m 2s
Rendered 5490/9880, time remaining: 1m 5s
Rendered 5491/9880, time remaining: 1m 4s
Rendered 5492/9880, time remaining: 1m 4s
Rendered 5493/9880, time remaining: 1m 3s
Rendered 5494/9880, time remaining: 1m 3s
Rendered 5495/9880, time remaining: 1m 4s
Rendered 5496/9880, time remaining: 1m 4s
Rendered 5497/9880, time remaining: 1m 4s
Rendered 5498/9880, time remaining: 1m 2s
Rendered 5499/9880, time remaining: 1m 2s
Rendered 5500/9880, time remaining: 1m 3s
Rendered 5501/9880, time remaining: 1m 4s
Rendered 5502/9880, time remaining: 1m 4s
Rendered 5503/9880, time remaining: 1m 3s
Rendered 5504/9880, time remaining: 1m 3s
Rendered 5505/9880, time remaining: 1m 2s
Rendered 5506/9880, time remaining: 1m 4s
Rendered 5507/9880, time remaining: 1m 4s
Rendered 5508/9880, time remaining: 1m 3s
Rendered 5509/9880, time remaining: 1m 2s
Rendered 5510/9880, time remaining: 1m 2s
Rendered 5511/9880, time remaining: 1m 4s
Rendered 5512/9880, time remaining: 1m 4s
Rendered 5513/9880, time remaining: 1m 3s
Rendered 5514/9880, time remaining: 1m 3s
Rendered 5515/9880, time remaining: 1m 3s
Rendered 5516/9880, time remaining: 1m 4s
Rendered 5517/9880, time remaining: 1m 4s
Rendered 5518/9880, time remaining: 1m 3s
Rendered 5519/9880, time remaining: 1m 3s
Rendered 5520/9880, time remaining: 1m 2s
Rendered 5521/9880, time remaining: 1m 5s
Rendered 5522/9880, time remaining: 1m 5s
Rendered 5523/9880, time remaining: 1m 4s
Rendered 5524/9880, time remaining: 1m 4s
Rendered 5525/9880, time remaining: 1m 3s
Rendered 5526/9880, time remaining: 1m 5s
Rendered 5527/9880, time remaining: 1m 5s
Rendered 5528/9880, time remaining: 1m 5s
Rendered 5529/9880, time remaining: 1m 5s
Rendered 5530/9880, time remaining: 1m 3s
Rendered 5531/9880, time remaining: 1m 4s
Rendered 5532/9880, time remaining: 1m 4s
Rendered 5533/9880, time remaining: 1m 4s
Rendered 5534/9880, time remaining: 1m 4s
Rendered 5535/9880, time remaining: 1m 3s
Rendered 5536/9880, time remaining: 1m 4s
Rendered 5537/9880, time remaining: 1m 4s
Rendered 5538/9880, time remaining: 1m 4s
Rendered 5539/9880, time remaining: 1m 4s
Rendered 5540/9880, time remaining: 1m 2s
Rendered 5541/9880, time remaining: 1m 5s
Rendered 5542/9880, time remaining: 1m 5s
Rendered 5543/9880, time remaining: 1m 5s
Rendered 5544/9880, time remaining: 1m 4s
Rendered 5545/9880, time remaining: 1m 2s
Rendered 5546/9880, time remaining: 1m 4s
Rendered 5547/9880, time remaining: 1m 4s
Rendered 5548/9880, time remaining: 1m 4s
Rendered 5549/9880, time remaining: 1m 4s
Rendered 5550/9880, time remaining: 1m 2s
Rendered 5551/9880, time remaining: 1m 3s
Rendered 5552/9880, time remaining: 1m 3s
Rendered 5553/9880, time remaining: 1m 3s
Rendered 5554/9880, time remaining: 1m 3s
Rendered 5555/9880, time remaining: 1m 1s
Rendered 5556/9880, time remaining: 1m 3s
Rendered 5557/9880, time remaining: 1m 3s
Rendered 5558/9880, time remaining: 1m 3s
Rendered 5559/9880, time remaining: 1m 3s
Rendered 5560/9880, time remaining: 1m 2s
Rendered 5561/9880, time remaining: 1m 4s
Rendered 5562/9880, time remaining: 1m 4s
Rendered 5563/9880, time remaining: 1m 4s
Rendered 5564/9880, time remaining: 1m 4s
Rendered 5565/9880, time remaining: 1m 1s
Rendered 5566/9880, time remaining: 1m 4s
Rendered 5567/9880, time remaining: 1m 4s
Rendered 5568/9880, time remaining: 1m 4s
Rendered 5569/9880, time remaining: 1m 4s
Rendered 5570/9880, time remaining: 1m 1s
Rendered 5571/9880, time remaining: 1m 4s
Rendered 5572/9880, time remaining: 1m 4s
Rendered 5573/9880, time remaining: 1m 4s
Rendered 5574/9880, time remaining: 1m 4s
Rendered 5575/9880, time remaining: 1m 2s
Rendered 5576/9880, time remaining: 1m 4s
Rendered 5577/9880, time remaining: 1m 4s
Rendered 5578/9880, time remaining: 1m 4s
Rendered 5579/9880, time remaining: 1m 4s
Rendered 5580/9880, time remaining: 1m 2s
Rendered 5581/9880, time remaining: 1m 4s
Rendered 5582/9880, time remaining: 1m 4s
Rendered 5583/9880, time remaining: 1m 4s
Rendered 5584/9880, time remaining: 1m 4s
Rendered 5585/9880, time remaining: 1m 2s
Rendered 5586/9880, time remaining: 1m 4s
Rendered 5587/9880, time remaining: 1m 4s
Rendered 5588/9880, time remaining: 1m 4s
Rendered 5589/9880, time remaining: 1m 4s
Rendered 5590/9880, time remaining: 1m 2s
Rendered 5591/9880, time remaining: 1m 3s
Rendered 5592/9880, time remaining: 1m 4s
Rendered 5593/9880, time remaining: 1m 4s
Rendered 5594/9880, time remaining: 1m 4s
Rendered 5595/9880, time remaining: 1m 2s
Rendered 5596/9880, time remaining: 1m 3s
Rendered 5597/9880, time remaining: 1m 3s
Rendered 5598/9880, time remaining: 1m 3s
Rendered 5599/9880, time remaining: 1m 3s
Rendered 5600/9880, time remaining: 1m 2s
Rendered 5601/9880, time remaining: 1m 2s
Rendered 5602/9880, time remaining: 1m 3s
Rendered 5603/9880, time remaining: 1m 3s
Rendered 5604/9880, time remaining: 1m 3s
Rendered 5605/9880, time remaining: 1m 2s
Rendered 5606/9880, time remaining: 1m 2s
Rendered 5607/9880, time remaining: 1m 3s
Rendered 5608/9880, time remaining: 1m 3s
Rendered 5609/9880, time remaining: 1m 3s
Rendered 5610/9880, time remaining: 1m 1s
Rendered 5611/9880, time remaining: 1m 1s
Rendered 5612/9880, time remaining: 1m 3s
Rendered 5613/9880, time remaining: 1m 3s
Rendered 5614/9880, time remaining: 1m 3s
Rendered 5615/9880, time remaining: 1m 1s
Rendered 5616/9880, time remaining: 1m 1s
Rendered 5617/9880, time remaining: 1m 4s
Rendered 5618/9880, time remaining: 1m 4s
Rendered 5619/9880, time remaining: 1m 3s
Rendered 5620/9880, time remaining: 1m 2s
Rendered 5621/9880, time remaining: 1m 2s
Rendered 5622/9880, time remaining: 1m 4s
Rendered 5623/9880, time remaining: 1m 4s
Rendered 5624/9880, time remaining: 1m 4s
Rendered 5625/9880, time remaining: 1m 2s
Rendered 5626/9880, time remaining: 1m 2s
Rendered 5627/9880, time remaining: 1m 4s
Rendered 5628/9880, time remaining: 1m 4s
Rendered 5629/9880, time remaining: 1m 4s
Rendered 5630/9880, time remaining: 1m 3s
Rendered 5631/9880, time remaining: 1m 2s
Rendered 5632/9880, time remaining: 1m 5s
Rendered 5633/9880, time remaining: 1m 5s
Rendered 5634/9880, time remaining: 1m 5s
Rendered 5635/9880, time remaining: 1m 3s
Rendered 5636/9880, time remaining: 1m 3s
Rendered 5637/9880, time remaining: 1m 5s
Rendered 5638/9880, time remaining: 1m 5s
Rendered 5639/9880, time remaining: 1m 5s
Rendered 5640/9880, time remaining: 1m 3s
Rendered 5641/9880, time remaining: 1m 3s
Rendered 5642/9880, time remaining: 1m 5s
Rendered 5643/9880, time remaining: 1m 5s
Rendered 5644/9880, time remaining: 1m 5s
Rendered 5645/9880, time remaining: 1m 4s
Rendered 5646/9880, time remaining: 1m 3s
Rendered 5647/9880, time remaining: 1m 5s
Rendered 5648/9880, time remaining: 1m 5s
Rendered 5649/9880, time remaining: 1m 5s
Rendered 5650/9880, time remaining: 1m 5s
Rendered 5651/9880, time remaining: 1m 3s
Rendered 5652/9880, time remaining: 1m 6s
Rendered 5653/9880, time remaining: 1m 5s
Rendered 5654/9880, time remaining: 1m 5s
Rendered 5655/9880, time remaining: 1m 5s
Rendered 5656/9880, time remaining: 1m 4s
Rendered 5657/9880, time remaining: 1m 6s
Rendered 5658/9880, time remaining: 1m 6s
Rendered 5659/9880, time remaining: 1m 6s
Rendered 5660/9880, time remaining: 1m 6s
Rendered 5661/9880, time remaining: 1m 3s
Rendered 5662/9880, time remaining: 1m 6s
Rendered 5663/9880, time remaining: 1m 6s
Rendered 5664/9880, time remaining: 1m 6s
Rendered 5665/9880, time remaining: 1m 6s
Rendered 5666/9880, time remaining: 1m 4s
Rendered 5667/9880, time remaining: 1m 6s
Rendered 5668/9880, time remaining: 1m 6s
Rendered 5669/9880, time remaining: 1m 6s
Rendered 5670/9880, time remaining: 1m 6s
Rendered 5671/9880, time remaining: 1m 4s
Rendered 5672/9880, time remaining: 1m 6s
Rendered 5673/9880, time remaining: 1m 6s
Rendered 5674/9880, time remaining: 1m 6s
Rendered 5675/9880, time remaining: 1m 6s
Rendered 5676/9880, time remaining: 1m 4s
Rendered 5677/9880, time remaining: 1m 6s
Rendered 5678/9880, time remaining: 1m 6s
Rendered 5679/9880, time remaining: 1m 6s
Rendered 5680/9880, time remaining: 1m 6s
Rendered 5681/9880, time remaining: 1m 4s
Rendered 5682/9880, time remaining: 1m 6s
Rendered 5683/9880, time remaining: 1m 6s
Rendered 5684/9880, time remaining: 1m 6s
Rendered 5685/9880, time remaining: 1m 6s
Rendered 5686/9880, time remaining: 1m 5s
Rendered 5687/9880, time remaining: 1m 7s
Rendered 5688/9880, time remaining: 1m 7s
Rendered 5689/9880, time remaining: 1m 7s
Rendered 5690/9880, time remaining: 1m 7s
Rendered 5691/9880, time remaining: 1m 4s
Rendered 5692/9880, time remaining: 1m 7s
Rendered 5693/9880, time remaining: 1m 7s
Rendered 5694/9880, time remaining: 1m 7s
Rendered 5695/9880, time remaining: 1m 7s
Rendered 5696/9880, time remaining: 1m 5s
Rendered 5697/9880, time remaining: 1m 7s
Rendered 5698/9880, time remaining: 1m 7s
Rendered 5699/9880, time remaining: 1m 7s
Rendered 5700/9880, time remaining: 1m 7s
Rendered 5701/9880, time remaining: 1m 5s
Rendered 5702/9880, time remaining: 1m 8s
Rendered 5703/9880, time remaining: 1m 8s
Rendered 5704/9880, time remaining: 1m 7s
Rendered 5705/9880, time remaining: 1m 7s
Rendered 5706/9880, time remaining: 1m 5s
Rendered 5707/9880, time remaining: 1m 7s
Rendered 5708/9880, time remaining: 1m 7s
Rendered 5709/9880, time remaining: 1m 7s
Rendered 5710/9880, time remaining: 1m 7s
Rendered 5711/9880, time remaining: 1m 5s
Rendered 5712/9880, time remaining: 1m 7s
Rendered 5713/9880, time remaining: 1m 7s
Rendered 5714/9880, time remaining: 1m 7s
Rendered 5715/9880, time remaining: 1m 7s
Rendered 5716/9880, time remaining: 1m 5s
Rendered 5717/9880, time remaining: 1m 7s
Rendered 5718/9880, time remaining: 1m 7s
Rendered 5719/9880, time remaining: 1m 7s
Rendered 5720/9880, time remaining: 1m 7s
Rendered 5721/9880, time remaining: 1m 5s
Rendered 5722/9880, time remaining: 1m 7s
Rendered 5723/9880, time remaining: 1m 7s
Rendered 5724/9880, time remaining: 1m 7s
Rendered 5725/9880, time remaining: 1m 7s
Rendered 5726/9880, time remaining: 1m 5s
Rendered 5727/9880, time remaining: 1m 7s
Rendered 5728/9880, time remaining: 1m 7s
Rendered 5729/9880, time remaining: 1m 7s
Rendered 5730/9880, time remaining: 1m 7s
Rendered 5731/9880, time remaining: 1m 5s
Rendered 5732/9880, time remaining: 1m 7s
Rendered 5733/9880, time remaining: 1m 7s
Rendered 5734/9880, time remaining: 1m 7s
Rendered 5735/9880, time remaining: 1m 7s
Rendered 5736/9880, time remaining: 1m 5s
Rendered 5737/9880, time remaining: 1m 7s
Rendered 5738/9880, time remaining: 1m 7s
Rendered 5739/9880, time remaining: 1m 7s
Rendered 5740/9880, time remaining: 1m 7s
Rendered 5741/9880, time remaining: 1m 6s
Rendered 5742/9880, time remaining: 1m 7s
Rendered 5743/9880, time remaining: 1m 7s
Rendered 5744/9880, time remaining: 1m 7s
Rendered 5745/9880, time remaining: 1m 7s
Rendered 5746/9880, time remaining: 1m 6s
Rendered 5747/9880, time remaining: 1m 7s
Rendered 5748/9880, time remaining: 1m 7s
Rendered 5749/9880, time remaining: 1m 7s
Rendered 5750/9880, time remaining: 1m 7s
Rendered 5751/9880, time remaining: 1m 7s
Rendered 5752/9880, time remaining: 1m 8s
Rendered 5753/9880, time remaining: 1m 8s
Rendered 5754/9880, time remaining: 1m 8s
Rendered 5755/9880, time remaining: 1m 7s
Rendered 5756/9880, time remaining: 1m 7s
Rendered 5757/9880, time remaining: 1m 8s
Rendered 5758/9880, time remaining: 1m 8s
Rendered 5759/9880, time remaining: 1m 8s
Rendered 5760/9880, time remaining: 1m 8s
Rendered 5761/9880, time remaining: 1m 8s
Rendered 5762/9880, time remaining: 1m 8s
Rendered 5763/9880, time remaining: 1m 8s
Rendered 5764/9880, time remaining: 1m 8s
Rendered 5765/9880, time remaining: 1m 8s
Rendered 5766/9880, time remaining: 1m 8s
Rendered 5767/9880, time remaining: 1m 8s
Rendered 5768/9880, time remaining: 1m 8s
Rendered 5769/9880, time remaining: 1m 8s
Rendered 5770/9880, time remaining: 1m 8s
Rendered 5771/9880, time remaining: 1m 8s
Rendered 5772/9880, time remaining: 1m 8s
Rendered 5773/9880, time remaining: 1m 8s
Rendered 5774/9880, time remaining: 1m 8s
Rendered 5775/9880, time remaining: 1m 8s
Rendered 5776/9880, time remaining: 1m 8s
Rendered 5777/9880, time remaining: 1m 8s
Rendered 5778/9880, time remaining: 1m 8s
Rendered 5779/9880, time remaining: 1m 8s
Rendered 5780/9880, time remaining: 1m 8s
Rendered 5781/9880, time remaining: 1m 8s
Rendered 5782/9880, time remaining: 1m 8s
Rendered 5783/9880, time remaining: 1m 8s
Rendered 5784/9880, time remaining: 1m 8s
Rendered 5785/9880, time remaining: 1m 8s
Rendered 5786/9880, time remaining: 1m 8s
Rendered 5787/9880, time remaining: 1m 8s
Rendered 5788/9880, time remaining: 1m 8s
Rendered 5789/9880, time remaining: 1m 8s
Rendered 5790/9880, time remaining: 1m 8s
Rendered 5791/9880, time remaining: 1m 8s
Rendered 5792/9880, time remaining: 1m 8s
Rendered 5793/9880, time remaining: 1m 8s
Rendered 5794/9880, time remaining: 1m 8s
Rendered 5795/9880, time remaining: 1m 8s
Rendered 5796/9880, time remaining: 1m 7s
Rendered 5797/9880, time remaining: 1m 8s
Rendered 5798/9880, time remaining: 1m 8s
Rendered 5799/9880, time remaining: 1m 7s
Rendered 5800/9880, time remaining: 1m 7s
Rendered 5801/9880, time remaining: 1m 7s
Rendered 5802/9880, time remaining: 1m 7s
Rendered 5803/9880, time remaining: 1m 7s
Rendered 5804/9880, time remaining: 1m 7s
Rendered 5805/9880, time remaining: 1m 7s
Rendered 5806/9880, time remaining: 1m 7s
Rendered 5807/9880, time remaining: 1m 7s
Rendered 5808/9880, time remaining: 1m 7s
Rendered 5809/9880, time remaining: 1m 7s
Rendered 5810/9880, time remaining: 1m 7s
Rendered 5811/9880, time remaining: 1m 7s
Rendered 5812/9880, time remaining: 1m 7s
Rendered 5813/9880, time remaining: 1m 7s
Rendered 5814/9880, time remaining: 1m 7s
Rendered 5815/9880, time remaining: 1m 7s
Rendered 5816/9880, time remaining: 1m 7s
Rendered 5817/9880, time remaining: 1m 7s
Rendered 5818/9880, time remaining: 1m 7s
Rendered 5819/9880, time remaining: 1m 7s
Rendered 5820/9880, time remaining: 1m 7s
Rendered 5821/9880, time remaining: 1m 7s
Rendered 5822/9880, time remaining: 1m 7s
Rendered 5823/9880, time remaining: 1m 7s
Rendered 5824/9880, time remaining: 1m 7s
Rendered 5825/9880, time remaining: 1m 7s
Rendered 5826/9880, time remaining: 1m 7s
Rendered 5827/9880, time remaining: 1m 7s
Rendered 5828/9880, time remaining: 1m 7s
Rendered 5829/9880, time remaining: 1m 7s
Rendered 5830/9880, time remaining: 1m 7s
Rendered 5831/9880, time remaining: 1m 7s
Rendered 5832/9880, time remaining: 1m 7s
Rendered 5833/9880, time remaining: 1m 7s
Rendered 5834/9880, time remaining: 1m 7s
Rendered 5835/9880, time remaining: 1m 7s
Rendered 5836/9880, time remaining: 1m 7s
Rendered 5837/9880, time remaining: 1m 7s
Rendered 5838/9880, time remaining: 1m 7s
Rendered 5839/9880, time remaining: 1m 7s
Rendered 5840/9880, time remaining: 1m 7s
Rendered 5841/9880, time remaining: 1m 7s
Rendered 5842/9880, time remaining: 1m 7s
Rendered 5843/9880, time remaining: 1m 7s
Rendered 5844/9880, time remaining: 1m 7s
Rendered 5845/9880, time remaining: 1m 7s
Rendered 5846/9880, time remaining: 1m 7s
Rendered 5847/9880, time remaining: 1m 7s
Rendered 5848/9880, time remaining: 1m 7s
Rendered 5849/9880, time remaining: 1m 7s
Rendered 5850/9880, time remaining: 1m 7s
Rendered 5851/9880, time remaining: 1m 7s
Rendered 5852/9880, time remaining: 1m 7s
Rendered 5853/9880, time remaining: 1m 7s
Rendered 5854/9880, time remaining: 1m 7s
Rendered 5855/9880, time remaining: 1m 7s
Rendered 5856/9880, time remaining: 1m 7s
Rendered 5857/9880, time remaining: 1m 6s
Rendered 5858/9880, time remaining: 1m 6s
Rendered 5859/9880, time remaining: 1m 6s
Rendered 5860/9880, time remaining: 1m 6s
Rendered 5861/9880, time remaining: 1m 6s
Rendered 5862/9880, time remaining: 1m 7s
Rendered 5863/9880, time remaining: 1m 7s
Rendered 5864/9880, time remaining: 1m 7s
Rendered 5865/9880, time remaining: 1m 6s
Rendered 5866/9880, time remaining: 1m 6s
Rendered 5867/9880, time remaining: 1m 6s
Rendered 5868/9880, time remaining: 1m 6s
Rendered 5869/9880, time remaining: 1m 6s
Rendered 5870/9880, time remaining: 1m 6s
Rendered 5871/9880, time remaining: 1m 6s
Rendered 5872/9880, time remaining: 1m 6s
Rendered 5873/9880, time remaining: 1m 6s
Rendered 5874/9880, time remaining: 1m 6s
Rendered 5875/9880, time remaining: 1m 6s
Rendered 5876/9880, time remaining: 1m 6s
Rendered 5877/9880, time remaining: 1m 6s
Rendered 5878/9880, time remaining: 1m 6s
Rendered 5879/9880, time remaining: 1m 6s
Rendered 5880/9880, time remaining: 1m 6s
Rendered 5881/9880, time remaining: 1m 6s
Rendered 5882/9880, time remaining: 1m 6s
Rendered 5883/9880, time remaining: 1m 6s
Rendered 5884/9880, time remaining: 1m 6s
Rendered 5885/9880, time remaining: 1m 6s
Rendered 5886/9880, time remaining: 1m 6s
Rendered 5887/9880, time remaining: 1m 6s
Rendered 5888/9880, time remaining: 1m 6s
Rendered 5889/9880, time remaining: 1m 6s
Rendered 5890/9880, time remaining: 1m 6s
Rendered 5891/9880, time remaining: 1m 6s
Rendered 5892/9880, time remaining: 1m 6s
Rendered 5893/9880, time remaining: 1m 6s
Rendered 5894/9880, time remaining: 1m 6s
Rendered 5895/9880, time remaining: 1m 6s
Rendered 5896/9880, time remaining: 1m 6s
Rendered 5897/9880, time remaining: 1m 6s
Rendered 5898/9880, time remaining: 1m 6s
Rendered 5899/9880, time remaining: 1m 6s
Rendered 5900/9880, time remaining: 1m 6s
Rendered 5901/9880, time remaining: 1m 6s
Rendered 5902/9880, time remaining: 1m 6s
Rendered 5903/9880, time remaining: 1m 6s
Rendered 5904/9880, time remaining: 1m 6s
Rendered 5905/9880, time remaining: 1m 6s
Rendered 5906/9880, time remaining: 1m 6s
Rendered 5907/9880, time remaining: 1m 6s
Rendered 5908/9880, time remaining: 1m 6s
Rendered 5909/9880, time remaining: 1m 6s
Rendered 5910/9880, time remaining: 1m 6s
Rendered 5911/9880, time remaining: 1m 6s
Rendered 5912/9880, time remaining: 1m 6s
Rendered 5913/9880, time remaining: 1m 6s
Rendered 5914/9880, time remaining: 1m 6s
Rendered 5915/9880, time remaining: 1m 6s
Rendered 5916/9880, time remaining: 1m 5s
Rendered 5917/9880, time remaining: 1m 6s
Rendered 5918/9880, time remaining: 1m 6s
Rendered 5919/9880, time remaining: 1m 6s
Rendered 5920/9880, time remaining: 1m 6s
Rendered 5921/9880, time remaining: 1m 5s
Rendered 5922/9880, time remaining: 1m 6s
Rendered 5923/9880, time remaining: 1m 6s
Rendered 5924/9880, time remaining: 1m 6s
Rendered 5925/9880, time remaining: 1m 6s
Rendered 5926/9880, time remaining: 1m 5s
Rendered 5927/9880, time remaining: 1m 6s
Rendered 5928/9880, time remaining: 1m 6s
Rendered 5929/9880, time remaining: 1m 6s
Rendered 5930/9880, time remaining: 1m 5s
Rendered 5931/9880, time remaining: 1m 5s
Rendered 5932/9880, time remaining: 1m 5s
Rendered 5933/9880, time remaining: 1m 5s
Rendered 5934/9880, time remaining: 1m 5s
Rendered 5935/9880, time remaining: 1m 5s
Rendered 5936/9880, time remaining: 1m 5s
Rendered 5937/9880, time remaining: 1m 5s
Rendered 5938/9880, time remaining: 1m 5s
Rendered 5939/9880, time remaining: 1m 5s
Rendered 5940/9880, time remaining: 1m 5s
Rendered 5941/9880, time remaining: 1m 5s
Rendered 5942/9880, time remaining: 1m 5s
Rendered 5943/9880, time remaining: 1m 5s
Rendered 5944/9880, time remaining: 1m 5s
Rendered 5945/9880, time remaining: 1m 5s
Rendered 5946/9880, time remaining: 1m 5s
Rendered 5947/9880, time remaining: 1m 5s
Rendered 5948/9880, time remaining: 1m 5s
Rendered 5949/9880, time remaining: 1m 5s
Rendered 5950/9880, time remaining: 1m 5s
Rendered 5951/9880, time remaining: 1m 5s
Rendered 5952/9880, time remaining: 1m 5s
Rendered 5953/9880, time remaining: 1m 5s
Rendered 5954/9880, time remaining: 1m 5s
Rendered 5955/9880, time remaining: 1m 5s
Rendered 5956/9880, time remaining: 1m 5s
Rendered 5957/9880, time remaining: 1m 5s
Rendered 5958/9880, time remaining: 1m 5s
Rendered 5959/9880, time remaining: 1m 5s
Rendered 5960/9880, time remaining: 1m 5s
Rendered 5961/9880, time remaining: 1m 5s
Rendered 5962/9880, time remaining: 1m 5s
Rendered 5963/9880, time remaining: 1m 5s
Rendered 5964/9880, time remaining: 1m 5s
Rendered 5965/9880, time remaining: 1m 5s
Rendered 5966/9880, time remaining: 1m 5s
Rendered 5967/9880, time remaining: 1m 5s
Rendered 5968/9880, time remaining: 1m 5s
Rendered 5969/9880, time remaining: 1m 5s
Rendered 5970/9880, time remaining: 1m 5s
Rendered 5971/9880, time remaining: 1m 5s
Rendered 5972/9880, time remaining: 1m 5s
Rendered 5973/9880, time remaining: 1m 4s
Rendered 5974/9880, time remaining: 1m 4s
Rendered 5975/9880, time remaining: 1m 4s
Rendered 5976/9880, time remaining: 1m 5s
Rendered 5977/9880, time remaining: 1m 4s
Rendered 5978/9880, time remaining: 1m 4s
Rendered 5979/9880, time remaining: 1m 4s
Rendered 5980/9880, time remaining: 1m 4s
Rendered 5981/9880, time remaining: 1m 5s
Rendered 5982/9880, time remaining: 1m 4s
Rendered 5983/9880, time remaining: 1m 4s
Rendered 5984/9880, time remaining: 1m 4s
Rendered 5985/9880, time remaining: 1m 4s
Rendered 5986/9880, time remaining: 1m 4s
Rendered 5987/9880, time remaining: 1m 4s
Rendered 5988/9880, time remaining: 1m 4s
Rendered 5989/9880, time remaining: 1m 4s
Rendered 5990/9880, time remaining: 1m 4s
Rendered 5991/9880, time remaining: 1m 4s
Rendered 5992/9880, time remaining: 1m 4s
Rendered 5993/9880, time remaining: 1m 4s
Rendered 5994/9880, time remaining: 1m 4s
Rendered 5995/9880, time remaining: 1m 4s
Rendered 5996/9880, time remaining: 1m 4s
Rendered 5997/9880, time remaining: 1m 4s
Rendered 5998/9880, time remaining: 1m 4s
Rendered 5999/9880, time remaining: 1m 4s
Rendered 6000/9880, time remaining: 1m 4s
Rendered 6001/9880, time remaining: 1m 4s
Rendered 6002/9880, time remaining: 1m 4s
Rendered 6003/9880, time remaining: 1m 4s
Rendered 6004/9880, time remaining: 1m 4s
Rendered 6005/9880, time remaining: 1m 4s
Rendered 6006/9880, time remaining: 1m 4s
Rendered 6007/9880, time remaining: 1m 4s
Rendered 6008/9880, time remaining: 1m 4s
Rendered 6009/9880, time remaining: 1m 4s
Rendered 6010/9880, time remaining: 1m 4s
Rendered 6011/9880, time remaining: 1m 4s
Rendered 6012/9880, time remaining: 1m 4s
Rendered 6013/9880, time remaining: 1m 4s
Rendered 6014/9880, time remaining: 1m 4s
Rendered 6015/9880, time remaining: 1m 4s
Rendered 6016/9880, time remaining: 1m 4s
Rendered 6017/9880, time remaining: 1m 4s
Rendered 6018/9880, time remaining: 1m 4s
Rendered 6019/9880, time remaining: 1m 4s
Rendered 6020/9880, time remaining: 1m 4s
Rendered 6021/9880, time remaining: 1m 4s
Rendered 6022/9880, time remaining: 1m 4s
Rendered 6023/9880, time remaining: 1m 4s
Rendered 6024/9880, time remaining: 1m 4s
Rendered 6025/9880, time remaining: 1m 4s
Rendered 6026/9880, time remaining: 1m 4s
Rendered 6027/9880, time remaining: 1m 4s
Rendered 6028/9880, time remaining: 1m 4s
Rendered 6029/9880, time remaining: 1m 4s
Rendered 6030/9880, time remaining: 1m 4s
Rendered 6031/9880, time remaining: 1m 4s
Rendered 6032/9880, time remaining: 1m 4s
Rendered 6033/9880, time remaining: 1m 4s
Rendered 6034/9880, time remaining: 1m 4s
Rendered 6035/9880, time remaining: 1m 4s
Rendered 6036/9880, time remaining: 1m 4s
Rendered 6037/9880, time remaining: 1m 4s
Rendered 6038/9880, time remaining: 1m 4s
Rendered 6039/9880, time remaining: 1m 4s
Rendered 6040/9880, time remaining: 1m 4s
Rendered 6041/9880, time remaining: 1m 4s
Rendered 6042/9880, time remaining: 1m 3s
Rendered 6043/9880, time remaining: 1m 3s
Rendered 6044/9880, time remaining: 1m 3s
Rendered 6045/9880, time remaining: 1m 3s
Rendered 6046/9880, time remaining: 1m 3s
Rendered 6047/9880, time remaining: 1m 3s
Rendered 6048/9880, time remaining: 1m 3s
Rendered 6049/9880, time remaining: 1m 3s
Rendered 6050/9880, time remaining: 1m 3s
Rendered 6051/9880, time remaining: 1m 3s
Rendered 6052/9880, time remaining: 1m 3s
Rendered 6053/9880, time remaining: 1m 3s
Rendered 6054/9880, time remaining: 1m 3s
Rendered 6055/9880, time remaining: 1m 3s
Rendered 6056/9880, time remaining: 1m 3s
Rendered 6057/9880, time remaining: 1m 3s
Rendered 6058/9880, time remaining: 1m 3s
Rendered 6059/9880, time remaining: 1m 3s
Rendered 6060/9880, time remaining: 1m 3s
Rendered 6061/9880, time remaining: 1m 3s
Rendered 6062/9880, time remaining: 1m 3s
Rendered 6063/9880, time remaining: 1m 3s
Rendered 6064/9880, time remaining: 1m 3s
Rendered 6065/9880, time remaining: 1m 3s
Rendered 6066/9880, time remaining: 1m 3s
Rendered 6067/9880, time remaining: 1m 3s
Rendered 6068/9880, time remaining: 1m 3s
Rendered 6069/9880, time remaining: 1m 3s
Rendered 6070/9880, time remaining: 1m 3s
Rendered 6071/9880, time remaining: 1m 3s
Rendered 6072/9880, time remaining: 1m 3s
Rendered 6073/9880, time remaining: 1m 3s
Rendered 6074/9880, time remaining: 1m 3s
Rendered 6075/9880, time remaining: 1m 3s
Rendered 6076/9880, time remaining: 1m 3s
Rendered 6077/9880, time remaining: 1m 3s
Rendered 6078/9880, time remaining: 1m 3s
Rendered 6079/9880, time remaining: 1m 3s
Rendered 6080/9880, time remaining: 1m 3s
Rendered 6081/9880, time remaining: 1m 3s
Rendered 6082/9880, time remaining: 1m 3s
Rendered 6083/9880, time remaining: 1m 3s
Rendered 6084/9880, time remaining: 1m 3s
Rendered 6085/9880, time remaining: 1m 3s
Rendered 6086/9880, time remaining: 1m 3s
Rendered 6087/9880, time remaining: 1m 3s
Rendered 6088/9880, time remaining: 1m 3s
Rendered 6089/9880, time remaining: 1m 3s
Rendered 6090/9880, time remaining: 1m 3s
Rendered 6091/9880, time remaining: 1m 3s
Rendered 6092/9880, time remaining: 1m 3s
Rendered 6093/9880, time remaining: 1m 3s
Rendered 6094/9880, time remaining: 1m 3s
Rendered 6095/9880, time remaining: 1m 3s
Rendered 6096/9880, time remaining: 1m 3s
Rendered 6097/9880, time remaining: 1m 3s
Rendered 6098/9880, time remaining: 1m 3s
Rendered 6099/9880, time remaining: 1m 3s
Rendered 6100/9880, time remaining: 1m 3s
Rendered 6101/9880, time remaining: 1m 2s
Rendered 6102/9880, time remaining: 1m 2s
Rendered 6103/9880, time remaining: 1m 2s
Rendered 6104/9880, time remaining: 1m 2s
Rendered 6105/9880, time remaining: 1m 2s
Rendered 6106/9880, time remaining: 1m 2s
Rendered 6107/9880, time remaining: 1m 2s
Rendered 6108/9880, time remaining: 1m 2s
Rendered 6109/9880, time remaining: 1m 2s
Rendered 6110/9880, time remaining: 1m 2s
Rendered 6111/9880, time remaining: 1m 2s
Rendered 6112/9880, time remaining: 1m 2s
Rendered 6113/9880, time remaining: 1m 2s
Rendered 6114/9880, time remaining: 1m 2s
Rendered 6115/9880, time remaining: 1m 2s
Rendered 6116/9880, time remaining: 1m 2s
Rendered 6117/9880, time remaining: 1m 2s
Rendered 6118/9880, time remaining: 1m 2s
Rendered 6119/9880, time remaining: 1m 2s
Rendered 6120/9880, time remaining: 1m 2s
Rendered 6121/9880, time remaining: 1m 2s
Rendered 6122/9880, time remaining: 1m 2s
Rendered 6123/9880, time remaining: 1m 2s
Rendered 6124/9880, time remaining: 1m 2s
Rendered 6125/9880, time remaining: 1m 2s
Rendered 6126/9880, time remaining: 1m 2s
Rendered 6127/9880, time remaining: 1m 2s
Rendered 6128/9880, time remaining: 1m 2s
Rendered 6129/9880, time remaining: 1m 1s
Rendered 6130/9880, time remaining: 1m 1s
Rendered 6131/9880, time remaining: 1m 1s
Rendered 6132/9880, time remaining: 1m 1s
Rendered 6133/9880, time remaining: 1m 1s
Rendered 6134/9880, time remaining: 1m 1s
Rendered 6135/9880, time remaining: 1m 1s
Rendered 6136/9880, time remaining: 1m 1s
Rendered 6137/9880, time remaining: 1m 1s
Rendered 6138/9880, time remaining: 1m 1s
Rendered 6139/9880, time remaining: 1m 1s
Rendered 6140/9880, time remaining: 1m 1s
Rendered 6141/9880, time remaining: 1m 0s
Rendered 6142/9880, time remaining: 1m 0s
Rendered 6143/9880, time remaining: 1m 0s
Rendered 6144/9880, time remaining: 1m 0s
Rendered 6145/9880, time remaining: 1m 0s
Rendered 6146/9880, time remaining: 1m 0s
Rendered 6147/9880, time remaining: 59s
Rendered 6148/9880, time remaining: 59s
Rendered 6149/9880, time remaining: 59s
Rendered 6150/9880, time remaining: 59s
Rendered 6151/9880, time remaining: 59s
Rendered 6152/9880, time remaining: 59s
Rendered 6153/9880, time remaining: 59s
Rendered 6154/9880, time remaining: 59s
Rendered 6155/9880, time remaining: 59s
Rendered 6156/9880, time remaining: 59s
Rendered 6157/9880, time remaining: 58s
Rendered 6158/9880, time remaining: 58s
Rendered 6159/9880, time remaining: 58s
Rendered 6160/9880, time remaining: 58s
Rendered 6161/9880, time remaining: 58s
Rendered 6162/9880, time remaining: 58s
Rendered 6163/9880, time remaining: 58s
Rendered 6164/9880, time remaining: 58s
Rendered 6165/9880, time remaining: 58s
Rendered 6166/9880, time remaining: 58s
Rendered 6167/9880, time remaining: 57s
Rendered 6168/9880, time remaining: 57s
Rendered 6169/9880, time remaining: 57s
Rendered 6170/9880, time remaining: 57s
Rendered 6171/9880, time remaining: 57s
Rendered 6172/9880, time remaining: 57s
Rendered 6173/9880, time remaining: 57s
Rendered 6174/9880, time remaining: 57s
Rendered 6175/9880, time remaining: 57s
Rendered 6176/9880, time remaining: 57s
Rendered 6177/9880, time remaining: 56s
Rendered 6178/9880, time remaining: 56s
Rendered 6179/9880, time remaining: 56s
Rendered 6180/9880, time remaining: 56s
Rendered 6181/9880, time remaining: 57s
Rendered 6182/9880, time remaining: 55s
Rendered 6183/9880, time remaining: 55s
Rendered 6184/9880, time remaining: 56s
Rendered 6185/9880, time remaining: 56s
Rendered 6186/9880, time remaining: 56s
Rendered 6187/9880, time remaining: 55s
Rendered 6188/9880, time remaining: 55s
Rendered 6189/9880, time remaining: 56s
Rendered 6190/9880, time remaining: 56s
Rendered 6191/9880, time remaining: 56s
Rendered 6192/9880, time remaining: 54s
Rendered 6193/9880, time remaining: 54s
Rendered 6194/9880, time remaining: 55s
Rendered 6195/9880, time remaining: 55s
Rendered 6196/9880, time remaining: 55s
Rendered 6197/9880, time remaining: 53s
Rendered 6198/9880, time remaining: 54s
Rendered 6199/9880, time remaining: 55s
Rendered 6200/9880, time remaining: 55s
Rendered 6201/9880, time remaining: 55s
Rendered 6202/9880, time remaining: 53s
Rendered 6203/9880, time remaining: 53s
Rendered 6204/9880, time remaining: 54s
Rendered 6205/9880, time remaining: 54s
Rendered 6206/9880, time remaining: 54s
Rendered 6207/9880, time remaining: 53s
Rendered 6208/9880, time remaining: 53s
Rendered 6209/9880, time remaining: 53s
Rendered 6210/9880, time remaining: 53s
Rendered 6211/9880, time remaining: 54s
Rendered 6212/9880, time remaining: 52s
Rendered 6213/9880, time remaining: 52s
Rendered 6214/9880, time remaining: 52s
Rendered 6215/9880, time remaining: 53s
Rendered 6216/9880, time remaining: 53s
Rendered 6217/9880, time remaining: 52s
Rendered 6218/9880, time remaining: 52s
Rendered 6219/9880, time remaining: 52s
Rendered 6220/9880, time remaining: 52s
Rendered 6221/9880, time remaining: 53s
Rendered 6222/9880, time remaining: 52s
Rendered 6223/9880, time remaining: 52s
Rendered 6224/9880, time remaining: 52s
Rendered 6225/9880, time remaining: 52s
Rendered 6226/9880, time remaining: 52s
Rendered 6227/9880, time remaining: 51s
Rendered 6228/9880, time remaining: 51s
Rendered 6229/9880, time remaining: 51s
Rendered 6230/9880, time remaining: 51s
Rendered 6231/9880, time remaining: 51s
Rendered 6232/9880, time remaining: 51s
Rendered 6233/9880, time remaining: 51s
Rendered 6234/9880, time remaining: 51s
Rendered 6235/9880, time remaining: 51s
Rendered 6236/9880, time remaining: 51s
Rendered 6237/9880, time remaining: 50s
Rendered 6238/9880, time remaining: 50s
Rendered 6239/9880, time remaining: 50s
Rendered 6240/9880, time remaining: 50s
Rendered 6241/9880, time remaining: 50s
Rendered 6242/9880, time remaining: 50s
Rendered 6243/9880, time remaining: 50s
Rendered 6244/9880, time remaining: 50s
Rendered 6245/9880, time remaining: 50s
Rendered 6246/9880, time remaining: 50s
Rendered 6247/9880, time remaining: 50s
Rendered 6248/9880, time remaining: 50s
Rendered 6249/9880, time remaining: 50s
Rendered 6250/9880, time remaining: 50s
Rendered 6251/9880, time remaining: 50s
Rendered 6252/9880, time remaining: 50s
Rendered 6253/9880, time remaining: 50s
Rendered 6254/9880, time remaining: 50s
Rendered 6255/9880, time remaining: 50s
Rendered 6256/9880, time remaining: 50s
Rendered 6257/9880, time remaining: 50s
Rendered 6258/9880, time remaining: 50s
Rendered 6259/9880, time remaining: 50s
Rendered 6260/9880, time remaining: 50s
Rendered 6261/9880, time remaining: 50s
Rendered 6262/9880, time remaining: 50s
Rendered 6263/9880, time remaining: 50s
Rendered 6264/9880, time remaining: 50s
Rendered 6265/9880, time remaining: 50s
Rendered 6266/9880, time remaining: 50s
Rendered 6267/9880, time remaining: 50s
Rendered 6268/9880, time remaining: 50s
Rendered 6269/9880, time remaining: 50s
Rendered 6270/9880, time remaining: 50s
Rendered 6271/9880, time remaining: 50s
Rendered 6272/9880, time remaining: 50s
Rendered 6273/9880, time remaining: 50s
Rendered 6274/9880, time remaining: 50s
Rendered 6275/9880, time remaining: 50s
Rendered 6276/9880, time remaining: 50s
Rendered 6277/9880, time remaining: 50s
Rendered 6278/9880, time remaining: 50s
Rendered 6279/9880, time remaining: 50s
Rendered 6280/9880, time remaining: 50s
Rendered 6281/9880, time remaining: 50s
Rendered 6282/9880, time remaining: 50s
Rendered 6283/9880, time remaining: 51s
Rendered 6284/9880, time remaining: 51s
Rendered 6285/9880, time remaining: 50s
Rendered 6286/9880, time remaining: 51s
Rendered 6287/9880, time remaining: 50s
Rendered 6288/9880, time remaining: 51s
Rendered 6289/9880, time remaining: 51s
Rendered 6290/9880, time remaining: 51s
Rendered 6291/9880, time remaining: 51s
Rendered 6292/9880, time remaining: 49s
Rendered 6293/9880, time remaining: 51s
Rendered 6294/9880, time remaining: 51s
Rendered 6295/9880, time remaining: 51s
Rendered 6296/9880, time remaining: 50s
Rendered 6297/9880, time remaining: 49s
Rendered 6298/9880, time remaining: 50s
Rendered 6299/9880, time remaining: 50s
Rendered 6300/9880, time remaining: 50s
Rendered 6301/9880, time remaining: 51s
Rendered 6302/9880, time remaining: 49s
Rendered 6303/9880, time remaining: 50s
Rendered 6304/9880, time remaining: 51s
Rendered 6305/9880, time remaining: 51s
Rendered 6306/9880, time remaining: 51s
Rendered 6307/9880, time remaining: 49s
Rendered 6308/9880, time remaining: 50s
Rendered 6309/9880, time remaining: 51s
Rendered 6310/9880, time remaining: 51s
Rendered 6311/9880, time remaining: 51s
Rendered 6312/9880, time remaining: 49s
Rendered 6313/9880, time remaining: 49s
Rendered 6314/9880, time remaining: 51s
Rendered 6315/9880, time remaining: 51s
Rendered 6316/9880, time remaining: 51s
Rendered 6317/9880, time remaining: 49s
Rendered 6318/9880, time remaining: 49s
Rendered 6319/9880, time remaining: 50s
Rendered 6320/9880, time remaining: 51s
Rendered 6321/9880, time remaining: 50s
Rendered 6322/9880, time remaining: 49s
Rendered 6323/9880, time remaining: 49s
Rendered 6324/9880, time remaining: 51s
Rendered 6325/9880, time remaining: 51s
Rendered 6326/9880, time remaining: 51s
Rendered 6327/9880, time remaining: 50s
Rendered 6328/9880, time remaining: 50s
Rendered 6329/9880, time remaining: 51s
Rendered 6330/9880, time remaining: 51s
Rendered 6331/9880, time remaining: 51s
Rendered 6332/9880, time remaining: 50s
Rendered 6333/9880, time remaining: 51s
Rendered 6334/9880, time remaining: 51s
Rendered 6335/9880, time remaining: 51s
Rendered 6336/9880, time remaining: 51s
Rendered 6337/9880, time remaining: 51s
Rendered 6338/9880, time remaining: 51s
Rendered 6339/9880, time remaining: 52s
Rendered 6340/9880, time remaining: 52s
Rendered 6341/9880, time remaining: 52s
Rendered 6342/9880, time remaining: 51s
Rendered 6343/9880, time remaining: 51s
Rendered 6344/9880, time remaining: 52s
Rendered 6345/9880, time remaining: 52s
Rendered 6346/9880, time remaining: 52s
Rendered 6347/9880, time remaining: 52s
Rendered 6348/9880, time remaining: 52s
Rendered 6349/9880, time remaining: 52s
Rendered 6350/9880, time remaining: 52s
Rendered 6351/9880, time remaining: 52s
Rendered 6352/9880, time remaining: 52s
Rendered 6353/9880, time remaining: 52s
Rendered 6354/9880, time remaining: 52s
Rendered 6355/9880, time remaining: 53s
Rendered 6356/9880, time remaining: 52s
Rendered 6357/9880, time remaining: 52s
Rendered 6358/9880, time remaining: 52s
Rendered 6359/9880, time remaining: 52s
Rendered 6360/9880, time remaining: 53s
Rendered 6361/9880, time remaining: 52s
Rendered 6362/9880, time remaining: 52s
Rendered 6363/9880, time remaining: 52s
Rendered 6364/9880, time remaining: 52s
Rendered 6365/9880, time remaining: 54s
Rendered 6366/9880, time remaining: 53s
Rendered 6367/9880, time remaining: 52s
Rendered 6368/9880, time remaining: 52s
Rendered 6369/9880, time remaining: 52s
Rendered 6370/9880, time remaining: 54s
Rendered 6371/9880, time remaining: 53s
Rendered 6372/9880, time remaining: 52s
Rendered 6373/9880, time remaining: 52s
Rendered 6374/9880, time remaining: 52s
Rendered 6375/9880, time remaining: 54s
Rendered 6376/9880, time remaining: 54s
Rendered 6377/9880, time remaining: 53s
Rendered 6378/9880, time remaining: 53s
Rendered 6379/9880, time remaining: 53s
Rendered 6380/9880, time remaining: 55s
Rendered 6381/9880, time remaining: 54s
Rendered 6382/9880, time remaining: 53s
Rendered 6383/9880, time remaining: 53s
Rendered 6384/9880, time remaining: 53s
Rendered 6385/9880, time remaining: 55s
Rendered 6386/9880, time remaining: 55s
Rendered 6387/9880, time remaining: 53s
Rendered 6388/9880, time remaining: 53s
Rendered 6389/9880, time remaining: 53s
Rendered 6390/9880, time remaining: 55s
Rendered 6391/9880, time remaining: 55s
Rendered 6392/9880, time remaining: 53s
Rendered 6393/9880, time remaining: 53s
Rendered 6394/9880, time remaining: 53s
Rendered 6395/9880, time remaining: 55s
Rendered 6396/9880, time remaining: 55s
Rendered 6397/9880, time remaining: 53s
Rendered 6398/9880, time remaining: 53s
Rendered 6399/9880, time remaining: 53s
Rendered 6400/9880, time remaining: 55s
Rendered 6401/9880, time remaining: 55s
Rendered 6402/9880, time remaining: 53s
Rendered 6403/9880, time remaining: 53s
Rendered 6404/9880, time remaining: 53s
Rendered 6405/9880, time remaining: 55s
Rendered 6406/9880, time remaining: 55s
Rendered 6407/9880, time remaining: 53s
Rendered 6408/9880, time remaining: 53s
Rendered 6409/9880, time remaining: 53s
Rendered 6410/9880, time remaining: 55s
Rendered 6411/9880, time remaining: 55s
Rendered 6412/9880, time remaining: 53s
Rendered 6413/9880, time remaining: 53s
Rendered 6414/9880, time remaining: 53s
Rendered 6415/9880, time remaining: 55s
Rendered 6416/9880, time remaining: 55s
Rendered 6417/9880, time remaining: 53s
Rendered 6418/9880, time remaining: 53s
Rendered 6419/9880, time remaining: 53s
Rendered 6420/9880, time remaining: 55s
Rendered 6421/9880, time remaining: 54s
Rendered 6422/9880, time remaining: 53s
Rendered 6423/9880, time remaining: 53s
Rendered 6424/9880, time remaining: 53s
Rendered 6425/9880, time remaining: 55s
Rendered 6426/9880, time remaining: 54s
Rendered 6427/9880, time remaining: 53s
Rendered 6428/9880, time remaining: 53s
Rendered 6429/9880, time remaining: 53s
Rendered 6430/9880, time remaining: 54s
Rendered 6431/9880, time remaining: 54s
Rendered 6432/9880, time remaining: 53s
Rendered 6433/9880, time remaining: 53s
Rendered 6434/9880, time remaining: 53s
Rendered 6435/9880, time remaining: 55s
Rendered 6436/9880, time remaining: 54s
Rendered 6437/9880, time remaining: 54s
Rendered 6438/9880, time remaining: 53s
Rendered 6439/9880, time remaining: 53s
Rendered 6440/9880, time remaining: 55s
Rendered 6441/9880, time remaining: 55s
Rendered 6442/9880, time remaining: 54s
Rendered 6443/9880, time remaining: 53s
Rendered 6444/9880, time remaining: 53s
Rendered 6445/9880, time remaining: 55s
Rendered 6446/9880, time remaining: 55s
Rendered 6447/9880, time remaining: 55s
Rendered 6448/9880, time remaining: 54s
Rendered 6449/9880, time remaining: 54s
Rendered 6450/9880, time remaining: 56s
Rendered 6451/9880, time remaining: 55s
Rendered 6452/9880, time remaining: 55s
Rendered 6453/9880, time remaining: 54s
Rendered 6454/9880, time remaining: 54s
Rendered 6455/9880, time remaining: 55s
Rendered 6456/9880, time remaining: 55s
Rendered 6457/9880, time remaining: 55s
Rendered 6458/9880, time remaining: 55s
Rendered 6459/9880, time remaining: 54s
Rendered 6460/9880, time remaining: 56s
Rendered 6461/9880, time remaining: 56s
Rendered 6462/9880, time remaining: 55s
Rendered 6463/9880, time remaining: 55s
Rendered 6464/9880, time remaining: 54s
Rendered 6465/9880, time remaining: 56s
Rendered 6466/9880, time remaining: 56s
Rendered 6467/9880, time remaining: 56s
Rendered 6468/9880, time remaining: 55s
Rendered 6469/9880, time remaining: 54s
Rendered 6470/9880, time remaining: 56s
Rendered 6471/9880, time remaining: 56s
Rendered 6472/9880, time remaining: 56s
Rendered 6473/9880, time remaining: 56s
Rendered 6474/9880, time remaining: 54s
Rendered 6475/9880, time remaining: 56s
Rendered 6476/9880, time remaining: 56s
Rendered 6477/9880, time remaining: 56s
Rendered 6478/9880, time remaining: 56s
Rendered 6479/9880, time remaining: 54s
Rendered 6480/9880, time remaining: 56s
Rendered 6481/9880, time remaining: 56s
Rendered 6482/9880, time remaining: 56s
Rendered 6483/9880, time remaining: 56s
Rendered 6484/9880, time remaining: 54s
Rendered 6485/9880, time remaining: 56s
Rendered 6486/9880, time remaining: 56s
Rendered 6487/9880, time remaining: 56s
Rendered 6488/9880, time remaining: 56s
Rendered 6489/9880, time remaining: 54s
Rendered 6490/9880, time remaining: 56s
Rendered 6491/9880, time remaining: 56s
Rendered 6492/9880, time remaining: 56s
Rendered 6493/9880, time remaining: 56s
Rendered 6494/9880, time remaining: 54s
Rendered 6495/9880, time remaining: 56s
Rendered 6496/9880, time remaining: 56s
Rendered 6497/9880, time remaining: 56s
Rendered 6498/9880, time remaining: 55s
Rendered 6499/9880, time remaining: 55s
Rendered 6500/9880, time remaining: 56s
Rendered 6501/9880, time remaining: 56s
Rendered 6502/9880, time remaining: 56s
Rendered 6503/9880, time remaining: 55s
Rendered 6504/9880, time remaining: 55s
Rendered 6505/9880, time remaining: 56s
Rendered 6506/9880, time remaining: 55s
Rendered 6507/9880, time remaining: 55s
Rendered 6508/9880, time remaining: 55s
Rendered 6509/9880, time remaining: 55s
Rendered 6510/9880, time remaining: 56s
Rendered 6511/9880, time remaining: 56s
Rendered 6512/9880, time remaining: 56s
Rendered 6513/9880, time remaining: 56s
Rendered 6514/9880, time remaining: 56s
Rendered 6515/9880, time remaining: 56s
Rendered 6516/9880, time remaining: 55s
Rendered 6517/9880, time remaining: 56s
Rendered 6518/9880, time remaining: 55s
Rendered 6519/9880, time remaining: 55s
Rendered 6520/9880, time remaining: 55s
Rendered 6521/9880, time remaining: 55s
Rendered 6522/9880, time remaining: 55s
Rendered 6523/9880, time remaining: 55s
Rendered 6524/9880, time remaining: 55s
Rendered 6525/9880, time remaining: 55s
Rendered 6526/9880, time remaining: 55s
Rendered 6527/9880, time remaining: 55s
Rendered 6528/9880, time remaining: 55s
Rendered 6529/9880, time remaining: 55s
Rendered 6530/9880, time remaining: 55s
Rendered 6531/9880, time remaining: 55s
Rendered 6532/9880, time remaining: 55s
Rendered 6533/9880, time remaining: 55s
Rendered 6534/9880, time remaining: 55s
Rendered 6535/9880, time remaining: 55s
Rendered 6536/9880, time remaining: 55s
Rendered 6537/9880, time remaining: 55s
Rendered 6538/9880, time remaining: 55s
Rendered 6539/9880, time remaining: 55s
Rendered 6540/9880, time remaining: 55s
Rendered 6541/9880, time remaining: 55s
Rendered 6542/9880, time remaining: 55s
Rendered 6543/9880, time remaining: 55s
Rendered 6544/9880, time remaining: 55s
Rendered 6545/9880, time remaining: 55s
Rendered 6546/9880, time remaining: 55s
Rendered 6547/9880, time remaining: 55s
Rendered 6548/9880, time remaining: 55s
Rendered 6549/9880, time remaining: 55s
Rendered 6550/9880, time remaining: 55s
Rendered 6551/9880, time remaining: 55s
Rendered 6552/9880, time remaining: 55s
Rendered 6553/9880, time remaining: 55s
Rendered 6554/9880, time remaining: 55s
Rendered 6555/9880, time remaining: 55s
Rendered 6556/9880, time remaining: 55s
Rendered 6557/9880, time remaining: 55s
Rendered 6558/9880, time remaining: 55s
Rendered 6559/9880, time remaining: 55s
Rendered 6560/9880, time remaining: 55s
Rendered 6561/9880, time remaining: 55s
Rendered 6562/9880, time remaining: 55s
Rendered 6563/9880, time remaining: 55s
Rendered 6564/9880, time remaining: 55s
Rendered 6565/9880, time remaining: 55s
Rendered 6566/9880, time remaining: 55s
Rendered 6567/9880, time remaining: 55s
Rendered 6568/9880, time remaining: 55s
Rendered 6569/9880, time remaining: 55s
Rendered 6570/9880, time remaining: 55s
Rendered 6571/9880, time remaining: 55s
Rendered 6572/9880, time remaining: 55s
Rendered 6573/9880, time remaining: 55s
Rendered 6574/9880, time remaining: 55s
Rendered 6575/9880, time remaining: 55s
Rendered 6576/9880, time remaining: 55s
Rendered 6577/9880, time remaining: 55s
Rendered 6578/9880, time remaining: 55s
Rendered 6579/9880, time remaining: 55s
Rendered 6580/9880, time remaining: 55s
Rendered 6581/9880, time remaining: 54s
Rendered 6582/9880, time remaining: 54s
Rendered 6583/9880, time remaining: 54s
Rendered 6584/9880, time remaining: 54s
Rendered 6585/9880, time remaining: 54s
Rendered 6586/9880, time remaining: 54s
Rendered 6587/9880, time remaining: 54s
Rendered 6588/9880, time remaining: 54s
Rendered 6589/9880, time remaining: 54s
Rendered 6590/9880, time remaining: 54s
Rendered 6591/9880, time remaining: 54s
Rendered 6592/9880, time remaining: 54s
Rendered 6593/9880, time remaining: 54s
Rendered 6594/9880, time remaining: 54s
Rendered 6595/9880, time remaining: 54s
Rendered 6596/9880, time remaining: 54s
Rendered 6597/9880, time remaining: 54s
Rendered 6598/9880, time remaining: 54s
Rendered 6599/9880, time remaining: 54s
Rendered 6600/9880, time remaining: 54s
Rendered 6601/9880, time remaining: 54s
Rendered 6602/9880, time remaining: 54s
Rendered 6603/9880, time remaining: 54s
Rendered 6604/9880, time remaining: 54s
Rendered 6605/9880, time remaining: 54s
Rendered 6606/9880, time remaining: 54s
Rendered 6607/9880, time remaining: 54s
Rendered 6608/9880, time remaining: 54s
Rendered 6609/9880, time remaining: 54s
Rendered 6610/9880, time remaining: 54s
Rendered 6611/9880, time remaining: 54s
Rendered 6612/9880, time remaining: 54s
Rendered 6613/9880, time remaining: 54s
Rendered 6614/9880, time remaining: 54s
Rendered 6615/9880, time remaining: 54s
Rendered 6616/9880, time remaining: 54s
Rendered 6617/9880, time remaining: 54s
Rendered 6618/9880, time remaining: 54s
Rendered 6619/9880, time remaining: 54s
Rendered 6620/9880, time remaining: 54s
Rendered 6621/9880, time remaining: 54s
Rendered 6622/9880, time remaining: 54s
Rendered 6623/9880, time remaining: 54s
Rendered 6624/9880, time remaining: 54s
Rendered 6625/9880, time remaining: 54s
Rendered 6626/9880, time remaining: 54s
Rendered 6627/9880, time remaining: 54s
Rendered 6628/9880, time remaining: 54s
Rendered 6629/9880, time remaining: 54s
Rendered 6630/9880, time remaining: 54s
Rendered 6631/9880, time remaining: 54s
Rendered 6632/9880, time remaining: 54s
Rendered 6633/9880, time remaining: 54s
Rendered 6634/9880, time remaining: 54s
Rendered 6635/9880, time remaining: 54s
Rendered 6636/9880, time remaining: 54s
Rendered 6637/9880, time remaining: 54s
Rendered 6638/9880, time remaining: 54s
Rendered 6639/9880, time remaining: 54s
Rendered 6640/9880, time remaining: 54s
Rendered 6641/9880, time remaining: 54s
Rendered 6642/9880, time remaining: 53s
Rendered 6643/9880, time remaining: 53s
Rendered 6644/9880, time remaining: 53s
Rendered 6645/9880, time remaining: 53s
Rendered 6646/9880, time remaining: 53s
Rendered 6647/9880, time remaining: 53s
Rendered 6648/9880, time remaining: 53s
Rendered 6649/9880, time remaining: 53s
Rendered 6650/9880, time remaining: 53s
Rendered 6651/9880, time remaining: 53s
Rendered 6652/9880, time remaining: 53s
Rendered 6653/9880, time remaining: 53s
Rendered 6654/9880, time remaining: 53s
Rendered 6655/9880, time remaining: 53s
Rendered 6656/9880, time remaining: 53s
Rendered 6657/9880, time remaining: 53s
Rendered 6658/9880, time remaining: 53s
Rendered 6659/9880, time remaining: 53s
Rendered 6660/9880, time remaining: 53s
Rendered 6661/9880, time remaining: 53s
Rendered 6662/9880, time remaining: 53s
Rendered 6663/9880, time remaining: 53s
Rendered 6664/9880, time remaining: 53s
Rendered 6665/9880, time remaining: 53s
Rendered 6666/9880, time remaining: 53s
Rendered 6667/9880, time remaining: 53s
Rendered 6668/9880, time remaining: 53s
Rendered 6669/9880, time remaining: 53s
Rendered 6670/9880, time remaining: 53s
Rendered 6671/9880, time remaining: 53s
Rendered 6672/9880, time remaining: 53s
Rendered 6673/9880, time remaining: 53s
Rendered 6674/9880, time remaining: 53s
Rendered 6675/9880, time remaining: 53s
Rendered 6676/9880, time remaining: 53s
Rendered 6677/9880, time remaining: 53s
Rendered 6678/9880, time remaining: 53s
Rendered 6679/9880, time remaining: 53s
Rendered 6680/9880, time remaining: 53s
Rendered 6681/9880, time remaining: 53s
Rendered 6682/9880, time remaining: 53s
Rendered 6683/9880, time remaining: 53s
Rendered 6684/9880, time remaining: 53s
Rendered 6685/9880, time remaining: 53s
Rendered 6686/9880, time remaining: 53s
Rendered 6687/9880, time remaining: 53s
Rendered 6688/9880, time remaining: 53s
Rendered 6689/9880, time remaining: 53s
Rendered 6690/9880, time remaining: 53s
Rendered 6691/9880, time remaining: 53s
Rendered 6692/9880, time remaining: 53s
Rendered 6693/9880, time remaining: 53s
Rendered 6694/9880, time remaining: 53s
Rendered 6695/9880, time remaining: 53s
Rendered 6696/9880, time remaining: 53s
Rendered 6697/9880, time remaining: 53s
Rendered 6698/9880, time remaining: 53s
Rendered 6699/9880, time remaining: 52s
Rendered 6700/9880, time remaining: 53s
Rendered 6701/9880, time remaining: 52s
Rendered 6702/9880, time remaining: 52s
Rendered 6703/9880, time remaining: 52s
Rendered 6704/9880, time remaining: 52s
Rendered 6705/9880, time remaining: 52s
Rendered 6706/9880, time remaining: 52s
Rendered 6707/9880, time remaining: 52s
Rendered 6708/9880, time remaining: 52s
Rendered 6709/9880, time remaining: 52s
Rendered 6710/9880, time remaining: 52s
Rendered 6711/9880, time remaining: 52s
Rendered 6712/9880, time remaining: 52s
Rendered 6713/9880, time remaining: 52s
Rendered 6714/9880, time remaining: 52s
Rendered 6715/9880, time remaining: 52s
Rendered 6716/9880, time remaining: 52s
Rendered 6717/9880, time remaining: 52s
Rendered 6718/9880, time remaining: 52s
Rendered 6719/9880, time remaining: 52s
Rendered 6720/9880, time remaining: 52s
Rendered 6721/9880, time remaining: 52s
Rendered 6722/9880, time remaining: 52s
Rendered 6723/9880, time remaining: 52s
Rendered 6724/9880, time remaining: 52s
Rendered 6725/9880, time remaining: 52s
Rendered 6726/9880, time remaining: 52s
Rendered 6727/9880, time remaining: 52s
Rendered 6728/9880, time remaining: 52s
Rendered 6729/9880, time remaining: 52s
Rendered 6730/9880, time remaining: 52s
Rendered 6731/9880, time remaining: 52s
Rendered 6732/9880, time remaining: 52s
Rendered 6733/9880, time remaining: 52s
Rendered 6734/9880, time remaining: 52s
Rendered 6735/9880, time remaining: 52s
Rendered 6736/9880, time remaining: 52s
Rendered 6737/9880, time remaining: 52s
Rendered 6738/9880, time remaining: 52s
Rendered 6739/9880, time remaining: 52s
Rendered 6740/9880, time remaining: 52s
Rendered 6741/9880, time remaining: 52s
Rendered 6742/9880, time remaining: 52s
Rendered 6743/9880, time remaining: 52s
Rendered 6744/9880, time remaining: 52s
Rendered 6745/9880, time remaining: 52s
Rendered 6746/9880, time remaining: 52s
Rendered 6747/9880, time remaining: 52s
Rendered 6748/9880, time remaining: 51s
Rendered 6749/9880, time remaining: 52s
Rendered 6750/9880, time remaining: 52s
Rendered 6751/9880, time remaining: 52s
Rendered 6752/9880, time remaining: 52s
Rendered 6753/9880, time remaining: 52s
Rendered 6754/9880, time remaining: 52s
Rendered 6755/9880, time remaining: 51s
Rendered 6756/9880, time remaining: 51s
Rendered 6757/9880, time remaining: 51s
Rendered 6758/9880, time remaining: 51s
Rendered 6759/9880, time remaining: 51s
Rendered 6760/9880, time remaining: 50s
Rendered 6761/9880, time remaining: 51s
Rendered 6762/9880, time remaining: 51s
Rendered 6763/9880, time remaining: 51s
Rendered 6764/9880, time remaining: 51s
Rendered 6765/9880, time remaining: 50s
Rendered 6766/9880, time remaining: 51s
Rendered 6767/9880, time remaining: 51s
Rendered 6768/9880, time remaining: 51s
Rendered 6769/9880, time remaining: 51s
Rendered 6770/9880, time remaining: 50s
Rendered 6771/9880, time remaining: 51s
Rendered 6772/9880, time remaining: 51s
Rendered 6773/9880, time remaining: 51s
Rendered 6774/9880, time remaining: 51s
Rendered 6775/9880, time remaining: 50s
Rendered 6776/9880, time remaining: 51s
Rendered 6777/9880, time remaining: 51s
Rendered 6778/9880, time remaining: 51s
Rendered 6779/9880, time remaining: 51s
Rendered 6780/9880, time remaining: 50s
Rendered 6781/9880, time remaining: 51s
Rendered 6782/9880, time remaining: 51s
Rendered 6783/9880, time remaining: 51s
Rendered 6784/9880, time remaining: 51s
Rendered 6785/9880, time remaining: 49s
Rendered 6786/9880, time remaining: 51s
Rendered 6787/9880, time remaining: 51s
Rendered 6788/9880, time remaining: 51s
Rendered 6789/9880, time remaining: 51s
Rendered 6790/9880, time remaining: 49s
Rendered 6791/9880, time remaining: 51s
Rendered 6792/9880, time remaining: 51s
Rendered 6793/9880, time remaining: 51s
Rendered 6794/9880, time remaining: 51s
Rendered 6795/9880, time remaining: 49s
Rendered 6796/9880, time remaining: 51s
Rendered 6797/9880, time remaining: 51s
Rendered 6798/9880, time remaining: 51s
Rendered 6799/9880, time remaining: 51s
Rendered 6800/9880, time remaining: 49s
Rendered 6801/9880, time remaining: 51s
Rendered 6802/9880, time remaining: 51s
Rendered 6803/9880, time remaining: 51s
Rendered 6804/9880, time remaining: 51s
Rendered 6805/9880, time remaining: 49s
Rendered 6806/9880, time remaining: 51s
Rendered 6807/9880, time remaining: 51s
Rendered 6808/9880, time remaining: 51s
Rendered 6809/9880, time remaining: 51s
Rendered 6810/9880, time remaining: 49s
Rendered 6811/9880, time remaining: 51s
Rendered 6812/9880, time remaining: 51s
Rendered 6813/9880, time remaining: 51s
Rendered 6814/9880, time remaining: 51s
Rendered 6815/9880, time remaining: 49s
Rendered 6816/9880, time remaining: 51s
Rendered 6817/9880, time remaining: 51s
Rendered 6818/9880, time remaining: 51s
Rendered 6819/9880, time remaining: 50s
Rendered 6820/9880, time remaining: 49s
Rendered 6821/9880, time remaining: 50s
Rendered 6822/9880, time remaining: 50s
Rendered 6823/9880, time remaining: 50s
Rendered 6824/9880, time remaining: 50s
Rendered 6825/9880, time remaining: 49s
Rendered 6826/9880, time remaining: 50s
Rendered 6827/9880, time remaining: 50s
Rendered 6828/9880, time remaining: 50s
Rendered 6829/9880, time remaining: 50s
Rendered 6830/9880, time remaining: 49s
Rendered 6831/9880, time remaining: 50s
Rendered 6832/9880, time remaining: 50s
Rendered 6833/9880, time remaining: 50s
Rendered 6834/9880, time remaining: 50s
Rendered 6835/9880, time remaining: 49s
Rendered 6836/9880, time remaining: 50s
Rendered 6837/9880, time remaining: 50s
Rendered 6838/9880, time remaining: 50s
Rendered 6839/9880, time remaining: 50s
Rendered 6840/9880, time remaining: 49s
Rendered 6841/9880, time remaining: 50s
Rendered 6842/9880, time remaining: 50s
Rendered 6843/9880, time remaining: 50s
Rendered 6844/9880, time remaining: 50s
Rendered 6845/9880, time remaining: 48s
Rendered 6846/9880, time remaining: 50s
Rendered 6847/9880, time remaining: 50s
Rendered 6848/9880, time remaining: 50s
Rendered 6849/9880, time remaining: 50s
Rendered 6850/9880, time remaining: 48s
Rendered 6851/9880, time remaining: 50s
Rendered 6852/9880, time remaining: 50s
Rendered 6853/9880, time remaining: 50s
Rendered 6854/9880, time remaining: 50s
Rendered 6855/9880, time remaining: 48s
Rendered 6856/9880, time remaining: 50s
Rendered 6857/9880, time remaining: 50s
Rendered 6858/9880, time remaining: 50s
Rendered 6859/9880, time remaining: 50s
Rendered 6860/9880, time remaining: 48s
Rendered 6861/9880, time remaining: 50s
Rendered 6862/9880, time remaining: 50s
Rendered 6863/9880, time remaining: 50s
Rendered 6864/9880, time remaining: 50s
Rendered 6865/9880, time remaining: 48s
Rendered 6866/9880, time remaining: 50s
Rendered 6867/9880, time remaining: 50s
Rendered 6868/9880, time remaining: 50s
Rendered 6869/9880, time remaining: 50s
Rendered 6870/9880, time remaining: 48s
Rendered 6871/9880, time remaining: 50s
Rendered 6872/9880, time remaining: 50s
Rendered 6873/9880, time remaining: 50s
Rendered 6874/9880, time remaining: 49s
Rendered 6875/9880, time remaining: 48s
Rendered 6876/9880, time remaining: 50s
Rendered 6877/9880, time remaining: 50s
Rendered 6878/9880, time remaining: 50s
Rendered 6879/9880, time remaining: 49s
Rendered 6880/9880, time remaining: 48s
Rendered 6881/9880, time remaining: 49s
Rendered 6882/9880, time remaining: 49s
Rendered 6883/9880, time remaining: 49s
Rendered 6884/9880, time remaining: 49s
Rendered 6885/9880, time remaining: 48s
Rendered 6886/9880, time remaining: 50s
Rendered 6887/9880, time remaining: 50s
Rendered 6888/9880, time remaining: 50s
Rendered 6889/9880, time remaining: 49s
Rendered 6890/9880, time remaining: 48s
Rendered 6891/9880, time remaining: 49s
Rendered 6892/9880, time remaining: 49s
Rendered 6893/9880, time remaining: 49s
Rendered 6894/9880, time remaining: 49s
Rendered 6895/9880, time remaining: 48s
Rendered 6896/9880, time remaining: 49s
Rendered 6897/9880, time remaining: 49s
Rendered 6898/9880, time remaining: 49s
Rendered 6899/9880, time remaining: 49s
Rendered 6900/9880, time remaining: 48s
Rendered 6901/9880, time remaining: 49s
Rendered 6902/9880, time remaining: 49s
Rendered 6903/9880, time remaining: 49s
Rendered 6904/9880, time remaining: 49s
Rendered 6905/9880, time remaining: 48s
Rendered 6906/9880, time remaining: 49s
Rendered 6907/9880, time remaining: 49s
Rendered 6908/9880, time remaining: 49s
Rendered 6909/9880, time remaining: 49s
Rendered 6910/9880, time remaining: 49s
Rendered 6911/9880, time remaining: 49s
Rendered 6912/9880, time remaining: 49s
Rendered 6913/9880, time remaining: 49s
Rendered 6914/9880, time remaining: 49s
Rendered 6915/9880, time remaining: 49s
Rendered 6916/9880, time remaining: 49s
Rendered 6917/9880, time remaining: 49s
Rendered 6918/9880, time remaining: 49s
Rendered 6919/9880, time remaining: 49s
Rendered 6920/9880, time remaining: 49s
Rendered 6921/9880, time remaining: 49s
Rendered 6922/9880, time remaining: 49s
Rendered 6923/9880, time remaining: 49s
Rendered 6924/9880, time remaining: 49s
Rendered 6925/9880, time remaining: 49s
Rendered 6926/9880, time remaining: 49s
Rendered 6927/9880, time remaining: 49s
Rendered 6928/9880, time remaining: 49s
Rendered 6929/9880, time remaining: 49s
Rendered 6930/9880, time remaining: 49s
Rendered 6931/9880, time remaining: 49s
Rendered 6932/9880, time remaining: 49s
Rendered 6933/9880, time remaining: 49s
Rendered 6934/9880, time remaining: 49s
Rendered 6935/9880, time remaining: 49s
Rendered 6936/9880, time remaining: 49s
Rendered 6937/9880, time remaining: 49s
Rendered 6938/9880, time remaining: 49s
Rendered 6939/9880, time remaining: 49s
Rendered 6940/9880, time remaining: 49s
Rendered 6941/9880, time remaining: 48s
Rendered 6942/9880, time remaining: 48s
Rendered 6943/9880, time remaining: 48s
Rendered 6944/9880, time remaining: 48s
Rendered 6945/9880, time remaining: 48s
Rendered 6946/9880, time remaining: 48s
Rendered 6947/9880, time remaining: 48s
Rendered 6948/9880, time remaining: 48s
Rendered 6949/9880, time remaining: 48s
Rendered 6950/9880, time remaining: 48s
Rendered 6951/9880, time remaining: 48s
Rendered 6952/9880, time remaining: 48s
Rendered 6953/9880, time remaining: 48s
Rendered 6954/9880, time remaining: 48s
Rendered 6955/9880, time remaining: 48s
Rendered 6956/9880, time remaining: 48s
Rendered 6957/9880, time remaining: 48s
Rendered 6958/9880, time remaining: 48s
Rendered 6959/9880, time remaining: 48s
Rendered 6960/9880, time remaining: 48s
Rendered 6961/9880, time remaining: 48s
Rendered 6962/9880, time remaining: 48s
Rendered 6963/9880, time remaining: 48s
Rendered 6964/9880, time remaining: 48s
Rendered 6965/9880, time remaining: 48s
Rendered 6966/9880, time remaining: 48s
Rendered 6967/9880, time remaining: 48s
Rendered 6968/9880, time remaining: 48s
Rendered 6969/9880, time remaining: 48s
Rendered 6970/9880, time remaining: 48s
Rendered 6971/9880, time remaining: 48s
Rendered 6972/9880, time remaining: 48s
Rendered 6973/9880, time remaining: 48s
Rendered 6974/9880, time remaining: 48s
Rendered 6975/9880, time remaining: 48s
Rendered 6976/9880, time remaining: 48s
Rendered 6977/9880, time remaining: 48s
Rendered 6978/9880, time remaining: 48s
Rendered 6979/9880, time remaining: 48s
Rendered 6980/9880, time remaining: 48s
Rendered 6981/9880, time remaining: 48s
Rendered 6982/9880, time remaining: 48s
Rendered 6983/9880, time remaining: 48s
Rendered 6984/9880, time remaining: 48s
Rendered 6985/9880, time remaining: 48s
Rendered 6986/9880, time remaining: 48s
Rendered 6987/9880, time remaining: 48s
Rendered 6988/9880, time remaining: 48s
Rendered 6989/9880, time remaining: 48s
Rendered 6990/9880, time remaining: 48s
Rendered 6991/9880, time remaining: 48s
Rendered 6992/9880, time remaining: 48s
Rendered 6993/9880, time remaining: 48s
Rendered 6994/9880, time remaining: 48s
Rendered 6995/9880, time remaining: 48s
Rendered 6996/9880, time remaining: 47s
Rendered 6997/9880, time remaining: 47s
Rendered 6998/9880, time remaining: 48s
Rendered 6999/9880, time remaining: 48s
Rendered 7000/9880, time remaining: 48s
Rendered 7001/9880, time remaining: 47s
Rendered 7002/9880, time remaining: 47s
Rendered 7003/9880, time remaining: 48s
Rendered 7004/9880, time remaining: 48s
Rendered 7005/9880, time remaining: 48s
Rendered 7006/9880, time remaining: 47s
Rendered 7007/9880, time remaining: 48s
Rendered 7008/9880, time remaining: 48s
Rendered 7009/9880, time remaining: 48s
Rendered 7010/9880, time remaining: 48s
Rendered 7011/9880, time remaining: 47s
Rendered 7012/9880, time remaining: 47s
Rendered 7013/9880, time remaining: 47s
Rendered 7014/9880, time remaining: 47s
Rendered 7015/9880, time remaining: 48s
Rendered 7016/9880, time remaining: 47s
Rendered 7017/9880, time remaining: 47s
Rendered 7018/9880, time remaining: 47s
Rendered 7019/9880, time remaining: 47s
Rendered 7020/9880, time remaining: 47s
Rendered 7021/9880, time remaining: 47s
Rendered 7022/9880, time remaining: 47s
Rendered 7023/9880, time remaining: 47s
Rendered 7024/9880, time remaining: 47s
Rendered 7025/9880, time remaining: 47s
Rendered 7026/9880, time remaining: 47s
Rendered 7027/9880, time remaining: 47s
Rendered 7028/9880, time remaining: 47s
Rendered 7029/9880, time remaining: 47s
Rendered 7030/9880, time remaining: 47s
Rendered 7031/9880, time remaining: 47s
Rendered 7032/9880, time remaining: 47s
Rendered 7033/9880, time remaining: 47s
Rendered 7034/9880, time remaining: 47s
Rendered 7035/9880, time remaining: 47s
Rendered 7036/9880, time remaining: 47s
Rendered 7037/9880, time remaining: 47s
Rendered 7038/9880, time remaining: 47s
Rendered 7039/9880, time remaining: 47s
Rendered 7040/9880, time remaining: 47s
Rendered 7041/9880, time remaining: 47s
Rendered 7042/9880, time remaining: 47s
Rendered 7043/9880, time remaining: 47s
Rendered 7044/9880, time remaining: 47s
Rendered 7045/9880, time remaining: 47s
Rendered 7046/9880, time remaining: 47s
Rendered 7047/9880, time remaining: 47s
Rendered 7048/9880, time remaining: 47s
Rendered 7049/9880, time remaining: 47s
Rendered 7050/9880, time remaining: 47s
Rendered 7051/9880, time remaining: 47s
Rendered 7052/9880, time remaining: 47s
Rendered 7053/9880, time remaining: 47s
Rendered 7054/9880, time remaining: 47s
Rendered 7055/9880, time remaining: 47s
Rendered 7056/9880, time remaining: 47s
Rendered 7057/9880, time remaining: 47s
Rendered 7058/9880, time remaining: 46s
Rendered 7059/9880, time remaining: 46s
Rendered 7060/9880, time remaining: 47s
Rendered 7061/9880, time remaining: 47s
Rendered 7062/9880, time remaining: 47s
Rendered 7063/9880, time remaining: 47s
Rendered 7064/9880, time remaining: 47s
Rendered 7065/9880, time remaining: 47s
Rendered 7066/9880, time remaining: 47s
Rendered 7067/9880, time remaining: 47s
Rendered 7068/9880, time remaining: 47s
Rendered 7069/9880, time remaining: 47s
Rendered 7070/9880, time remaining: 47s
Rendered 7071/9880, time remaining: 47s
Rendered 7072/9880, time remaining: 47s
Rendered 7073/9880, time remaining: 47s
Rendered 7074/9880, time remaining: 47s
Rendered 7075/9880, time remaining: 47s
Rendered 7076/9880, time remaining: 47s
Rendered 7077/9880, time remaining: 47s
Rendered 7078/9880, time remaining: 47s
Rendered 7079/9880, time remaining: 47s
Rendered 7080/9880, time remaining: 47s
Rendered 7081/9880, time remaining: 47s
Rendered 7082/9880, time remaining: 47s
Rendered 7083/9880, time remaining: 47s
Rendered 7084/9880, time remaining: 47s
Rendered 7085/9880, time remaining: 47s
Rendered 7086/9880, time remaining: 47s
Rendered 7087/9880, time remaining: 47s
Rendered 7088/9880, time remaining: 46s
Rendered 7089/9880, time remaining: 47s
Rendered 7090/9880, time remaining: 47s
Rendered 7091/9880, time remaining: 46s
Rendered 7092/9880, time remaining: 46s
Rendered 7093/9880, time remaining: 46s
Rendered 7094/9880, time remaining: 46s
Rendered 7095/9880, time remaining: 46s
Rendered 7096/9880, time remaining: 46s
Rendered 7097/9880, time remaining: 46s
Rendered 7098/9880, time remaining: 46s
Rendered 7099/9880, time remaining: 46s
Rendered 7100/9880, time remaining: 46s
Rendered 7101/9880, time remaining: 46s
Rendered 7102/9880, time remaining: 46s
Rendered 7103/9880, time remaining: 46s
Rendered 7104/9880, time remaining: 46s
Rendered 7105/9880, time remaining: 46s
Rendered 7106/9880, time remaining: 45s
Rendered 7107/9880, time remaining: 45s
Rendered 7108/9880, time remaining: 45s
Rendered 7109/9880, time remaining: 45s
Rendered 7110/9880, time remaining: 45s
Rendered 7111/9880, time remaining: 45s
Rendered 7112/9880, time remaining: 45s
Rendered 7113/9880, time remaining: 45s
Rendered 7114/9880, time remaining: 45s
Rendered 7115/9880, time remaining: 45s
Rendered 7116/9880, time remaining: 44s
Rendered 7117/9880, time remaining: 44s
Rendered 7118/9880, time remaining: 44s
Rendered 7119/9880, time remaining: 44s
Rendered 7120/9880, time remaining: 44s
Rendered 7121/9880, time remaining: 44s
Rendered 7122/9880, time remaining: 44s
Rendered 7123/9880, time remaining: 44s
Rendered 7124/9880, time remaining: 44s
Rendered 7125/9880, time remaining: 44s
Rendered 7126/9880, time remaining: 44s
Rendered 7127/9880, time remaining: 44s
Rendered 7128/9880, time remaining: 44s
Rendered 7129/9880, time remaining: 44s
Rendered 7130/9880, time remaining: 44s
Rendered 7131/9880, time remaining: 43s
Rendered 7132/9880, time remaining: 43s
Rendered 7133/9880, time remaining: 43s
Rendered 7134/9880, time remaining: 43s
Rendered 7135/9880, time remaining: 43s
Rendered 7136/9880, time remaining: 43s
Rendered 7137/9880, time remaining: 43s
Rendered 7138/9880, time remaining: 43s
Rendered 7139/9880, time remaining: 43s
Rendered 7140/9880, time remaining: 43s
Rendered 7141/9880, time remaining: 43s
Rendered 7142/9880, time remaining: 43s
Rendered 7143/9880, time remaining: 42s
Rendered 7144/9880, time remaining: 42s
Rendered 7145/9880, time remaining: 42s
Rendered 7146/9880, time remaining: 42s
Rendered 7147/9880, time remaining: 42s
Rendered 7148/9880, time remaining: 42s
Rendered 7149/9880, time remaining: 42s
Rendered 7150/9880, time remaining: 42s
Rendered 7151/9880, time remaining: 42s
Rendered 7152/9880, time remaining: 42s
Rendered 7153/9880, time remaining: 42s
Rendered 7154/9880, time remaining: 42s
Rendered 7155/9880, time remaining: 41s
Rendered 7156/9880, time remaining: 42s
Rendered 7157/9880, time remaining: 41s
Rendered 7158/9880, time remaining: 41s
Rendered 7159/9880, time remaining: 41s
Rendered 7160/9880, time remaining: 41s
Rendered 7161/9880, time remaining: 41s
Rendered 7162/9880, time remaining: 41s
Rendered 7163/9880, time remaining: 41s
Rendered 7164/9880, time remaining: 41s
Rendered 7165/9880, time remaining: 41s
Rendered 7166/9880, time remaining: 41s
Rendered 7167/9880, time remaining: 40s
Rendered 7168/9880, time remaining: 40s
Rendered 7169/9880, time remaining: 40s
Rendered 7170/9880, time remaining: 40s
Rendered 7171/9880, time remaining: 40s
Rendered 7172/9880, time remaining: 40s
Rendered 7173/9880, time remaining: 40s
Rendered 7174/9880, time remaining: 40s
Rendered 7175/9880, time remaining: 40s
Rendered 7176/9880, time remaining: 40s
Rendered 7177/9880, time remaining: 40s
Rendered 7178/9880, time remaining: 40s
Rendered 7179/9880, time remaining: 40s
Rendered 7180/9880, time remaining: 40s
Rendered 7181/9880, time remaining: 39s
Rendered 7182/9880, time remaining: 39s
Rendered 7183/9880, time remaining: 40s
Rendered 7184/9880, time remaining: 40s
Rendered 7185/9880, time remaining: 39s
Rendered 7186/9880, time remaining: 39s
Rendered 7187/9880, time remaining: 39s
Rendered 7188/9880, time remaining: 39s
Rendered 7189/9880, time remaining: 39s
Rendered 7190/9880, time remaining: 39s
Rendered 7191/9880, time remaining: 38s
Rendered 7192/9880, time remaining: 38s
Rendered 7193/9880, time remaining: 39s
Rendered 7194/9880, time remaining: 39s
Rendered 7195/9880, time remaining: 39s
Rendered 7196/9880, time remaining: 38s
Rendered 7197/9880, time remaining: 38s
Rendered 7198/9880, time remaining: 39s
Rendered 7199/9880, time remaining: 39s
Rendered 7200/9880, time remaining: 38s
Rendered 7201/9880, time remaining: 37s
Rendered 7202/9880, time remaining: 37s
Rendered 7203/9880, time remaining: 38s
Rendered 7204/9880, time remaining: 38s
Rendered 7205/9880, time remaining: 38s
Rendered 7206/9880, time remaining: 37s
Rendered 7207/9880, time remaining: 37s
Rendered 7208/9880, time remaining: 38s
Rendered 7209/9880, time remaining: 38s
Rendered 7210/9880, time remaining: 38s
Rendered 7211/9880, time remaining: 36s
Rendered 7212/9880, time remaining: 36s
Rendered 7213/9880, time remaining: 37s
Rendered 7214/9880, time remaining: 37s
Rendered 7215/9880, time remaining: 37s
Rendered 7216/9880, time remaining: 36s
Rendered 7217/9880, time remaining: 35s
Rendered 7218/9880, time remaining: 37s
Rendered 7219/9880, time remaining: 36s
Rendered 7220/9880, time remaining: 36s
Rendered 7221/9880, time remaining: 35s
Rendered 7222/9880, time remaining: 35s
Rendered 7223/9880, time remaining: 36s
Rendered 7224/9880, time remaining: 36s
Rendered 7225/9880, time remaining: 36s
Rendered 7226/9880, time remaining: 35s
Rendered 7227/9880, time remaining: 35s
Rendered 7228/9880, time remaining: 36s
Rendered 7229/9880, time remaining: 36s
Rendered 7230/9880, time remaining: 36s
Rendered 7231/9880, time remaining: 35s
Rendered 7232/9880, time remaining: 35s
Rendered 7233/9880, time remaining: 36s
Rendered 7234/9880, time remaining: 36s
Rendered 7235/9880, time remaining: 35s
Rendered 7236/9880, time remaining: 35s
Rendered 7237/9880, time remaining: 35s
Rendered 7238/9880, time remaining: 36s
Rendered 7239/9880, time remaining: 36s
Rendered 7240/9880, time remaining: 35s
Rendered 7241/9880, time remaining: 35s
Rendered 7242/9880, time remaining: 35s
Rendered 7243/9880, time remaining: 36s
Rendered 7244/9880, time remaining: 36s
Rendered 7245/9880, time remaining: 35s
Rendered 7246/9880, time remaining: 34s
Rendered 7247/9880, time remaining: 34s
Rendered 7248/9880, time remaining: 35s
Rendered 7249/9880, time remaining: 35s
Rendered 7250/9880, time remaining: 35s
Rendered 7251/9880, time remaining: 34s
Rendered 7252/9880, time remaining: 34s
Rendered 7253/9880, time remaining: 35s
Rendered 7254/9880, time remaining: 35s
Rendered 7255/9880, time remaining: 35s
Rendered 7256/9880, time remaining: 34s
Rendered 7257/9880, time remaining: 34s
Rendered 7258/9880, time remaining: 35s
Rendered 7259/9880, time remaining: 35s
Rendered 7260/9880, time remaining: 35s
Rendered 7261/9880, time remaining: 34s
Rendered 7262/9880, time remaining: 34s
Rendered 7263/9880, time remaining: 35s
Rendered 7264/9880, time remaining: 35s
Rendered 7265/9880, time remaining: 35s
Rendered 7266/9880, time remaining: 34s
Rendered 7267/9880, time remaining: 34s
Rendered 7268/9880, time remaining: 35s
Rendered 7269/9880, time remaining: 35s
Rendered 7270/9880, time remaining: 35s
Rendered 7271/9880, time remaining: 34s
Rendered 7272/9880, time remaining: 34s
Rendered 7273/9880, time remaining: 35s
Rendered 7274/9880, time remaining: 35s
Rendered 7275/9880, time remaining: 35s
Rendered 7276/9880, time remaining: 34s
Rendered 7277/9880, time remaining: 34s
Rendered 7278/9880, time remaining: 35s
Rendered 7279/9880, time remaining: 35s
Rendered 7280/9880, time remaining: 35s
Rendered 7281/9880, time remaining: 34s
Rendered 7282/9880, time remaining: 34s
Rendered 7283/9880, time remaining: 35s
Rendered 7284/9880, time remaining: 35s
Rendered 7285/9880, time remaining: 35s
Rendered 7286/9880, time remaining: 34s
Rendered 7287/9880, time remaining: 34s
Rendered 7288/9880, time remaining: 35s
Rendered 7289/9880, time remaining: 35s
Rendered 7290/9880, time remaining: 35s
Rendered 7291/9880, time remaining: 34s
Rendered 7292/9880, time remaining: 34s
Rendered 7293/9880, time remaining: 35s
Rendered 7294/9880, time remaining: 35s
Rendered 7295/9880, time remaining: 35s
Rendered 7296/9880, time remaining: 34s
Rendered 7297/9880, time remaining: 34s
Rendered 7298/9880, time remaining: 35s
Rendered 7299/9880, time remaining: 35s
Rendered 7300/9880, time remaining: 35s
Rendered 7301/9880, time remaining: 34s
Rendered 7302/9880, time remaining: 34s
Rendered 7303/9880, time remaining: 35s
Rendered 7304/9880, time remaining: 35s
Rendered 7305/9880, time remaining: 35s
Rendered 7306/9880, time remaining: 33s
Rendered 7307/9880, time remaining: 34s
Rendered 7308/9880, time remaining: 35s
Rendered 7309/9880, time remaining: 35s
Rendered 7310/9880, time remaining: 35s
Rendered 7311/9880, time remaining: 33s
Rendered 7312/9880, time remaining: 34s
Rendered 7313/9880, time remaining: 34s
Rendered 7314/9880, time remaining: 34s
Rendered 7315/9880, time remaining: 34s
Rendered 7316/9880, time remaining: 33s
Rendered 7317/9880, time remaining: 34s
Rendered 7318/9880, time remaining: 35s
Rendered 7319/9880, time remaining: 35s
Rendered 7320/9880, time remaining: 34s
Rendered 7321/9880, time remaining: 33s
Rendered 7322/9880, time remaining: 34s
Rendered 7323/9880, time remaining: 34s
Rendered 7324/9880, time remaining: 34s
Rendered 7325/9880, time remaining: 34s
Rendered 7326/9880, time remaining: 34s
Rendered 7327/9880, time remaining: 34s
Rendered 7328/9880, time remaining: 35s
Rendered 7329/9880, time remaining: 35s
Rendered 7330/9880, time remaining: 35s
Rendered 7331/9880, time remaining: 34s
Rendered 7332/9880, time remaining: 34s
Rendered 7333/9880, time remaining: 35s
Rendered 7334/9880, time remaining: 35s
Rendered 7335/9880, time remaining: 35s
Rendered 7336/9880, time remaining: 34s
Rendered 7337/9880, time remaining: 34s
Rendered 7338/9880, time remaining: 35s
Rendered 7339/9880, time remaining: 35s
Rendered 7340/9880, time remaining: 35s
Rendered 7341/9880, time remaining: 35s
Rendered 7342/9880, time remaining: 34s
Rendered 7343/9880, time remaining: 35s
Rendered 7344/9880, time remaining: 35s
Rendered 7345/9880, time remaining: 35s
Rendered 7346/9880, time remaining: 35s
Rendered 7347/9880, time remaining: 35s
Rendered 7348/9880, time remaining: 35s
Rendered 7349/9880, time remaining: 35s
Rendered 7350/9880, time remaining: 35s
Rendered 7351/9880, time remaining: 35s
Rendered 7352/9880, time remaining: 35s
Rendered 7353/9880, time remaining: 35s
Rendered 7354/9880, time remaining: 35s
Rendered 7355/9880, time remaining: 35s
Rendered 7356/9880, time remaining: 35s
Rendered 7357/9880, time remaining: 35s
Rendered 7358/9880, time remaining: 35s
Rendered 7359/9880, time remaining: 35s
Rendered 7360/9880, time remaining: 35s
Rendered 7361/9880, time remaining: 35s
Rendered 7362/9880, time remaining: 35s
Rendered 7363/9880, time remaining: 34s
Rendered 7364/9880, time remaining: 34s
Rendered 7365/9880, time remaining: 36s
Rendered 7366/9880, time remaining: 36s
Rendered 7367/9880, time remaining: 36s
Rendered 7368/9880, time remaining: 35s
Rendered 7369/9880, time remaining: 34s
Rendered 7370/9880, time remaining: 36s
Rendered 7371/9880, time remaining: 36s
Rendered 7372/9880, time remaining: 36s
Rendered 7373/9880, time remaining: 35s
Rendered 7374/9880, time remaining: 35s
Rendered 7375/9880, time remaining: 36s
Rendered 7376/9880, time remaining: 36s
Rendered 7377/9880, time remaining: 36s
Rendered 7378/9880, time remaining: 35s
Rendered 7379/9880, time remaining: 35s
Rendered 7380/9880, time remaining: 36s
Rendered 7381/9880, time remaining: 36s
Rendered 7382/9880, time remaining: 36s
Rendered 7383/9880, time remaining: 35s
Rendered 7384/9880, time remaining: 35s
Rendered 7385/9880, time remaining: 36s
Rendered 7386/9880, time remaining: 36s
Rendered 7387/9880, time remaining: 36s
Rendered 7388/9880, time remaining: 35s
Rendered 7389/9880, time remaining: 35s
Rendered 7390/9880, time remaining: 35s
Rendered 7391/9880, time remaining: 35s
Rendered 7392/9880, time remaining: 36s
Rendered 7393/9880, time remaining: 35s
Rendered 7394/9880, time remaining: 35s
Rendered 7395/9880, time remaining: 35s
Rendered 7396/9880, time remaining: 35s
Rendered 7397/9880, time remaining: 36s
Rendered 7398/9880, time remaining: 35s
Rendered 7399/9880, time remaining: 35s
Rendered 7400/9880, time remaining: 35s
Rendered 7401/9880, time remaining: 35s
Rendered 7402/9880, time remaining: 36s
Rendered 7403/9880, time remaining: 35s
Rendered 7404/9880, time remaining: 35s
Rendered 7405/9880, time remaining: 35s
Rendered 7406/9880, time remaining: 35s
Rendered 7407/9880, time remaining: 36s
Rendered 7408/9880, time remaining: 35s
Rendered 7409/9880, time remaining: 35s
Rendered 7410/9880, time remaining: 35s
Rendered 7411/9880, time remaining: 35s
Rendered 7412/9880, time remaining: 35s
Rendered 7413/9880, time remaining: 35s
Rendered 7414/9880, time remaining: 35s
Rendered 7415/9880, time remaining: 35s
Rendered 7416/9880, time remaining: 35s
Rendered 7417/9880, time remaining: 35s
Rendered 7418/9880, time remaining: 35s
Rendered 7419/9880, time remaining: 35s
Rendered 7420/9880, time remaining: 35s
Rendered 7421/9880, time remaining: 35s
Rendered 7422/9880, time remaining: 35s
Rendered 7423/9880, time remaining: 34s
Rendered 7424/9880, time remaining: 34s
Rendered 7425/9880, time remaining: 34s
Rendered 7426/9880, time remaining: 34s
Rendered 7427/9880, time remaining: 35s
Rendered 7428/9880, time remaining: 34s
Rendered 7429/9880, time remaining: 34s
Rendered 7430/9880, time remaining: 34s
Rendered 7431/9880, time remaining: 34s
Rendered 7432/9880, time remaining: 34s
Rendered 7433/9880, time remaining: 35s
Rendered 7434/9880, time remaining: 35s
Rendered 7435/9880, time remaining: 35s
Rendered 7436/9880, time remaining: 35s
Rendered 7437/9880, time remaining: 35s
Rendered 7438/9880, time remaining: 35s
Rendered 7439/9880, time remaining: 35s
Rendered 7440/9880, time remaining: 35s
Rendered 7441/9880, time remaining: 35s
Rendered 7442/9880, time remaining: 35s
Rendered 7443/9880, time remaining: 35s
Rendered 7444/9880, time remaining: 35s
Rendered 7445/9880, time remaining: 35s
Rendered 7446/9880, time remaining: 35s
Rendered 7447/9880, time remaining: 35s
Rendered 7448/9880, time remaining: 35s
Rendered 7449/9880, time remaining: 35s
Rendered 7450/9880, time remaining: 35s
Rendered 7451/9880, time remaining: 35s
Rendered 7452/9880, time remaining: 35s
Rendered 7453/9880, time remaining: 34s
Rendered 7454/9880, time remaining: 35s
Rendered 7455/9880, time remaining: 35s
Rendered 7456/9880, time remaining: 35s
Rendered 7457/9880, time remaining: 35s
Rendered 7458/9880, time remaining: 34s
Rendered 7459/9880, time remaining: 35s
Rendered 7460/9880, time remaining: 35s
Rendered 7461/9880, time remaining: 35s
Rendered 7462/9880, time remaining: 35s
Rendered 7463/9880, time remaining: 34s
Rendered 7464/9880, time remaining: 35s
Rendered 7465/9880, time remaining: 35s
Rendered 7466/9880, time remaining: 35s
Rendered 7467/9880, time remaining: 35s
Rendered 7468/9880, time remaining: 34s
Rendered 7469/9880, time remaining: 36s
Rendered 7470/9880, time remaining: 36s
Rendered 7471/9880, time remaining: 36s
Rendered 7472/9880, time remaining: 35s
Rendered 7473/9880, time remaining: 35s
Rendered 7474/9880, time remaining: 36s
Rendered 7475/9880, time remaining: 36s
Rendered 7476/9880, time remaining: 36s
Rendered 7477/9880, time remaining: 36s
Rendered 7478/9880, time remaining: 34s
Rendered 7479/9880, time remaining: 36s
Rendered 7480/9880, time remaining: 36s
Rendered 7481/9880, time remaining: 36s
Rendered 7482/9880, time remaining: 36s
Rendered 7483/9880, time remaining: 34s
Rendered 7484/9880, time remaining: 35s
Rendered 7485/9880, time remaining: 35s
Rendered 7486/9880, time remaining: 35s
Rendered 7487/9880, time remaining: 35s
Rendered 7488/9880, time remaining: 34s
Rendered 7489/9880, time remaining: 35s
Rendered 7490/9880, time remaining: 35s
Rendered 7491/9880, time remaining: 35s
Rendered 7492/9880, time remaining: 35s
Rendered 7493/9880, time remaining: 34s
Rendered 7494/9880, time remaining: 34s
Rendered 7495/9880, time remaining: 35s
Rendered 7496/9880, time remaining: 35s
Rendered 7497/9880, time remaining: 35s
Rendered 7498/9880, time remaining: 34s
Rendered 7499/9880, time remaining: 34s
Rendered 7500/9880, time remaining: 35s
Rendered 7501/9880, time remaining: 35s
Rendered 7502/9880, time remaining: 34s
Rendered 7503/9880, time remaining: 34s
Rendered 7504/9880, time remaining: 34s
Rendered 7505/9880, time remaining: 35s
Rendered 7506/9880, time remaining: 35s
Rendered 7507/9880, time remaining: 35s
Rendered 7508/9880, time remaining: 34s
Rendered 7509/9880, time remaining: 34s
Rendered 7510/9880, time remaining: 35s
Rendered 7511/9880, time remaining: 35s
Rendered 7512/9880, time remaining: 35s
Rendered 7513/9880, time remaining: 35s
Rendered 7514/9880, time remaining: 35s
Rendered 7515/9880, time remaining: 35s
Rendered 7516/9880, time remaining: 35s
Rendered 7517/9880, time remaining: 35s
Rendered 7518/9880, time remaining: 35s
Rendered 7519/9880, time remaining: 35s
Rendered 7520/9880, time remaining: 35s
Rendered 7521/9880, time remaining: 35s
Rendered 7522/9880, time remaining: 35s
Rendered 7523/9880, time remaining: 35s
Rendered 7524/9880, time remaining: 35s
Rendered 7525/9880, time remaining: 35s
Rendered 7526/9880, time remaining: 35s
Rendered 7527/9880, time remaining: 35s
Rendered 7528/9880, time remaining: 35s
Rendered 7529/9880, time remaining: 34s
Rendered 7530/9880, time remaining: 34s
Rendered 7531/9880, time remaining: 34s
Rendered 7532/9880, time remaining: 34s
Rendered 7533/9880, time remaining: 34s
Rendered 7534/9880, time remaining: 34s
Rendered 7535/9880, time remaining: 35s
Rendered 7536/9880, time remaining: 35s
Rendered 7537/9880, time remaining: 35s
Rendered 7538/9880, time remaining: 35s
Rendered 7539/9880, time remaining: 35s
Rendered 7540/9880, time remaining: 36s
Rendered 7541/9880, time remaining: 35s
Rendered 7542/9880, time remaining: 35s
Rendered 7543/9880, time remaining: 35s
Rendered 7544/9880, time remaining: 35s
Rendered 7545/9880, time remaining: 36s
Rendered 7546/9880, time remaining: 36s
Rendered 7547/9880, time remaining: 35s
Rendered 7548/9880, time remaining: 35s
Rendered 7549/9880, time remaining: 35s
Rendered 7550/9880, time remaining: 36s
Rendered 7551/9880, time remaining: 36s
Rendered 7552/9880, time remaining: 35s
Rendered 7553/9880, time remaining: 35s
Rendered 7554/9880, time remaining: 35s
Rendered 7555/9880, time remaining: 36s
Rendered 7556/9880, time remaining: 36s
Rendered 7557/9880, time remaining: 35s
Rendered 7558/9880, time remaining: 35s
Rendered 7559/9880, time remaining: 35s
Rendered 7560/9880, time remaining: 36s
Rendered 7561/9880, time remaining: 36s
Rendered 7562/9880, time remaining: 36s
Rendered 7563/9880, time remaining: 35s
Rendered 7564/9880, time remaining: 35s
Rendered 7565/9880, time remaining: 36s
Rendered 7566/9880, time remaining: 36s
Rendered 7567/9880, time remaining: 36s
Rendered 7568/9880, time remaining: 35s
Rendered 7569/9880, time remaining: 35s
Rendered 7570/9880, time remaining: 37s
Rendered 7571/9880, time remaining: 36s
Rendered 7572/9880, time remaining: 36s
Rendered 7573/9880, time remaining: 35s
Rendered 7574/9880, time remaining: 36s
Rendered 7575/9880, time remaining: 37s
Rendered 7576/9880, time remaining: 37s
Rendered 7577/9880, time remaining: 36s
Rendered 7578/9880, time remaining: 36s
Rendered 7579/9880, time remaining: 36s
Rendered 7580/9880, time remaining: 37s
Rendered 7581/9880, time remaining: 37s
Rendered 7582/9880, time remaining: 37s
Rendered 7583/9880, time remaining: 36s
Rendered 7584/9880, time remaining: 36s
Rendered 7585/9880, time remaining: 37s
Rendered 7586/9880, time remaining: 37s
Rendered 7587/9880, time remaining: 37s
Rendered 7588/9880, time remaining: 36s
Rendered 7589/9880, time remaining: 36s
Rendered 7590/9880, time remaining: 37s
Rendered 7591/9880, time remaining: 37s
Rendered 7592/9880, time remaining: 37s
Rendered 7593/9880, time remaining: 35s
Rendered 7594/9880, time remaining: 35s
Rendered 7595/9880, time remaining: 37s
Rendered 7596/9880, time remaining: 37s
Rendered 7597/9880, time remaining: 37s
Rendered 7598/9880, time remaining: 36s
Rendered 7599/9880, time remaining: 35s
Rendered 7600/9880, time remaining: 37s
Rendered 7601/9880, time remaining: 37s
Rendered 7602/9880, time remaining: 37s
Rendered 7603/9880, time remaining: 36s
Rendered 7604/9880, time remaining: 36s
Rendered 7605/9880, time remaining: 37s
Rendered 7606/9880, time remaining: 37s
Rendered 7607/9880, time remaining: 37s
Rendered 7608/9880, time remaining: 37s
Rendered 7609/9880, time remaining: 36s
Rendered 7610/9880, time remaining: 37s
Rendered 7611/9880, time remaining: 37s
Rendered 7612/9880, time remaining: 37s
Rendered 7613/9880, time remaining: 37s
Rendered 7614/9880, time remaining: 36s
Rendered 7615/9880, time remaining: 37s
Rendered 7616/9880, time remaining: 37s
Rendered 7617/9880, time remaining: 37s
Rendered 7618/9880, time remaining: 37s
Rendered 7619/9880, time remaining: 36s
Rendered 7620/9880, time remaining: 37s
Rendered 7621/9880, time remaining: 37s
Rendered 7622/9880, time remaining: 37s
Rendered 7623/9880, time remaining: 37s
Rendered 7624/9880, time remaining: 35s
Rendered 7625/9880, time remaining: 37s
Rendered 7626/9880, time remaining: 37s
Rendered 7627/9880, time remaining: 37s
Rendered 7628/9880, time remaining: 37s
Rendered 7629/9880, time remaining: 35s
Rendered 7630/9880, time remaining: 37s
Rendered 7631/9880, time remaining: 37s
Rendered 7632/9880, time remaining: 37s
Rendered 7633/9880, time remaining: 37s
Rendered 7634/9880, time remaining: 35s
Rendered 7635/9880, time remaining: 36s
Rendered 7636/9880, time remaining: 36s
Rendered 7637/9880, time remaining: 36s
Rendered 7638/9880, time remaining: 36s
Rendered 7639/9880, time remaining: 36s
Rendered 7640/9880, time remaining: 37s
Rendered 7641/9880, time remaining: 36s
Rendered 7642/9880, time remaining: 36s
Rendered 7643/9880, time remaining: 36s
Rendered 7644/9880, time remaining: 36s
Rendered 7645/9880, time remaining: 37s
Rendered 7646/9880, time remaining: 37s
Rendered 7647/9880, time remaining: 37s
Rendered 7648/9880, time remaining: 37s
Rendered 7649/9880, time remaining: 36s
Rendered 7650/9880, time remaining: 37s
Rendered 7651/9880, time remaining: 37s
Rendered 7652/9880, time remaining: 37s
Rendered 7653/9880, time remaining: 37s
Rendered 7654/9880, time remaining: 37s
Rendered 7655/9880, time remaining: 37s
Rendered 7656/9880, time remaining: 37s
Rendered 7657/9880, time remaining: 37s
Rendered 7658/9880, time remaining: 37s
Rendered 7659/9880, time remaining: 37s
Rendered 7660/9880, time remaining: 36s
Rendered 7661/9880, time remaining: 36s
Rendered 7662/9880, time remaining: 36s
Rendered 7663/9880, time remaining: 36s
Rendered 7664/9880, time remaining: 36s
Rendered 7665/9880, time remaining: 36s
Rendered 7666/9880, time remaining: 36s
Rendered 7667/9880, time remaining: 36s
Rendered 7668/9880, time remaining: 36s
Rendered 7669/9880, time remaining: 36s
Rendered 7670/9880, time remaining: 36s
Rendered 7671/9880, time remaining: 36s
Rendered 7672/9880, time remaining: 36s
Rendered 7673/9880, time remaining: 36s
Rendered 7674/9880, time remaining: 36s
Rendered 7675/9880, time remaining: 36s
Rendered 7676/9880, time remaining: 36s
Rendered 7677/9880, time remaining: 36s
Rendered 7678/9880, time remaining: 36s
Rendered 7679/9880, time remaining: 36s
Rendered 7680/9880, time remaining: 36s
Rendered 7681/9880, time remaining: 36s
Rendered 7682/9880, time remaining: 36s
Rendered 7683/9880, time remaining: 36s
Rendered 7684/9880, time remaining: 36s
Rendered 7685/9880, time remaining: 36s
Rendered 7686/9880, time remaining: 36s
Rendered 7687/9880, time remaining: 36s
Rendered 7688/9880, time remaining: 36s
Rendered 7689/9880, time remaining: 36s
Rendered 7690/9880, time remaining: 36s
Rendered 7691/9880, time remaining: 36s
Rendered 7692/9880, time remaining: 36s
Rendered 7693/9880, time remaining: 36s
Rendered 7694/9880, time remaining: 36s
Rendered 7695/9880, time remaining: 36s
Rendered 7696/9880, time remaining: 36s
Rendered 7697/9880, time remaining: 36s
Rendered 7698/9880, time remaining: 36s
Rendered 7699/9880, time remaining: 36s
Rendered 7700/9880, time remaining: 36s
Rendered 7701/9880, time remaining: 36s
Rendered 7702/9880, time remaining: 36s
Rendered 7703/9880, time remaining: 36s
Rendered 7704/9880, time remaining: 36s
Rendered 7705/9880, time remaining: 36s
Rendered 7706/9880, time remaining: 36s
Rendered 7707/9880, time remaining: 36s
Rendered 7708/9880, time remaining: 36s
Rendered 7709/9880, time remaining: 36s
Rendered 7710/9880, time remaining: 36s
Rendered 7711/9880, time remaining: 36s
Rendered 7712/9880, time remaining: 36s
Rendered 7713/9880, time remaining: 36s
Rendered 7714/9880, time remaining: 36s
Rendered 7715/9880, time remaining: 36s
Rendered 7716/9880, time remaining: 36s
Rendered 7717/9880, time remaining: 36s
Rendered 7718/9880, time remaining: 36s
Rendered 7719/9880, time remaining: 36s
Rendered 7720/9880, time remaining: 36s
Rendered 7721/9880, time remaining: 36s
Rendered 7722/9880, time remaining: 36s
Rendered 7723/9880, time remaining: 35s
Rendered 7724/9880, time remaining: 35s
Rendered 7725/9880, time remaining: 35s
Rendered 7726/9880, time remaining: 35s
Rendered 7727/9880, time remaining: 35s
Rendered 7728/9880, time remaining: 35s
Rendered 7729/9880, time remaining: 35s
Rendered 7730/9880, time remaining: 34s
Rendered 7731/9880, time remaining: 35s
Rendered 7732/9880, time remaining: 35s
Rendered 7733/9880, time remaining: 35s
Rendered 7734/9880, time remaining: 35s
Rendered 7735/9880, time remaining: 34s
Rendered 7736/9880, time remaining: 35s
Rendered 7737/9880, time remaining: 35s
Rendered 7738/9880, time remaining: 35s
Rendered 7739/9880, time remaining: 35s
Rendered 7740/9880, time remaining: 34s
Rendered 7741/9880, time remaining: 35s
Rendered 7742/9880, time remaining: 35s
Rendered 7743/9880, time remaining: 35s
Rendered 7744/9880, time remaining: 35s
Rendered 7745/9880, time remaining: 34s
Rendered 7746/9880, time remaining: 35s
Rendered 7747/9880, time remaining: 35s
Rendered 7748/9880, time remaining: 35s
Rendered 7749/9880, time remaining: 35s
Rendered 7750/9880, time remaining: 34s
Rendered 7751/9880, time remaining: 35s
Rendered 7752/9880, time remaining: 35s
Rendered 7753/9880, time remaining: 35s
Rendered 7754/9880, time remaining: 35s
Rendered 7755/9880, time remaining: 34s
Rendered 7756/9880, time remaining: 35s
Rendered 7757/9880, time remaining: 35s
Rendered 7758/9880, time remaining: 35s
Rendered 7759/9880, time remaining: 35s
Rendered 7760/9880, time remaining: 34s
Rendered 7761/9880, time remaining: 35s
Rendered 7762/9880, time remaining: 35s
Rendered 7763/9880, time remaining: 35s
Rendered 7764/9880, time remaining: 35s
Rendered 7765/9880, time remaining: 34s
Rendered 7766/9880, time remaining: 35s
Rendered 7767/9880, time remaining: 35s
Rendered 7768/9880, time remaining: 35s
Rendered 7769/9880, time remaining: 35s
Rendered 7770/9880, time remaining: 34s
Rendered 7771/9880, time remaining: 34s
Rendered 7772/9880, time remaining: 34s
Rendered 7773/9880, time remaining: 35s
Rendered 7774/9880, time remaining: 35s
Rendered 7775/9880, time remaining: 33s
Rendered 7776/9880, time remaining: 34s
Rendered 7777/9880, time remaining: 34s
Rendered 7778/9880, time remaining: 34s
Rendered 7779/9880, time remaining: 34s
Rendered 7780/9880, time remaining: 33s
Rendered 7781/9880, time remaining: 34s
Rendered 7782/9880, time remaining: 34s
Rendered 7783/9880, time remaining: 34s
Rendered 7784/9880, time remaining: 34s
Rendered 7785/9880, time remaining: 33s
Rendered 7786/9880, time remaining: 34s
Rendered 7787/9880, time remaining: 34s
Rendered 7788/9880, time remaining: 34s
Rendered 7789/9880, time remaining: 34s
Rendered 7790/9880, time remaining: 33s
Rendered 7791/9880, time remaining: 34s
Rendered 7792/9880, time remaining: 34s
Rendered 7793/9880, time remaining: 34s
Rendered 7794/9880, time remaining: 34s
Rendered 7795/9880, time remaining: 33s
Rendered 7796/9880, time remaining: 34s
Rendered 7797/9880, time remaining: 34s
Rendered 7798/9880, time remaining: 34s
Rendered 7799/9880, time remaining: 34s
Rendered 7800/9880, time remaining: 33s
Rendered 7801/9880, time remaining: 34s
Rendered 7802/9880, time remaining: 34s
Rendered 7803/9880, time remaining: 34s
Rendered 7804/9880, time remaining: 34s
Rendered 7805/9880, time remaining: 33s
Rendered 7806/9880, time remaining: 33s
Rendered 7807/9880, time remaining: 33s
Rendered 7808/9880, time remaining: 33s
Rendered 7809/9880, time remaining: 33s
Rendered 7810/9880, time remaining: 32s
Rendered 7811/9880, time remaining: 33s
Rendered 7812/9880, time remaining: 33s
Rendered 7813/9880, time remaining: 33s
Rendered 7814/9880, time remaining: 33s
Rendered 7815/9880, time remaining: 32s
Rendered 7816/9880, time remaining: 33s
Rendered 7817/9880, time remaining: 33s
Rendered 7818/9880, time remaining: 33s
Rendered 7819/9880, time remaining: 33s
Rendered 7820/9880, time remaining: 32s
Rendered 7821/9880, time remaining: 33s
Rendered 7822/9880, time remaining: 33s
Rendered 7823/9880, time remaining: 33s
Rendered 7824/9880, time remaining: 32s
Rendered 7825/9880, time remaining: 31s
Rendered 7826/9880, time remaining: 32s
Rendered 7827/9880, time remaining: 32s
Rendered 7828/9880, time remaining: 32s
Rendered 7829/9880, time remaining: 32s
Rendered 7830/9880, time remaining: 31s
Rendered 7831/9880, time remaining: 32s
Rendered 7832/9880, time remaining: 32s
Rendered 7833/9880, time remaining: 32s
Rendered 7834/9880, time remaining: 32s
Rendered 7835/9880, time remaining: 31s
Rendered 7836/9880, time remaining: 32s
Rendered 7837/9880, time remaining: 32s
Rendered 7838/9880, time remaining: 32s
Rendered 7839/9880, time remaining: 31s
Rendered 7840/9880, time remaining: 31s
Rendered 7841/9880, time remaining: 31s
Rendered 7842/9880, time remaining: 31s
Rendered 7843/9880, time remaining: 31s
Rendered 7844/9880, time remaining: 31s
Rendered 7845/9880, time remaining: 30s
Rendered 7846/9880, time remaining: 31s
Rendered 7847/9880, time remaining: 31s
Rendered 7848/9880, time remaining: 31s
Rendered 7849/9880, time remaining: 31s
Rendered 7850/9880, time remaining: 30s
Rendered 7851/9880, time remaining: 31s
Rendered 7852/9880, time remaining: 31s
Rendered 7853/9880, time remaining: 31s
Rendered 7854/9880, time remaining: 31s
Rendered 7855/9880, time remaining: 30s
Rendered 7856/9880, time remaining: 30s
Rendered 7857/9880, time remaining: 30s
Rendered 7858/9880, time remaining: 30s
Rendered 7859/9880, time remaining: 30s
Rendered 7860/9880, time remaining: 29s
Rendered 7861/9880, time remaining: 30s
Rendered 7862/9880, time remaining: 30s
Rendered 7863/9880, time remaining: 30s
Rendered 7864/9880, time remaining: 30s
Rendered 7865/9880, time remaining: 29s
Rendered 7866/9880, time remaining: 30s
Rendered 7867/9880, time remaining: 30s
Rendered 7868/9880, time remaining: 30s
Rendered 7869/9880, time remaining: 30s
Rendered 7870/9880, time remaining: 29s
Rendered 7871/9880, time remaining: 30s
Rendered 7872/9880, time remaining: 30s
Rendered 7873/9880, time remaining: 30s
Rendered 7874/9880, time remaining: 29s
Rendered 7875/9880, time remaining: 29s
Rendered 7876/9880, time remaining: 29s
Rendered 7877/9880, time remaining: 29s
Rendered 7878/9880, time remaining: 29s
Rendered 7879/9880, time remaining: 29s
Rendered 7880/9880, time remaining: 29s
Rendered 7881/9880, time remaining: 29s
Rendered 7882/9880, time remaining: 29s
Rendered 7883/9880, time remaining: 29s
Rendered 7884/9880, time remaining: 29s
Rendered 7885/9880, time remaining: 29s
Rendered 7886/9880, time remaining: 29s
Rendered 7887/9880, time remaining: 29s
Rendered 7888/9880, time remaining: 29s
Rendered 7889/9880, time remaining: 29s
Rendered 7890/9880, time remaining: 29s
Rendered 7891/9880, time remaining: 28s
Rendered 7892/9880, time remaining: 28s
Rendered 7893/9880, time remaining: 28s
Rendered 7894/9880, time remaining: 28s
Rendered 7895/9880, time remaining: 28s
Rendered 7896/9880, time remaining: 28s
Rendered 7897/9880, time remaining: 28s
Rendered 7898/9880, time remaining: 28s
Rendered 7899/9880, time remaining: 28s
Rendered 7900/9880, time remaining: 28s
Rendered 7901/9880, time remaining: 28s
Rendered 7902/9880, time remaining: 28s
Rendered 7903/9880, time remaining: 28s
Rendered 7904/9880, time remaining: 28s
Rendered 7905/9880, time remaining: 28s
Rendered 7906/9880, time remaining: 27s
Rendered 7907/9880, time remaining: 27s
Rendered 7908/9880, time remaining: 27s
Rendered 7909/9880, time remaining: 27s
Rendered 7910/9880, time remaining: 27s
Rendered 7911/9880, time remaining: 27s
Rendered 7912/9880, time remaining: 27s
Rendered 7913/9880, time remaining: 27s
Rendered 7914/9880, time remaining: 27s
Rendered 7915/9880, time remaining: 27s
Rendered 7916/9880, time remaining: 27s
Rendered 7917/9880, time remaining: 27s
Rendered 7918/9880, time remaining: 27s
Rendered 7919/9880, time remaining: 27s
Rendered 7920/9880, time remaining: 27s
Rendered 7921/9880, time remaining: 27s
Rendered 7922/9880, time remaining: 27s
Rendered 7923/9880, time remaining: 27s
Rendered 7924/9880, time remaining: 27s
Rendered 7925/9880, time remaining: 26s
Rendered 7926/9880, time remaining: 26s
Rendered 7927/9880, time remaining: 26s
Rendered 7928/9880, time remaining: 26s
Rendered 7929/9880, time remaining: 26s
Rendered 7930/9880, time remaining: 26s
Rendered 7931/9880, time remaining: 26s
Rendered 7932/9880, time remaining: 26s
Rendered 7933/9880, time remaining: 26s
Rendered 7934/9880, time remaining: 26s
Rendered 7935/9880, time remaining: 26s
Rendered 7936/9880, time remaining: 26s
Rendered 7937/9880, time remaining: 26s
Rendered 7938/9880, time remaining: 26s
Rendered 7939/9880, time remaining: 26s
Rendered 7940/9880, time remaining: 26s
Rendered 7941/9880, time remaining: 26s
Rendered 7942/9880, time remaining: 26s
Rendered 7943/9880, time remaining: 26s
Rendered 7944/9880, time remaining: 26s
Rendered 7945/9880, time remaining: 26s
Rendered 7946/9880, time remaining: 25s
Rendered 7947/9880, time remaining: 25s
Rendered 7948/9880, time remaining: 25s
Rendered 7949/9880, time remaining: 25s
Rendered 7950/9880, time remaining: 25s
Rendered 7951/9880, time remaining: 25s
Rendered 7952/9880, time remaining: 25s
Rendered 7953/9880, time remaining: 25s
Rendered 7954/9880, time remaining: 25s
Rendered 7955/9880, time remaining: 25s
Rendered 7956/9880, time remaining: 25s
Rendered 7957/9880, time remaining: 25s
Rendered 7958/9880, time remaining: 25s
Rendered 7959/9880, time remaining: 25s
Rendered 7960/9880, time remaining: 25s
Rendered 7961/9880, time remaining: 25s
Rendered 7962/9880, time remaining: 25s
Rendered 7963/9880, time remaining: 25s
Rendered 7964/9880, time remaining: 25s
Rendered 7965/9880, time remaining: 25s
Rendered 7966/9880, time remaining: 25s
Rendered 7967/9880, time remaining: 25s
Rendered 7968/9880, time remaining: 25s
Rendered 7969/9880, time remaining: 25s
Rendered 7970/9880, time remaining: 25s
Rendered 7971/9880, time remaining: 25s
Rendered 7972/9880, time remaining: 25s
Rendered 7973/9880, time remaining: 25s
Rendered 7974/9880, time remaining: 25s
Rendered 7975/9880, time remaining: 25s
Rendered 7976/9880, time remaining: 25s
Rendered 7977/9880, time remaining: 25s
Rendered 7978/9880, time remaining: 25s
Rendered 7979/9880, time remaining: 25s
Rendered 7980/9880, time remaining: 25s
Rendered 7981/9880, time remaining: 25s
Rendered 7982/9880, time remaining: 25s
Rendered 7983/9880, time remaining: 25s
Rendered 7984/9880, time remaining: 25s
Rendered 7985/9880, time remaining: 25s
Rendered 7986/9880, time remaining: 25s
Rendered 7987/9880, time remaining: 25s
Rendered 7988/9880, time remaining: 25s
Rendered 7989/9880, time remaining: 25s
Rendered 7990/9880, time remaining: 25s
Rendered 7991/9880, time remaining: 25s
Rendered 7992/9880, time remaining: 25s
Rendered 7993/9880, time remaining: 25s
Rendered 7994/9880, time remaining: 25s
Rendered 7995/9880, time remaining: 25s
Rendered 7996/9880, time remaining: 25s
Rendered 7997/9880, time remaining: 25s
Rendered 7998/9880, time remaining: 25s
Rendered 7999/9880, time remaining: 25s
Rendered 8000/9880, time remaining: 25s
Rendered 8001/9880, time remaining: 25s
Rendered 8002/9880, time remaining: 24s
Rendered 8003/9880, time remaining: 24s
Rendered 8004/9880, time remaining: 24s
Rendered 8005/9880, time remaining: 25s
Rendered 8006/9880, time remaining: 24s
Rendered 8007/9880, time remaining: 24s
Rendered 8008/9880, time remaining: 24s
Rendered 8009/9880, time remaining: 24s
Rendered 8010/9880, time remaining: 24s
Rendered 8011/9880, time remaining: 24s
Rendered 8012/9880, time remaining: 24s
Rendered 8013/9880, time remaining: 24s
Rendered 8014/9880, time remaining: 24s
Rendered 8015/9880, time remaining: 24s
Rendered 8016/9880, time remaining: 24s
Rendered 8017/9880, time remaining: 24s
Rendered 8018/9880, time remaining: 24s
Rendered 8019/9880, time remaining: 24s
Rendered 8020/9880, time remaining: 24s
Rendered 8021/9880, time remaining: 25s
Rendered 8022/9880, time remaining: 24s
Rendered 8023/9880, time remaining: 24s
Rendered 8024/9880, time remaining: 24s
Rendered 8025/9880, time remaining: 24s
Rendered 8026/9880, time remaining: 24s
Rendered 8027/9880, time remaining: 24s
Rendered 8028/9880, time remaining: 24s
Rendered 8029/9880, time remaining: 24s
Rendered 8030/9880, time remaining: 24s
Rendered 8031/9880, time remaining: 24s
Rendered 8032/9880, time remaining: 24s
Rendered 8033/9880, time remaining: 24s
Rendered 8034/9880, time remaining: 24s
Rendered 8035/9880, time remaining: 24s
Rendered 8036/9880, time remaining: 24s
Rendered 8037/9880, time remaining: 24s
Rendered 8038/9880, time remaining: 24s
Rendered 8039/9880, time remaining: 24s
Rendered 8040/9880, time remaining: 24s
Rendered 8041/9880, time remaining: 24s
Rendered 8042/9880, time remaining: 24s
Rendered 8043/9880, time remaining: 24s
Rendered 8044/9880, time remaining: 24s
Rendered 8045/9880, time remaining: 24s
Rendered 8046/9880, time remaining: 24s
Rendered 8047/9880, time remaining: 24s
Rendered 8048/9880, time remaining: 24s
Rendered 8049/9880, time remaining: 24s
Rendered 8050/9880, time remaining: 24s
Rendered 8051/9880, time remaining: 24s
Rendered 8052/9880, time remaining: 24s
Rendered 8053/9880, time remaining: 24s
Rendered 8054/9880, time remaining: 24s
Rendered 8055/9880, time remaining: 24s
Rendered 8056/9880, time remaining: 24s
Rendered 8057/9880, time remaining: 24s
Rendered 8058/9880, time remaining: 24s
Rendered 8059/9880, time remaining: 24s
Rendered 8060/9880, time remaining: 24s
Rendered 8061/9880, time remaining: 24s
Rendered 8062/9880, time remaining: 24s
Rendered 8063/9880, time remaining: 24s
Rendered 8064/9880, time remaining: 24s
Rendered 8065/9880, time remaining: 24s
Rendered 8066/9880, time remaining: 24s
Rendered 8067/9880, time remaining: 24s
Rendered 8068/9880, time remaining: 24s
Rendered 8069/9880, time remaining: 24s
Rendered 8070/9880, time remaining: 24s
Rendered 8071/9880, time remaining: 24s
Rendered 8072/9880, time remaining: 24s
Rendered 8073/9880, time remaining: 24s
Rendered 8074/9880, time remaining: 24s
Rendered 8075/9880, time remaining: 24s
Rendered 8076/9880, time remaining: 24s
Rendered 8077/9880, time remaining: 24s
Rendered 8078/9880, time remaining: 24s
Rendered 8079/9880, time remaining: 24s
Rendered 8080/9880, time remaining: 24s
Rendered 8081/9880, time remaining: 23s
Rendered 8082/9880, time remaining: 23s
Rendered 8083/9880, time remaining: 24s
Rendered 8084/9880, time remaining: 24s
Rendered 8085/9880, time remaining: 24s
Rendered 8086/9880, time remaining: 23s
Rendered 8087/9880, time remaining: 23s
Rendered 8088/9880, time remaining: 24s
Rendered 8089/9880, time remaining: 24s
Rendered 8090/9880, time remaining: 24s
Rendered 8091/9880, time remaining: 23s
Rendered 8092/9880, time remaining: 23s
Rendered 8093/9880, time remaining: 24s
Rendered 8094/9880, time remaining: 24s
Rendered 8095/9880, time remaining: 24s
Rendered 8096/9880, time remaining: 23s
Rendered 8097/9880, time remaining: 23s
Rendered 8098/9880, time remaining: 24s
Rendered 8099/9880, time remaining: 24s
Rendered 8100/9880, time remaining: 24s
Rendered 8101/9880, time remaining: 23s
Rendered 8102/9880, time remaining: 23s
Rendered 8103/9880, time remaining: 24s
Rendered 8104/9880, time remaining: 24s
Rendered 8105/9880, time remaining: 24s
Rendered 8106/9880, time remaining: 23s
Rendered 8107/9880, time remaining: 23s
Rendered 8108/9880, time remaining: 24s
Rendered 8109/9880, time remaining: 24s
Rendered 8110/9880, time remaining: 24s
Rendered 8111/9880, time remaining: 23s
Rendered 8112/9880, time remaining: 23s
Rendered 8113/9880, time remaining: 23s
Rendered 8114/9880, time remaining: 23s
Rendered 8115/9880, time remaining: 24s
Rendered 8116/9880, time remaining: 23s
Rendered 8117/9880, time remaining: 23s
Rendered 8118/9880, time remaining: 23s
Rendered 8119/9880, time remaining: 23s
Rendered 8120/9880, time remaining: 24s
Rendered 8121/9880, time remaining: 23s
Rendered 8122/9880, time remaining: 23s
Rendered 8123/9880, time remaining: 23s
Rendered 8124/9880, time remaining: 23s
Rendered 8125/9880, time remaining: 23s
Rendered 8126/9880, time remaining: 23s
Rendered 8127/9880, time remaining: 23s
Rendered 8128/9880, time remaining: 23s
Rendered 8129/9880, time remaining: 23s
Rendered 8130/9880, time remaining: 24s
Rendered 8131/9880, time remaining: 23s
Rendered 8132/9880, time remaining: 23s
Rendered 8133/9880, time remaining: 23s
Rendered 8134/9880, time remaining: 23s
Rendered 8135/9880, time remaining: 23s
Rendered 8136/9880, time remaining: 23s
Rendered 8137/9880, time remaining: 23s
Rendered 8138/9880, time remaining: 23s
Rendered 8139/9880, time remaining: 23s
Rendered 8140/9880, time remaining: 23s
Rendered 8141/9880, time remaining: 23s
Rendered 8142/9880, time remaining: 23s
Rendered 8143/9880, time remaining: 23s
Rendered 8144/9880, time remaining: 23s
Rendered 8145/9880, time remaining: 23s
Rendered 8146/9880, time remaining: 22s
Rendered 8147/9880, time remaining: 23s
Rendered 8148/9880, time remaining: 23s
Rendered 8149/9880, time remaining: 23s
Rendered 8150/9880, time remaining: 23s
Rendered 8151/9880, time remaining: 22s
Rendered 8152/9880, time remaining: 23s
Rendered 8153/9880, time remaining: 23s
Rendered 8154/9880, time remaining: 23s
Rendered 8155/9880, time remaining: 23s
Rendered 8156/9880, time remaining: 22s
Rendered 8157/9880, time remaining: 23s
Rendered 8158/9880, time remaining: 23s
Rendered 8159/9880, time remaining: 23s
Rendered 8160/9880, time remaining: 23s
Rendered 8161/9880, time remaining: 22s
Rendered 8162/9880, time remaining: 22s
Rendered 8163/9880, time remaining: 22s
Rendered 8164/9880, time remaining: 22s
Rendered 8165/9880, time remaining: 23s
Rendered 8166/9880, time remaining: 22s
Rendered 8167/9880, time remaining: 22s
Rendered 8168/9880, time remaining: 23s
Rendered 8169/9880, time remaining: 23s
Rendered 8170/9880, time remaining: 23s
Rendered 8171/9880, time remaining: 22s
Rendered 8172/9880, time remaining: 22s
Rendered 8173/9880, time remaining: 22s
Rendered 8174/9880, time remaining: 22s
Rendered 8175/9880, time remaining: 22s
Rendered 8176/9880, time remaining: 22s
Rendered 8177/9880, time remaining: 22s
Rendered 8178/9880, time remaining: 22s
Rendered 8179/9880, time remaining: 22s
Rendered 8180/9880, time remaining: 22s
Rendered 8181/9880, time remaining: 22s
Rendered 8182/9880, time remaining: 22s
Rendered 8183/9880, time remaining: 22s
Rendered 8184/9880, time remaining: 22s
Rendered 8185/9880, time remaining: 22s
Rendered 8186/9880, time remaining: 22s
Rendered 8187/9880, time remaining: 22s
Rendered 8188/9880, time remaining: 22s
Rendered 8189/9880, time remaining: 22s
Rendered 8190/9880, time remaining: 22s
Rendered 8191/9880, time remaining: 21s
Rendered 8192/9880, time remaining: 22s
Rendered 8193/9880, time remaining: 22s
Rendered 8194/9880, time remaining: 22s
Rendered 8195/9880, time remaining: 22s
Rendered 8196/9880, time remaining: 21s
Rendered 8197/9880, time remaining: 21s
Rendered 8198/9880, time remaining: 22s
Rendered 8199/9880, time remaining: 22s
Rendered 8200/9880, time remaining: 22s
Rendered 8201/9880, time remaining: 21s
Rendered 8202/9880, time remaining: 21s
Rendered 8203/9880, time remaining: 21s
Rendered 8204/9880, time remaining: 22s
Rendered 8205/9880, time remaining: 22s
Rendered 8206/9880, time remaining: 21s
Rendered 8207/9880, time remaining: 21s
Rendered 8208/9880, time remaining: 21s
Rendered 8209/9880, time remaining: 22s
Rendered 8210/9880, time remaining: 22s
Rendered 8211/9880, time remaining: 21s
Rendered 8212/9880, time remaining: 21s
Rendered 8213/9880, time remaining: 21s
Rendered 8214/9880, time remaining: 22s
Rendered 8215/9880, time remaining: 22s
Rendered 8216/9880, time remaining: 21s
Rendered 8217/9880, time remaining: 21s
Rendered 8218/9880, time remaining: 21s
Rendered 8219/9880, time remaining: 22s
Rendered 8220/9880, time remaining: 22s
Rendered 8221/9880, time remaining: 21s
Rendered 8222/9880, time remaining: 21s
Rendered 8223/9880, time remaining: 21s
Rendered 8224/9880, time remaining: 22s
Rendered 8225/9880, time remaining: 22s
Rendered 8226/9880, time remaining: 22s
Rendered 8227/9880, time remaining: 22s
Rendered 8228/9880, time remaining: 21s
Rendered 8229/9880, time remaining: 22s
Rendered 8230/9880, time remaining: 22s
Rendered 8231/9880, time remaining: 22s
Rendered 8232/9880, time remaining: 21s
Rendered 8233/9880, time remaining: 21s
Rendered 8234/9880, time remaining: 22s
Rendered 8235/9880, time remaining: 22s
Rendered 8236/9880, time remaining: 22s
Rendered 8237/9880, time remaining: 22s
Rendered 8238/9880, time remaining: 21s
Rendered 8239/9880, time remaining: 21s
Rendered 8240/9880, time remaining: 21s
Rendered 8241/9880, time remaining: 22s
Rendered 8242/9880, time remaining: 22s
Rendered 8243/9880, time remaining: 21s
Rendered 8244/9880, time remaining: 21s
Rendered 8245/9880, time remaining: 21s
Rendered 8246/9880, time remaining: 21s
Rendered 8247/9880, time remaining: 21s
Rendered 8248/9880, time remaining: 21s
Rendered 8249/9880, time remaining: 21s
Rendered 8250/9880, time remaining: 21s
Rendered 8251/9880, time remaining: 21s
Rendered 8252/9880, time remaining: 21s
Rendered 8253/9880, time remaining: 21s
Rendered 8254/9880, time remaining: 21s
Rendered 8255/9880, time remaining: 21s
Rendered 8256/9880, time remaining: 21s
Rendered 8257/9880, time remaining: 21s
Rendered 8258/9880, time remaining: 21s
Rendered 8259/9880, time remaining: 21s
Rendered 8260/9880, time remaining: 21s
Rendered 8261/9880, time remaining: 21s
Rendered 8262/9880, time remaining: 21s
Rendered 8263/9880, time remaining: 21s
Rendered 8264/9880, time remaining: 21s
Rendered 8265/9880, time remaining: 21s
Rendered 8266/9880, time remaining: 21s
Rendered 8267/9880, time remaining: 21s
Rendered 8268/9880, time remaining: 21s
Rendered 8269/9880, time remaining: 21s
Rendered 8270/9880, time remaining: 21s
Rendered 8271/9880, time remaining: 22s
Rendered 8272/9880, time remaining: 22s
Rendered 8273/9880, time remaining: 21s
Rendered 8274/9880, time remaining: 21s
Rendered 8275/9880, time remaining: 21s
Rendered 8276/9880, time remaining: 22s
Rendered 8277/9880, time remaining: 22s
Rendered 8278/9880, time remaining: 22s
Rendered 8279/9880, time remaining: 22s
Rendered 8280/9880, time remaining: 21s
Rendered 8281/9880, time remaining: 22s
Rendered 8282/9880, time remaining: 22s
Rendered 8283/9880, time remaining: 22s
Rendered 8284/9880, time remaining: 22s
Rendered 8285/9880, time remaining: 21s
Rendered 8286/9880, time remaining: 22s
Rendered 8287/9880, time remaining: 22s
Rendered 8288/9880, time remaining: 22s
Rendered 8289/9880, time remaining: 22s
Rendered 8290/9880, time remaining: 21s
Rendered 8291/9880, time remaining: 22s
Rendered 8292/9880, time remaining: 22s
Rendered 8293/9880, time remaining: 22s
Rendered 8294/9880, time remaining: 22s
Rendered 8295/9880, time remaining: 22s
Rendered 8296/9880, time remaining: 22s
Rendered 8297/9880, time remaining: 22s
Rendered 8298/9880, time remaining: 22s
Rendered 8299/9880, time remaining: 22s
Rendered 8300/9880, time remaining: 22s
Rendered 8301/9880, time remaining: 23s
Rendered 8302/9880, time remaining: 22s
Rendered 8303/9880, time remaining: 22s
Rendered 8304/9880, time remaining: 22s
Rendered 8305/9880, time remaining: 22s
Rendered 8306/9880, time remaining: 23s
Rendered 8307/9880, time remaining: 22s
Rendered 8308/9880, time remaining: 22s
Rendered 8309/9880, time remaining: 22s
Rendered 8310/9880, time remaining: 22s
Rendered 8311/9880, time remaining: 23s
Rendered 8312/9880, time remaining: 22s
Rendered 8313/9880, time remaining: 22s
Rendered 8314/9880, time remaining: 22s
Rendered 8315/9880, time remaining: 22s
Rendered 8316/9880, time remaining: 23s
Rendered 8317/9880, time remaining: 22s
Rendered 8318/9880, time remaining: 22s
Rendered 8319/9880, time remaining: 22s
Rendered 8320/9880, time remaining: 22s
Rendered 8321/9880, time remaining: 23s
Rendered 8322/9880, time remaining: 23s
Rendered 8323/9880, time remaining: 22s
Rendered 8324/9880, time remaining: 22s
Rendered 8325/9880, time remaining: 22s
Rendered 8326/9880, time remaining: 23s
Rendered 8327/9880, time remaining: 23s
Rendered 8328/9880, time remaining: 22s
Rendered 8329/9880, time remaining: 22s
Rendered 8330/9880, time remaining: 22s
Rendered 8331/9880, time remaining: 23s
Rendered 8332/9880, time remaining: 23s
Rendered 8333/9880, time remaining: 22s
Rendered 8334/9880, time remaining: 22s
Rendered 8335/9880, time remaining: 22s
Rendered 8336/9880, time remaining: 23s
Rendered 8337/9880, time remaining: 23s
Rendered 8338/9880, time remaining: 22s
Rendered 8339/9880, time remaining: 22s
Rendered 8340/9880, time remaining: 23s
Rendered 8341/9880, time remaining: 23s
Rendered 8342/9880, time remaining: 23s
Rendered 8343/9880, time remaining: 23s
Rendered 8344/9880, time remaining: 23s
Rendered 8345/9880, time remaining: 23s
Rendered 8346/9880, time remaining: 23s
Rendered 8347/9880, time remaining: 23s
Rendered 8348/9880, time remaining: 23s
Rendered 8349/9880, time remaining: 23s
Rendered 8350/9880, time remaining: 23s
Rendered 8351/9880, time remaining: 23s
Rendered 8352/9880, time remaining: 23s
Rendered 8353/9880, time remaining: 23s
Rendered 8354/9880, time remaining: 23s
Rendered 8355/9880, time remaining: 23s
Rendered 8356/9880, time remaining: 23s
Rendered 8357/9880, time remaining: 23s
Rendered 8358/9880, time remaining: 23s
Rendered 8359/9880, time remaining: 23s
Rendered 8360/9880, time remaining: 23s
Rendered 8361/9880, time remaining: 23s
Rendered 8362/9880, time remaining: 23s
Rendered 8363/9880, time remaining: 23s
Rendered 8364/9880, time remaining: 23s
Rendered 8365/9880, time remaining: 23s
Rendered 8366/9880, time remaining: 24s
Rendered 8367/9880, time remaining: 24s
Rendered 8368/9880, time remaining: 23s
Rendered 8369/9880, time remaining: 23s
Rendered 8370/9880, time remaining: 23s
Rendered 8371/9880, time remaining: 24s
Rendered 8372/9880, time remaining: 24s
Rendered 8373/9880, time remaining: 24s
Rendered 8374/9880, time remaining: 23s
Rendered 8375/9880, time remaining: 23s
Rendered 8376/9880, time remaining: 24s
Rendered 8377/9880, time remaining: 24s
Rendered 8378/9880, time remaining: 24s
Rendered 8379/9880, time remaining: 23s
Rendered 8380/9880, time remaining: 23s
Rendered 8381/9880, time remaining: 24s
Rendered 8382/9880, time remaining: 24s
Rendered 8383/9880, time remaining: 24s
Rendered 8384/9880, time remaining: 23s
Rendered 8385/9880, time remaining: 23s
Rendered 8386/9880, time remaining: 24s
Rendered 8387/9880, time remaining: 24s
Rendered 8388/9880, time remaining: 24s
Rendered 8389/9880, time remaining: 23s
Rendered 8390/9880, time remaining: 23s
Rendered 8391/9880, time remaining: 24s
Rendered 8392/9880, time remaining: 24s
Rendered 8393/9880, time remaining: 24s
Rendered 8394/9880, time remaining: 23s
Rendered 8395/9880, time remaining: 23s
Rendered 8396/9880, time remaining: 24s
Rendered 8397/9880, time remaining: 24s
Rendered 8398/9880, time remaining: 24s
Rendered 8399/9880, time remaining: 24s
Rendered 8400/9880, time remaining: 24s
Rendered 8401/9880, time remaining: 24s
Rendered 8402/9880, time remaining: 24s
Rendered 8403/9880, time remaining: 24s
Rendered 8404/9880, time remaining: 24s
Rendered 8405/9880, time remaining: 24s
Rendered 8406/9880, time remaining: 24s
Rendered 8407/9880, time remaining: 24s
Rendered 8408/9880, time remaining: 24s
Rendered 8409/9880, time remaining: 24s
Rendered 8410/9880, time remaining: 24s
Rendered 8411/9880, time remaining: 24s
Rendered 8412/9880, time remaining: 24s
Rendered 8413/9880, time remaining: 24s
Rendered 8414/9880, time remaining: 24s
Rendered 8415/9880, time remaining: 24s
Rendered 8416/9880, time remaining: 24s
Rendered 8417/9880, time remaining: 24s
Rendered 8418/9880, time remaining: 24s
Rendered 8419/9880, time remaining: 24s
Rendered 8420/9880, time remaining: 24s
Rendered 8421/9880, time remaining: 24s
Rendered 8422/9880, time remaining: 24s
Rendered 8423/9880, time remaining: 24s
Rendered 8424/9880, time remaining: 24s
Rendered 8425/9880, time remaining: 24s
Rendered 8426/9880, time remaining: 24s
Rendered 8427/9880, time remaining: 24s
Rendered 8428/9880, time remaining: 24s
Rendered 8429/9880, time remaining: 24s
Rendered 8430/9880, time remaining: 24s
Rendered 8431/9880, time remaining: 24s
Rendered 8432/9880, time remaining: 24s
Rendered 8433/9880, time remaining: 24s
Rendered 8434/9880, time remaining: 24s
Rendered 8435/9880, time remaining: 24s
Rendered 8436/9880, time remaining: 24s
Rendered 8437/9880, time remaining: 24s
Rendered 8438/9880, time remaining: 24s
Rendered 8439/9880, time remaining: 24s
Rendered 8440/9880, time remaining: 24s
Rendered 8441/9880, time remaining: 23s
Rendered 8442/9880, time remaining: 23s
Rendered 8443/9880, time remaining: 23s
Rendered 8444/9880, time remaining: 23s
Rendered 8445/9880, time remaining: 23s
Rendered 8446/9880, time remaining: 23s
Rendered 8447/9880, time remaining: 23s
Rendered 8448/9880, time remaining: 23s
Rendered 8449/9880, time remaining: 23s
Rendered 8450/9880, time remaining: 23s
Rendered 8451/9880, time remaining: 23s
Rendered 8452/9880, time remaining: 23s
Rendered 8453/9880, time remaining: 23s
Rendered 8454/9880, time remaining: 23s
Rendered 8455/9880, time remaining: 23s
Rendered 8456/9880, time remaining: 23s
Rendered 8457/9880, time remaining: 23s
Rendered 8458/9880, time remaining: 23s
Rendered 8459/9880, time remaining: 23s
Rendered 8460/9880, time remaining: 23s
Rendered 8461/9880, time remaining: 23s
Rendered 8462/9880, time remaining: 23s
Rendered 8463/9880, time remaining: 23s
Rendered 8464/9880, time remaining: 23s
Rendered 8465/9880, time remaining: 23s
Rendered 8466/9880, time remaining: 23s
Rendered 8467/9880, time remaining: 23s
Rendered 8468/9880, time remaining: 23s
Rendered 8469/9880, time remaining: 23s
Rendered 8470/9880, time remaining: 23s
Rendered 8471/9880, time remaining: 23s
Rendered 8472/9880, time remaining: 23s
Rendered 8473/9880, time remaining: 23s
Rendered 8474/9880, time remaining: 23s
Rendered 8475/9880, time remaining: 23s
Rendered 8476/9880, time remaining: 23s
Rendered 8477/9880, time remaining: 23s
Rendered 8478/9880, time remaining: 23s
Rendered 8479/9880, time remaining: 23s
Rendered 8480/9880, time remaining: 23s
Rendered 8481/9880, time remaining: 23s
Rendered 8482/9880, time remaining: 23s
Rendered 8483/9880, time remaining: 23s
Rendered 8484/9880, time remaining: 23s
Rendered 8485/9880, time remaining: 23s
Rendered 8486/9880, time remaining: 23s
Rendered 8487/9880, time remaining: 23s
Rendered 8488/9880, time remaining: 23s
Rendered 8489/9880, time remaining: 23s
Rendered 8490/9880, time remaining: 23s
Rendered 8491/9880, time remaining: 23s
Rendered 8492/9880, time remaining: 23s
Rendered 8493/9880, time remaining: 23s
Rendered 8494/9880, time remaining: 22s
Rendered 8495/9880, time remaining: 23s
Rendered 8496/9880, time remaining: 22s
Rendered 8497/9880, time remaining: 22s
Rendered 8498/9880, time remaining: 22s
Rendered 8499/9880, time remaining: 22s
Rendered 8500/9880, time remaining: 22s
Rendered 8501/9880, time remaining: 22s
Rendered 8502/9880, time remaining: 22s
Rendered 8503/9880, time remaining: 22s
Rendered 8504/9880, time remaining: 22s
Rendered 8505/9880, time remaining: 22s
Rendered 8506/9880, time remaining: 22s
Rendered 8507/9880, time remaining: 22s
Rendered 8508/9880, time remaining: 22s
Rendered 8509/9880, time remaining: 22s
Rendered 8510/9880, time remaining: 22s
Rendered 8511/9880, time remaining: 21s
Rendered 8512/9880, time remaining: 21s
Rendered 8513/9880, time remaining: 22s
Rendered 8514/9880, time remaining: 22s
Rendered 8515/9880, time remaining: 22s
Rendered 8516/9880, time remaining: 21s
Rendered 8517/9880, time remaining: 21s
Rendered 8518/9880, time remaining: 21s
Rendered 8519/9880, time remaining: 21s
Rendered 8520/9880, time remaining: 21s
Rendered 8521/9880, time remaining: 21s
Rendered 8522/9880, time remaining: 21s
Rendered 8523/9880, time remaining: 21s
Rendered 8524/9880, time remaining: 21s
Rendered 8525/9880, time remaining: 21s
Rendered 8526/9880, time remaining: 20s
Rendered 8527/9880, time remaining: 21s
Rendered 8528/9880, time remaining: 21s
Rendered 8529/9880, time remaining: 21s
Rendered 8530/9880, time remaining: 21s
Rendered 8531/9880, time remaining: 20s
Rendered 8532/9880, time remaining: 20s
Rendered 8533/9880, time remaining: 21s
Rendered 8534/9880, time remaining: 21s
Rendered 8535/9880, time remaining: 21s
Rendered 8536/9880, time remaining: 20s
Rendered 8537/9880, time remaining: 20s
Rendered 8538/9880, time remaining: 20s
Rendered 8539/9880, time remaining: 20s
Rendered 8540/9880, time remaining: 20s
Rendered 8541/9880, time remaining: 20s
Rendered 8542/9880, time remaining: 20s
Rendered 8543/9880, time remaining: 20s
Rendered 8544/9880, time remaining: 20s
Rendered 8545/9880, time remaining: 20s
Rendered 8546/9880, time remaining: 20s
Rendered 8547/9880, time remaining: 20s
Rendered 8548/9880, time remaining: 20s
Rendered 8549/9880, time remaining: 20s
Rendered 8550/9880, time remaining: 20s
Rendered 8551/9880, time remaining: 19s
Rendered 8552/9880, time remaining: 19s
Rendered 8553/9880, time remaining: 20s
Rendered 8554/9880, time remaining: 20s
Rendered 8555/9880, time remaining: 20s
Rendered 8556/9880, time remaining: 19s
Rendered 8557/9880, time remaining: 19s
Rendered 8558/9880, time remaining: 20s
Rendered 8559/9880, time remaining: 20s
Rendered 8560/9880, time remaining: 19s
Rendered 8561/9880, time remaining: 19s
Rendered 8562/9880, time remaining: 19s
Rendered 8563/9880, time remaining: 19s
Rendered 8564/9880, time remaining: 19s
Rendered 8565/9880, time remaining: 19s
Rendered 8566/9880, time remaining: 19s
Rendered 8567/9880, time remaining: 19s
Rendered 8568/9880, time remaining: 19s
Rendered 8569/9880, time remaining: 19s
Rendered 8570/9880, time remaining: 19s
Rendered 8571/9880, time remaining: 18s
Rendered 8572/9880, time remaining: 18s
Rendered 8573/9880, time remaining: 19s
Rendered 8574/9880, time remaining: 19s
Rendered 8575/9880, time remaining: 19s
Rendered 8576/9880, time remaining: 18s
Rendered 8577/9880, time remaining: 18s
Rendered 8578/9880, time remaining: 19s
Rendered 8579/9880, time remaining: 19s
Rendered 8580/9880, time remaining: 19s
Rendered 8581/9880, time remaining: 18s
Rendered 8582/9880, time remaining: 18s
Rendered 8583/9880, time remaining: 19s
Rendered 8584/9880, time remaining: 19s
Rendered 8585/9880, time remaining: 18s
Rendered 8586/9880, time remaining: 18s
Rendered 8587/9880, time remaining: 18s
Rendered 8588/9880, time remaining: 18s
Rendered 8589/9880, time remaining: 18s
Rendered 8590/9880, time remaining: 18s
Rendered 8591/9880, time remaining: 18s
Rendered 8592/9880, time remaining: 18s
Rendered 8593/9880, time remaining: 18s
Rendered 8594/9880, time remaining: 18s
Rendered 8595/9880, time remaining: 18s
Rendered 8596/9880, time remaining: 17s
Rendered 8597/9880, time remaining: 17s
Rendered 8598/9880, time remaining: 18s
Rendered 8599/9880, time remaining: 18s
Rendered 8600/9880, time remaining: 18s
Rendered 8601/9880, time remaining: 17s
Rendered 8602/9880, time remaining: 17s
Rendered 8603/9880, time remaining: 18s
Rendered 8604/9880, time remaining: 18s
Rendered 8605/9880, time remaining: 17s
Rendered 8606/9880, time remaining: 17s
Rendered 8607/9880, time remaining: 17s
Rendered 8608/9880, time remaining: 17s
Rendered 8609/9880, time remaining: 17s
Rendered 8610/9880, time remaining: 17s
Rendered 8611/9880, time remaining: 17s
Rendered 8612/9880, time remaining: 17s
Rendered 8613/9880, time remaining: 17s
Rendered 8614/9880, time remaining: 17s
Rendered 8615/9880, time remaining: 17s
Rendered 8616/9880, time remaining: 17s
Rendered 8617/9880, time remaining: 17s
Rendered 8618/9880, time remaining: 17s
Rendered 8619/9880, time remaining: 17s
Rendered 8620/9880, time remaining: 17s
Rendered 8621/9880, time remaining: 16s
Rendered 8622/9880, time remaining: 16s
Rendered 8623/9880, time remaining: 17s
Rendered 8624/9880, time remaining: 17s
Rendered 8625/9880, time remaining: 17s
Rendered 8626/9880, time remaining: 16s
Rendered 8627/9880, time remaining: 16s
Rendered 8628/9880, time remaining: 17s
Rendered 8629/9880, time remaining: 17s
Rendered 8630/9880, time remaining: 17s
Rendered 8631/9880, time remaining: 16s
Rendered 8632/9880, time remaining: 16s
Rendered 8633/9880, time remaining: 16s
Rendered 8634/9880, time remaining: 16s
Rendered 8635/9880, time remaining: 16s
Rendered 8636/9880, time remaining: 16s
Rendered 8637/9880, time remaining: 16s
Rendered 8638/9880, time remaining: 16s
Rendered 8639/9880, time remaining: 16s
Rendered 8640/9880, time remaining: 16s
Rendered 8641/9880, time remaining: 16s
Rendered 8642/9880, time remaining: 16s
Rendered 8643/9880, time remaining: 16s
Rendered 8644/9880, time remaining: 16s
Rendered 8645/9880, time remaining: 16s
Rendered 8646/9880, time remaining: 16s
Rendered 8647/9880, time remaining: 16s
Rendered 8648/9880, time remaining: 16s
Rendered 8649/9880, time remaining: 16s
Rendered 8650/9880, time remaining: 16s
Rendered 8651/9880, time remaining: 16s
Rendered 8652/9880, time remaining: 16s
Rendered 8653/9880, time remaining: 16s
Rendered 8654/9880, time remaining: 16s
Rendered 8655/9880, time remaining: 16s
Rendered 8656/9880, time remaining: 16s
Rendered 8657/9880, time remaining: 16s
Rendered 8658/9880, time remaining: 16s
Rendered 8659/9880, time remaining: 16s
Rendered 8660/9880, time remaining: 16s
Rendered 8661/9880, time remaining: 16s
Rendered 8662/9880, time remaining: 16s
Rendered 8663/9880, time remaining: 15s
Rendered 8664/9880, time remaining: 16s
Rendered 8665/9880, time remaining: 16s
Rendered 8666/9880, time remaining: 16s
Rendered 8667/9880, time remaining: 16s
Rendered 8668/9880, time remaining: 15s
Rendered 8669/9880, time remaining: 15s
Rendered 8670/9880, time remaining: 16s
Rendered 8671/9880, time remaining: 16s
Rendered 8672/9880, time remaining: 16s
Rendered 8673/9880, time remaining: 15s
Rendered 8674/9880, time remaining: 15s
Rendered 8675/9880, time remaining: 16s
Rendered 8676/9880, time remaining: 16s
Rendered 8677/9880, time remaining: 16s
Rendered 8678/9880, time remaining: 15s
Rendered 8679/9880, time remaining: 15s
Rendered 8680/9880, time remaining: 16s
Rendered 8681/9880, time remaining: 16s
Rendered 8682/9880, time remaining: 16s
Rendered 8683/9880, time remaining: 15s
Rendered 8684/9880, time remaining: 15s
Rendered 8685/9880, time remaining: 16s
Rendered 8686/9880, time remaining: 16s
Rendered 8687/9880, time remaining: 16s
Rendered 8688/9880, time remaining: 15s
Rendered 8689/9880, time remaining: 15s
Rendered 8690/9880, time remaining: 16s
Rendered 8691/9880, time remaining: 15s
Rendered 8692/9880, time remaining: 15s
Rendered 8693/9880, time remaining: 15s
Rendered 8694/9880, time remaining: 15s
Rendered 8695/9880, time remaining: 15s
Rendered 8696/9880, time remaining: 15s
Rendered 8697/9880, time remaining: 15s
Rendered 8698/9880, time remaining: 15s
Rendered 8699/9880, time remaining: 15s
Rendered 8700/9880, time remaining: 15s
Rendered 8701/9880, time remaining: 15s
Rendered 8702/9880, time remaining: 15s
Rendered 8703/9880, time remaining: 15s
Rendered 8704/9880, time remaining: 15s
Rendered 8705/9880, time remaining: 15s
Rendered 8706/9880, time remaining: 15s
Rendered 8707/9880, time remaining: 15s
Rendered 8708/9880, time remaining: 15s
Rendered 8709/9880, time remaining: 15s
Rendered 8710/9880, time remaining: 15s
Rendered 8711/9880, time remaining: 15s
Rendered 8712/9880, time remaining: 15s
Rendered 8713/9880, time remaining: 15s
Rendered 8714/9880, time remaining: 15s
Rendered 8715/9880, time remaining: 15s
Rendered 8716/9880, time remaining: 15s
Rendered 8717/9880, time remaining: 15s
Rendered 8718/9880, time remaining: 15s
Rendered 8719/9880, time remaining: 15s
Rendered 8720/9880, time remaining: 15s
Rendered 8721/9880, time remaining: 15s
Rendered 8722/9880, time remaining: 15s
Rendered 8723/9880, time remaining: 15s
Rendered 8724/9880, time remaining: 15s
Rendered 8725/9880, time remaining: 15s
Rendered 8726/9880, time remaining: 15s
Rendered 8727/9880, time remaining: 15s
Rendered 8728/9880, time remaining: 15s
Rendered 8729/9880, time remaining: 15s
Rendered 8730/9880, time remaining: 15s
Rendered 8731/9880, time remaining: 15s
Rendered 8732/9880, time remaining: 15s
Rendered 8733/9880, time remaining: 14s
Rendered 8734/9880, time remaining: 15s
Rendered 8735/9880, time remaining: 15s
Rendered 8736/9880, time remaining: 15s
Rendered 8737/9880, time remaining: 15s
Rendered 8738/9880, time remaining: 14s
Rendered 8739/9880, time remaining: 15s
Rendered 8740/9880, time remaining: 15s
Rendered 8741/9880, time remaining: 15s
Rendered 8742/9880, time remaining: 15s
Rendered 8743/9880, time remaining: 14s
Rendered 8744/9880, time remaining: 14s
Rendered 8745/9880, time remaining: 14s
Rendered 8746/9880, time remaining: 15s
Rendered 8747/9880, time remaining: 15s
Rendered 8748/9880, time remaining: 14s
Rendered 8749/9880, time remaining: 14s
Rendered 8750/9880, time remaining: 14s
Rendered 8751/9880, time remaining: 14s
Rendered 8752/9880, time remaining: 14s
Rendered 8753/9880, time remaining: 14s
Rendered 8754/9880, time remaining: 14s
Rendered 8755/9880, time remaining: 14s
Rendered 8756/9880, time remaining: 14s
Rendered 8757/9880, time remaining: 14s
Rendered 8758/9880, time remaining: 14s
Rendered 8759/9880, time remaining: 14s
Rendered 8760/9880, time remaining: 14s
Rendered 8761/9880, time remaining: 14s
Rendered 8762/9880, time remaining: 14s
Rendered 8763/9880, time remaining: 14s
Rendered 8764/9880, time remaining: 14s
Rendered 8765/9880, time remaining: 14s
Rendered 8766/9880, time remaining: 14s
Rendered 8767/9880, time remaining: 14s
Rendered 8768/9880, time remaining: 14s
Rendered 8769/9880, time remaining: 14s
Rendered 8770/9880, time remaining: 14s
Rendered 8771/9880, time remaining: 14s
Rendered 8772/9880, time remaining: 14s
Rendered 8773/9880, time remaining: 14s
Rendered 8774/9880, time remaining: 14s
Rendered 8775/9880, time remaining: 14s
Rendered 8776/9880, time remaining: 14s
Rendered 8777/9880, time remaining: 14s
Rendered 8778/9880, time remaining: 14s
Rendered 8779/9880, time remaining: 14s
Rendered 8780/9880, time remaining: 14s
Rendered 8781/9880, time remaining: 14s
Rendered 8782/9880, time remaining: 14s
Rendered 8783/9880, time remaining: 14s
Rendered 8784/9880, time remaining: 14s
Rendered 8785/9880, time remaining: 14s
Rendered 8786/9880, time remaining: 14s
Rendered 8787/9880, time remaining: 14s
Rendered 8788/9880, time remaining: 14s
Rendered 8789/9880, time remaining: 14s
Rendered 8790/9880, time remaining: 14s
Rendered 8791/9880, time remaining: 14s
Rendered 8792/9880, time remaining: 14s
Rendered 8793/9880, time remaining: 13s
Rendered 8794/9880, time remaining: 13s
Rendered 8795/9880, time remaining: 14s
Rendered 8796/9880, time remaining: 14s
Rendered 8797/9880, time remaining: 14s
Rendered 8798/9880, time remaining: 14s
Rendered 8799/9880, time remaining: 14s
Rendered 8800/9880, time remaining: 14s
Rendered 8801/9880, time remaining: 14s
Rendered 8802/9880, time remaining: 14s
Rendered 8803/9880, time remaining: 14s
Rendered 8804/9880, time remaining: 14s
Rendered 8805/9880, time remaining: 13s
Rendered 8806/9880, time remaining: 14s
Rendered 8807/9880, time remaining: 14s
Rendered 8808/9880, time remaining: 14s
Rendered 8809/9880, time remaining: 14s
Rendered 8810/9880, time remaining: 13s
Rendered 8811/9880, time remaining: 14s
Rendered 8812/9880, time remaining: 14s
Rendered 8813/9880, time remaining: 14s
Rendered 8814/9880, time remaining: 14s
Rendered 8815/9880, time remaining: 13s
Rendered 8816/9880, time remaining: 14s
Rendered 8817/9880, time remaining: 14s
Rendered 8818/9880, time remaining: 14s
Rendered 8819/9880, time remaining: 14s
Rendered 8820/9880, time remaining: 13s
Rendered 8821/9880, time remaining: 14s
Rendered 8822/9880, time remaining: 14s
Rendered 8823/9880, time remaining: 14s
Rendered 8824/9880, time remaining: 14s
Rendered 8825/9880, time remaining: 13s
Rendered 8826/9880, time remaining: 14s
Rendered 8827/9880, time remaining: 14s
Rendered 8828/9880, time remaining: 14s
Rendered 8829/9880, time remaining: 14s
Rendered 8830/9880, time remaining: 13s
Rendered 8831/9880, time remaining: 14s
Rendered 8832/9880, time remaining: 14s
Rendered 8833/9880, time remaining: 14s
Rendered 8834/9880, time remaining: 14s
Rendered 8835/9880, time remaining: 13s
Rendered 8836/9880, time remaining: 14s
Rendered 8837/9880, time remaining: 14s
Rendered 8838/9880, time remaining: 14s
Rendered 8839/9880, time remaining: 14s
Rendered 8840/9880, time remaining: 13s
Rendered 8841/9880, time remaining: 14s
Rendered 8842/9880, time remaining: 14s
Rendered 8843/9880, time remaining: 14s
Rendered 8844/9880, time remaining: 13s
Rendered 8845/9880, time remaining: 13s
Rendered 8846/9880, time remaining: 14s
Rendered 8847/9880, time remaining: 14s
Rendered 8848/9880, time remaining: 13s
Rendered 8849/9880, time remaining: 13s
Rendered 8850/9880, time remaining: 13s
Rendered 8851/9880, time remaining: 13s
Rendered 8852/9880, time remaining: 13s
Rendered 8853/9880, time remaining: 13s
Rendered 8854/9880, time remaining: 13s
Rendered 8855/9880, time remaining: 13s
Rendered 8856/9880, time remaining: 13s
Rendered 8857/9880, time remaining: 13s
Rendered 8858/9880, time remaining: 13s
Rendered 8859/9880, time remaining: 13s
Rendered 8860/9880, time remaining: 13s
Rendered 8861/9880, time remaining: 13s
Rendered 8862/9880, time remaining: 13s
Rendered 8863/9880, time remaining: 13s
Rendered 8864/9880, time remaining: 13s
Rendered 8865/9880, time remaining: 13s
Rendered 8866/9880, time remaining: 13s
Rendered 8867/9880, time remaining: 13s
Rendered 8868/9880, time remaining: 13s
Rendered 8869/9880, time remaining: 13s
Rendered 8870/9880, time remaining: 13s
Rendered 8871/9880, time remaining: 13s
Rendered 8872/9880, time remaining: 13s
Rendered 8873/9880, time remaining: 13s
Rendered 8874/9880, time remaining: 13s
Rendered 8875/9880, time remaining: 13s
Rendered 8876/9880, time remaining: 13s
Rendered 8877/9880, time remaining: 13s
Rendered 8878/9880, time remaining: 13s
Rendered 8879/9880, time remaining: 13s
Rendered 8880/9880, time remaining: 13s
Rendered 8881/9880, time remaining: 13s
Rendered 8882/9880, time remaining: 13s
Rendered 8883/9880, time remaining: 13s
Rendered 8884/9880, time remaining: 13s
Rendered 8885/9880, time remaining: 13s
Rendered 8886/9880, time remaining: 13s
Rendered 8887/9880, time remaining: 13s
Rendered 8888/9880, time remaining: 13s
Rendered 8889/9880, time remaining: 13s
Rendered 8890/9880, time remaining: 13s
Rendered 8891/9880, time remaining: 13s
Rendered 8892/9880, time remaining: 13s
Rendered 8893/9880, time remaining: 13s
Rendered 8894/9880, time remaining: 13s
Rendered 8895/9880, time remaining: 13s
Rendered 8896/9880, time remaining: 13s
Rendered 8897/9880, time remaining: 13s
Rendered 8898/9880, time remaining: 13s
Rendered 8899/9880, time remaining: 13s
Rendered 8900/9880, time remaining: 13s
Rendered 8901/9880, time remaining: 13s
Rendered 8902/9880, time remaining: 13s
Rendered 8903/9880, time remaining: 13s
Rendered 8904/9880, time remaining: 13s
Rendered 8905/9880, time remaining: 13s
Rendered 8906/9880, time remaining: 13s
Rendered 8907/9880, time remaining: 13s
Rendered 8908/9880, time remaining: 13s
Rendered 8909/9880, time remaining: 13s
Rendered 8910/9880, time remaining: 13s
Rendered 8911/9880, time remaining: 13s
Rendered 8912/9880, time remaining: 13s
Rendered 8913/9880, time remaining: 13s
Rendered 8914/9880, time remaining: 13s
Rendered 8915/9880, time remaining: 13s
Rendered 8916/9880, time remaining: 13s
Rendered 8917/9880, time remaining: 13s
Rendered 8918/9880, time remaining: 13s
Rendered 8919/9880, time remaining: 13s
Rendered 8920/9880, time remaining: 13s
Rendered 8921/9880, time remaining: 13s
Rendered 8922/9880, time remaining: 13s
Rendered 8923/9880, time remaining: 13s
Rendered 8924/9880, time remaining: 13s
Rendered 8925/9880, time remaining: 13s
Rendered 8926/9880, time remaining: 13s
Rendered 8927/9880, time remaining: 13s
Rendered 8928/9880, time remaining: 13s
Rendered 8929/9880, time remaining: 13s
Rendered 8930/9880, time remaining: 13s
Rendered 8931/9880, time remaining: 13s
Rendered 8932/9880, time remaining: 13s
Rendered 8933/9880, time remaining: 13s
Rendered 8934/9880, time remaining: 13s
Rendered 8935/9880, time remaining: 13s
Rendered 8936/9880, time remaining: 13s
Rendered 8937/9880, time remaining: 13s
Rendered 8938/9880, time remaining: 13s
Rendered 8939/9880, time remaining: 13s
Rendered 8940/9880, time remaining: 13s
Rendered 8941/9880, time remaining: 13s
Rendered 8942/9880, time remaining: 13s
Rendered 8943/9880, time remaining: 13s
Rendered 8944/9880, time remaining: 12s
Rendered 8945/9880, time remaining: 12s
Rendered 8946/9880, time remaining: 12s
Rendered 8947/9880, time remaining: 12s
Rendered 8948/9880, time remaining: 12s
Rendered 8949/9880, time remaining: 12s
Rendered 8950/9880, time remaining: 12s
Rendered 8951/9880, time remaining: 12s
Rendered 8952/9880, time remaining: 12s
Rendered 8953/9880, time remaining: 12s
Rendered 8954/9880, time remaining: 12s
Rendered 8955/9880, time remaining: 12s
Rendered 8956/9880, time remaining: 12s
Rendered 8957/9880, time remaining: 12s
Rendered 8958/9880, time remaining: 12s
Rendered 8959/9880, time remaining: 12s
Rendered 8960/9880, time remaining: 12s
Rendered 8961/9880, time remaining: 13s
Rendered 8962/9880, time remaining: 13s
Rendered 8963/9880, time remaining: 13s
Rendered 8964/9880, time remaining: 12s
Rendered 8965/9880, time remaining: 12s
Rendered 8966/9880, time remaining: 13s
Rendered 8967/9880, time remaining: 13s
Rendered 8968/9880, time remaining: 13s
Rendered 8969/9880, time remaining: 12s
Rendered 8970/9880, time remaining: 12s
Rendered 8971/9880, time remaining: 12s
Rendered 8972/9880, time remaining: 12s
Rendered 8973/9880, time remaining: 12s
Rendered 8974/9880, time remaining: 12s
Rendered 8975/9880, time remaining: 12s
Rendered 8976/9880, time remaining: 12s
Rendered 8977/9880, time remaining: 12s
Rendered 8978/9880, time remaining: 12s
Rendered 8979/9880, time remaining: 12s
Rendered 8980/9880, time remaining: 12s
Rendered 8981/9880, time remaining: 12s
Rendered 8982/9880, time remaining: 12s
Rendered 8983/9880, time remaining: 12s
Rendered 8984/9880, time remaining: 12s
Rendered 8985/9880, time remaining: 12s
Rendered 8986/9880, time remaining: 12s
Rendered 8987/9880, time remaining: 12s
Rendered 8988/9880, time remaining: 12s
Rendered 8989/9880, time remaining: 12s
Rendered 8990/9880, time remaining: 12s
Rendered 8991/9880, time remaining: 12s
Rendered 8992/9880, time remaining: 12s
Rendered 8993/9880, time remaining: 12s
Rendered 8994/9880, time remaining: 12s
Rendered 8995/9880, time remaining: 12s
Rendered 8996/9880, time remaining: 12s
Rendered 8997/9880, time remaining: 12s
Rendered 8998/9880, time remaining: 12s
Rendered 8999/9880, time remaining: 12s
Rendered 9000/9880, time remaining: 12s
Rendered 9001/9880, time remaining: 12s
Rendered 9002/9880, time remaining: 12s
Rendered 9003/9880, time remaining: 12s
Rendered 9004/9880, time remaining: 12s
Rendered 9005/9880, time remaining: 12s
Rendered 9006/9880, time remaining: 12s
Rendered 9007/9880, time remaining: 13s
Rendered 9008/9880, time remaining: 12s
Rendered 9009/9880, time remaining: 12s
Rendered 9010/9880, time remaining: 12s
Rendered 9011/9880, time remaining: 12s
Rendered 9012/9880, time remaining: 13s
Rendered 9013/9880, time remaining: 13s
Rendered 9014/9880, time remaining: 12s
Rendered 9015/9880, time remaining: 12s
Rendered 9016/9880, time remaining: 12s
Rendered 9017/9880, time remaining: 13s
Rendered 9018/9880, time remaining: 13s
Rendered 9019/9880, time remaining: 13s
Rendered 9020/9880, time remaining: 12s
Rendered 9021/9880, time remaining: 12s
Rendered 9022/9880, time remaining: 13s
Rendered 9023/9880, time remaining: 13s
Rendered 9024/9880, time remaining: 13s
Rendered 9025/9880, time remaining: 12s
Rendered 9026/9880, time remaining: 12s
Rendered 9027/9880, time remaining: 13s
Rendered 9028/9880, time remaining: 13s
Rendered 9029/9880, time remaining: 13s
Rendered 9030/9880, time remaining: 13s
Rendered 9031/9880, time remaining: 12s
Rendered 9032/9880, time remaining: 13s
Rendered 9033/9880, time remaining: 13s
Rendered 9034/9880, time remaining: 13s
Rendered 9035/9880, time remaining: 13s
Rendered 9036/9880, time remaining: 12s
Rendered 9037/9880, time remaining: 12s
Rendered 9038/9880, time remaining: 12s
Rendered 9039/9880, time remaining: 12s
Rendered 9040/9880, time remaining: 12s
Rendered 9041/9880, time remaining: 12s
Rendered 9042/9880, time remaining: 13s
Rendered 9043/9880, time remaining: 13s
Rendered 9044/9880, time remaining: 12s
Rendered 9045/9880, time remaining: 12s
Rendered 9046/9880, time remaining: 12s
Rendered 9047/9880, time remaining: 12s
Rendered 9048/9880, time remaining: 12s
Rendered 9049/9880, time remaining: 12s
Rendered 9050/9880, time remaining: 12s
Rendered 9051/9880, time remaining: 12s
Rendered 9052/9880, time remaining: 12s
Rendered 9053/9880, time remaining: 12s
Rendered 9054/9880, time remaining: 12s
Rendered 9055/9880, time remaining: 12s
Rendered 9056/9880, time remaining: 12s
Rendered 9057/9880, time remaining: 13s
Rendered 9058/9880, time remaining: 12s
Rendered 9059/9880, time remaining: 12s
Rendered 9060/9880, time remaining: 12s
Rendered 9061/9880, time remaining: 12s
Rendered 9062/9880, time remaining: 12s
Rendered 9063/9880, time remaining: 12s
Rendered 9064/9880, time remaining: 12s
Rendered 9065/9880, time remaining: 12s
Rendered 9066/9880, time remaining: 12s
Rendered 9067/9880, time remaining: 12s
Rendered 9068/9880, time remaining: 12s
Rendered 9069/9880, time remaining: 12s
Rendered 9070/9880, time remaining: 12s
Rendered 9071/9880, time remaining: 12s
Rendered 9072/9880, time remaining: 12s
Rendered 9073/9880, time remaining: 12s
Rendered 9074/9880, time remaining: 12s
Rendered 9075/9880, time remaining: 12s
Rendered 9076/9880, time remaining: 12s
Rendered 9077/9880, time remaining: 12s
Rendered 9078/9880, time remaining: 12s
Rendered 9079/9880, time remaining: 12s
Rendered 9080/9880, time remaining: 12s
Rendered 9081/9880, time remaining: 12s
Rendered 9082/9880, time remaining: 12s
Rendered 9083/9880, time remaining: 12s
Rendered 9084/9880, time remaining: 12s
Rendered 9085/9880, time remaining: 12s
Rendered 9086/9880, time remaining: 12s
Rendered 9087/9880, time remaining: 12s
Rendered 9088/9880, time remaining: 12s
Rendered 9089/9880, time remaining: 12s
Rendered 9090/9880, time remaining: 12s
Rendered 9091/9880, time remaining: 12s
Rendered 9092/9880, time remaining: 12s
Rendered 9093/9880, time remaining: 12s
Rendered 9094/9880, time remaining: 12s
Rendered 9095/9880, time remaining: 12s
Rendered 9096/9880, time remaining: 12s
Rendered 9097/9880, time remaining: 12s
Rendered 9098/9880, time remaining: 12s
Rendered 9099/9880, time remaining: 12s
Rendered 9100/9880, time remaining: 12s
Rendered 9101/9880, time remaining: 12s
Rendered 9102/9880, time remaining: 12s
Rendered 9103/9880, time remaining: 12s
Rendered 9104/9880, time remaining: 12s
Rendered 9105/9880, time remaining: 12s
Rendered 9106/9880, time remaining: 12s
Rendered 9107/9880, time remaining: 12s
Rendered 9108/9880, time remaining: 12s
Rendered 9109/9880, time remaining: 12s
Rendered 9110/9880, time remaining: 12s
Rendered 9111/9880, time remaining: 12s
Rendered 9112/9880, time remaining: 12s
Rendered 9113/9880, time remaining: 12s
Rendered 9114/9880, time remaining: 12s
Rendered 9115/9880, time remaining: 12s
Rendered 9116/9880, time remaining: 12s
Rendered 9117/9880, time remaining: 12s
Rendered 9118/9880, time remaining: 12s
Rendered 9119/9880, time remaining: 12s
Rendered 9120/9880, time remaining: 12s
Rendered 9121/9880, time remaining: 11s
Rendered 9122/9880, time remaining: 11s
Rendered 9123/9880, time remaining: 12s
Rendered 9124/9880, time remaining: 12s
Rendered 9125/9880, time remaining: 12s
Rendered 9126/9880, time remaining: 11s
Rendered 9127/9880, time remaining: 11s
Rendered 9128/9880, time remaining: 11s
Rendered 9129/9880, time remaining: 12s
Rendered 9130/9880, time remaining: 12s
Rendered 9131/9880, time remaining: 11s
Rendered 9132/9880, time remaining: 11s
Rendered 9133/9880, time remaining: 11s
Rendered 9134/9880, time remaining: 11s
Rendered 9135/9880, time remaining: 11s
Rendered 9136/9880, time remaining: 11s
Rendered 9137/9880, time remaining: 11s
Rendered 9138/9880, time remaining: 11s
Rendered 9139/9880, time remaining: 11s
Rendered 9140/9880, time remaining: 11s
Rendered 9141/9880, time remaining: 11s
Rendered 9142/9880, time remaining: 11s
Rendered 9143/9880, time remaining: 11s
Rendered 9144/9880, time remaining: 11s
Rendered 9145/9880, time remaining: 11s
Rendered 9146/9880, time remaining: 11s
Rendered 9147/9880, time remaining: 11s
Rendered 9148/9880, time remaining: 11s
Rendered 9149/9880, time remaining: 11s
Rendered 9150/9880, time remaining: 11s
Rendered 9151/9880, time remaining: 11s
Rendered 9152/9880, time remaining: 11s
Rendered 9153/9880, time remaining: 11s
Rendered 9154/9880, time remaining: 11s
Rendered 9155/9880, time remaining: 11s
Rendered 9156/9880, time remaining: 11s
Rendered 9157/9880, time remaining: 11s
Rendered 9158/9880, time remaining: 11s
Rendered 9159/9880, time remaining: 11s
Rendered 9160/9880, time remaining: 11s
Rendered 9161/9880, time remaining: 11s
Rendered 9162/9880, time remaining: 11s
Rendered 9163/9880, time remaining: 11s
Rendered 9164/9880, time remaining: 11s
Rendered 9165/9880, time remaining: 11s
Rendered 9166/9880, time remaining: 11s
Rendered 9167/9880, time remaining: 10s
Rendered 9168/9880, time remaining: 10s
Rendered 9169/9880, time remaining: 11s
Rendered 9170/9880, time remaining: 11s
Rendered 9171/9880, time remaining: 11s
Rendered 9172/9880, time remaining: 10s
Rendered 9173/9880, time remaining: 10s
Rendered 9174/9880, time remaining: 11s
Rendered 9175/9880, time remaining: 11s
Rendered 9176/9880, time remaining: 11s
Rendered 9177/9880, time remaining: 10s
Rendered 9178/9880, time remaining: 10s
Rendered 9179/9880, time remaining: 11s
Rendered 9180/9880, time remaining: 11s
Rendered 9181/9880, time remaining: 11s
Rendered 9182/9880, time remaining: 10s
Rendered 9183/9880, time remaining: 10s
Rendered 9184/9880, time remaining: 11s
Rendered 9185/9880, time remaining: 11s
Rendered 9186/9880, time remaining: 11s
Rendered 9187/9880, time remaining: 10s
Rendered 9188/9880, time remaining: 10s
Rendered 9189/9880, time remaining: 11s
Rendered 9190/9880, time remaining: 10s
Rendered 9191/9880, time remaining: 10s
Rendered 9192/9880, time remaining: 10s
Rendered 9193/9880, time remaining: 10s
Rendered 9194/9880, time remaining: 10s
Rendered 9195/9880, time remaining: 10s
Rendered 9196/9880, time remaining: 10s
Rendered 9197/9880, time remaining: 10s
Rendered 9198/9880, time remaining: 10s
Rendered 9199/9880, time remaining: 10s
Rendered 9200/9880, time remaining: 10s
Rendered 9201/9880, time remaining: 10s
Rendered 9202/9880, time remaining: 10s
Rendered 9203/9880, time remaining: 10s
Rendered 9204/9880, time remaining: 10s
Rendered 9205/9880, time remaining: 10s
Rendered 9206/9880, time remaining: 10s
Rendered 9207/9880, time remaining: 10s
Rendered 9208/9880, time remaining: 10s
Rendered 9209/9880, time remaining: 10s
Rendered 9210/9880, time remaining: 10s
Rendered 9211/9880, time remaining: 10s
Rendered 9212/9880, time remaining: 10s
Rendered 9213/9880, time remaining: 10s
Rendered 9214/9880, time remaining: 10s
Rendered 9215/9880, time remaining: 10s
Rendered 9216/9880, time remaining: 10s
Rendered 9217/9880, time remaining: 10s
Rendered 9218/9880, time remaining: 10s
Rendered 9219/9880, time remaining: 10s
Rendered 9220/9880, time remaining: 10s
Rendered 9221/9880, time remaining: 10s
Rendered 9222/9880, time remaining: 10s
Rendered 9223/9880, time remaining: 10s
Rendered 9224/9880, time remaining: 10s
Rendered 9225/9880, time remaining: 10s
Rendered 9226/9880, time remaining: 10s
Rendered 9227/9880, time remaining: 10s
Rendered 9228/9880, time remaining: 10s
Rendered 9229/9880, time remaining: 10s
Rendered 9230/9880, time remaining: 10s
Rendered 9231/9880, time remaining: 10s
Rendered 9232/9880, time remaining: 10s
Rendered 9233/9880, time remaining: 10s
Rendered 9234/9880, time remaining: 10s
Rendered 9235/9880, time remaining: 10s
Rendered 9236/9880, time remaining: 10s
Rendered 9237/9880, time remaining: 10s
Rendered 9238/9880, time remaining: 10s
Rendered 9239/9880, time remaining: 10s
Rendered 9240/9880, time remaining: 10s
Rendered 9241/9880, time remaining: 10s
Rendered 9242/9880, time remaining: 10s
Rendered 9243/9880, time remaining: 10s
Rendered 9244/9880, time remaining: 10s
Rendered 9245/9880, time remaining: 10s
Rendered 9246/9880, time remaining: 10s
Rendered 9247/9880, time remaining: 10s
Rendered 9248/9880, time remaining: 9s
Rendered 9249/9880, time remaining: 10s
Rendered 9250/9880, time remaining: 10s
Rendered 9251/9880, time remaining: 10s
Rendered 9252/9880, time remaining: 10s
Rendered 9253/9880, time remaining: 9s
Rendered 9254/9880, time remaining: 10s
Rendered 9255/9880, time remaining: 10s
Rendered 9256/9880, time remaining: 10s
Rendered 9257/9880, time remaining: 10s
Rendered 9258/9880, time remaining: 9s
Rendered 9259/9880, time remaining: 10s
Rendered 9260/9880, time remaining: 10s
Rendered 9261/9880, time remaining: 10s
Rendered 9262/9880, time remaining: 9s
Rendered 9263/9880, time remaining: 9s
Rendered 9264/9880, time remaining: 9s
Rendered 9265/9880, time remaining: 9s
Rendered 9266/9880, time remaining: 9s
Rendered 9267/9880, time remaining: 9s
Rendered 9268/9880, time remaining: 9s
Rendered 9269/9880, time remaining: 10s
Rendered 9270/9880, time remaining: 9s
Rendered 9271/9880, time remaining: 9s
Rendered 9272/9880, time remaining: 9s
Rendered 9273/9880, time remaining: 9s
Rendered 9274/9880, time remaining: 9s
Rendered 9275/9880, time remaining: 9s
Rendered 9276/9880, time remaining: 9s
Rendered 9277/9880, time remaining: 9s
Rendered 9278/9880, time remaining: 9s
Rendered 9279/9880, time remaining: 9s
Rendered 9280/9880, time remaining: 9s
Rendered 9281/9880, time remaining: 9s
Rendered 9282/9880, time remaining: 9s
Rendered 9283/9880, time remaining: 9s
Rendered 9284/9880, time remaining: 9s
Rendered 9285/9880, time remaining: 9s
Rendered 9286/9880, time remaining: 9s
Rendered 9287/9880, time remaining: 9s
Rendered 9288/9880, time remaining: 9s
Rendered 9289/9880, time remaining: 9s
Rendered 9290/9880, time remaining: 9s
Rendered 9291/9880, time remaining: 9s
Rendered 9292/9880, time remaining: 9s
Rendered 9293/9880, time remaining: 9s
Rendered 9294/9880, time remaining: 9s
Rendered 9295/9880, time remaining: 9s
Rendered 9296/9880, time remaining: 9s
Rendered 9297/9880, time remaining: 9s
Rendered 9298/9880, time remaining: 9s
Rendered 9299/9880, time remaining: 9s
Rendered 9300/9880, time remaining: 9s
Rendered 9301/9880, time remaining: 9s
Rendered 9302/9880, time remaining: 9s
Rendered 9303/9880, time remaining: 9s
Rendered 9304/9880, time remaining: 9s
Rendered 9305/9880, time remaining: 9s
Rendered 9306/9880, time remaining: 9s
Rendered 9307/9880, time remaining: 9s
Rendered 9308/9880, time remaining: 9s
Rendered 9309/9880, time remaining: 9s
Rendered 9310/9880, time remaining: 9s
Rendered 9311/9880, time remaining: 9s
Rendered 9312/9880, time remaining: 9s
Rendered 9313/9880, time remaining: 9s
Rendered 9314/9880, time remaining: 9s
Rendered 9315/9880, time remaining: 9s
Rendered 9316/9880, time remaining: 9s
Rendered 9317/9880, time remaining: 9s
Rendered 9318/9880, time remaining: 9s
Rendered 9319/9880, time remaining: 9s
Rendered 9320/9880, time remaining: 9s
Rendered 9321/9880, time remaining: 9s
Rendered 9322/9880, time remaining: 9s
Rendered 9323/9880, time remaining: 9s
Rendered 9324/9880, time remaining: 9s
Rendered 9325/9880, time remaining: 9s
Rendered 9326/9880, time remaining: 9s
Rendered 9327/9880, time remaining: 9s
Rendered 9328/9880, time remaining: 9s
Rendered 9329/9880, time remaining: 9s
Rendered 9330/9880, time remaining: 9s
Rendered 9331/9880, time remaining: 9s
Rendered 9332/9880, time remaining: 9s
Rendered 9333/9880, time remaining: 9s
Rendered 9334/9880, time remaining: 9s
Rendered 9335/9880, time remaining: 9s
Rendered 9336/9880, time remaining: 9s
Rendered 9337/9880, time remaining: 9s
Rendered 9338/9880, time remaining: 9s
Rendered 9339/9880, time remaining: 8s
Rendered 9340/9880, time remaining: 8s
Rendered 9341/9880, time remaining: 8s
Rendered 9342/9880, time remaining: 8s
Rendered 9343/9880, time remaining: 8s
Rendered 9344/9880, time remaining: 8s
Rendered 9345/9880, time remaining: 8s
Rendered 9346/9880, time remaining: 8s
Rendered 9347/9880, time remaining: 8s
Rendered 9348/9880, time remaining: 8s
Rendered 9349/9880, time remaining: 8s
Rendered 9350/9880, time remaining: 8s
Rendered 9351/9880, time remaining: 8s
Rendered 9352/9880, time remaining: 8s
Rendered 9353/9880, time remaining: 8s
Rendered 9354/9880, time remaining: 8s
Rendered 9355/9880, time remaining: 8s
Rendered 9356/9880, time remaining: 8s
Rendered 9357/9880, time remaining: 8s
Rendered 9358/9880, time remaining: 8s
Rendered 9359/9880, time remaining: 8s
Rendered 9360/9880, time remaining: 8s
Rendered 9361/9880, time remaining: 8s
Rendered 9362/9880, time remaining: 8s
Rendered 9363/9880, time remaining: 8s
Rendered 9364/9880, time remaining: 8s
Rendered 9365/9880, time remaining: 8s
Rendered 9366/9880, time remaining: 8s
Rendered 9367/9880, time remaining: 8s
Rendered 9368/9880, time remaining: 8s
Rendered 9369/9880, time remaining: 8s
Rendered 9370/9880, time remaining: 8s
Rendered 9371/9880, time remaining: 8s
Rendered 9372/9880, time remaining: 8s
Rendered 9373/9880, time remaining: 8s
Rendered 9374/9880, time remaining: 8s
Rendered 9375/9880, time remaining: 8s
Rendered 9376/9880, time remaining: 8s
Rendered 9377/9880, time remaining: 8s
Rendered 9378/9880, time remaining: 8s
Rendered 9379/9880, time remaining: 7s
Rendered 9380/9880, time remaining: 8s
Rendered 9381/9880, time remaining: 8s
Rendered 9382/9880, time remaining: 8s
Rendered 9383/9880, time remaining: 8s
Rendered 9384/9880, time remaining: 7s
Rendered 9385/9880, time remaining: 8s
Rendered 9386/9880, time remaining: 8s
Rendered 9387/9880, time remaining: 8s
Rendered 9388/9880, time remaining: 8s
Rendered 9389/9880, time remaining: 7s
Rendered 9390/9880, time remaining: 8s
Rendered 9391/9880, time remaining: 7s
Rendered 9392/9880, time remaining: 7s
Rendered 9393/9880, time remaining: 7s
Rendered 9394/9880, time remaining: 7s
Rendered 9395/9880, time remaining: 7s
Rendered 9396/9880, time remaining: 7s
Rendered 9397/9880, time remaining: 7s
Rendered 9398/9880, time remaining: 7s
Rendered 9399/9880, time remaining: 7s
Rendered 9400/9880, time remaining: 7s
Rendered 9401/9880, time remaining: 7s
Rendered 9402/9880, time remaining: 7s
Rendered 9403/9880, time remaining: 7s
Rendered 9404/9880, time remaining: 7s
Rendered 9405/9880, time remaining: 7s
Rendered 9406/9880, time remaining: 7s
Rendered 9407/9880, time remaining: 7s
Rendered 9408/9880, time remaining: 7s
Rendered 9409/9880, time remaining: 7s
Rendered 9410/9880, time remaining: 7s
Rendered 9411/9880, time remaining: 7s
Rendered 9412/9880, time remaining: 7s
Rendered 9413/9880, time remaining: 7s
Rendered 9414/9880, time remaining: 7s
Rendered 9415/9880, time remaining: 7s
Rendered 9416/9880, time remaining: 7s
Rendered 9417/9880, time remaining: 7s
Rendered 9418/9880, time remaining: 7s
Rendered 9419/9880, time remaining: 7s
Rendered 9420/9880, time remaining: 7s
Rendered 9421/9880, time remaining: 7s
Rendered 9422/9880, time remaining: 7s
Rendered 9423/9880, time remaining: 7s
Rendered 9424/9880, time remaining: 7s
Rendered 9425/9880, time remaining: 7s
Rendered 9426/9880, time remaining: 7s
Rendered 9427/9880, time remaining: 7s
Rendered 9428/9880, time remaining: 7s
Rendered 9429/9880, time remaining: 7s
Rendered 9430/9880, time remaining: 7s
Rendered 9431/9880, time remaining: 7s
Rendered 9432/9880, time remaining: 7s
Rendered 9433/9880, time remaining: 7s
Rendered 9434/9880, time remaining: 7s
Rendered 9435/9880, time remaining: 7s
Rendered 9436/9880, time remaining: 7s
Rendered 9437/9880, time remaining: 7s
Rendered 9438/9880, time remaining: 7s
Rendered 9439/9880, time remaining: 6s
Rendered 9440/9880, time remaining: 7s
Rendered 9441/9880, time remaining: 7s
Rendered 9442/9880, time remaining: 7s
Rendered 9443/9880, time remaining: 7s
Rendered 9444/9880, time remaining: 6s
Rendered 9445/9880, time remaining: 7s
Rendered 9446/9880, time remaining: 7s
Rendered 9447/9880, time remaining: 7s
Rendered 9448/9880, time remaining: 7s
Rendered 9449/9880, time remaining: 6s
Rendered 9450/9880, time remaining: 7s
Rendered 9451/9880, time remaining: 7s
Rendered 9452/9880, time remaining: 6s
Rendered 9453/9880, time remaining: 6s
Rendered 9454/9880, time remaining: 6s
Rendered 9455/9880, time remaining: 6s
Rendered 9456/9880, time remaining: 6s
Rendered 9457/9880, time remaining: 6s
Rendered 9458/9880, time remaining: 6s
Rendered 9459/9880, time remaining: 6s
Rendered 9460/9880, time remaining: 6s
Rendered 9461/9880, time remaining: 6s
Rendered 9462/9880, time remaining: 6s
Rendered 9463/9880, time remaining: 6s
Rendered 9464/9880, time remaining: 6s
Rendered 9465/9880, time remaining: 6s
Rendered 9466/9880, time remaining: 6s
Rendered 9467/9880, time remaining: 6s
Rendered 9468/9880, time remaining: 6s
Rendered 9469/9880, time remaining: 6s
Rendered 9470/9880, time remaining: 6s
Rendered 9471/9880, time remaining: 6s
Rendered 9472/9880, time remaining: 6s
Rendered 9473/9880, time remaining: 6s
Rendered 9474/9880, time remaining: 6s
Rendered 9475/9880, time remaining: 6s
Rendered 9476/9880, time remaining: 6s
Rendered 9477/9880, time remaining: 6s
Rendered 9478/9880, time remaining: 6s
Rendered 9479/9880, time remaining: 6s
Rendered 9480/9880, time remaining: 6s
Rendered 9481/9880, time remaining: 6s
Rendered 9482/9880, time remaining: 6s
Rendered 9483/9880, time remaining: 6s
Rendered 9484/9880, time remaining: 6s
Rendered 9485/9880, time remaining: 6s
Rendered 9486/9880, time remaining: 6s
Rendered 9487/9880, time remaining: 6s
Rendered 9488/9880, time remaining: 6s
Rendered 9489/9880, time remaining: 6s
Rendered 9490/9880, time remaining: 6s
Rendered 9491/9880, time remaining: 6s
Rendered 9492/9880, time remaining: 6s
Rendered 9493/9880, time remaining: 6s
Rendered 9494/9880, time remaining: 6s
Rendered 9495/9880, time remaining: 6s
Rendered 9496/9880, time remaining: 6s
Rendered 9497/9880, time remaining: 6s
Rendered 9498/9880, time remaining: 6s
Rendered 9499/9880, time remaining: 6s
Rendered 9500/9880, time remaining: 6s
Rendered 9501/9880, time remaining: 6s
Rendered 9502/9880, time remaining: 6s
Rendered 9503/9880, time remaining: 6s
Rendered 9504/9880, time remaining: 6s
Rendered 9505/9880, time remaining: 6s
Rendered 9506/9880, time remaining: 6s
Rendered 9507/9880, time remaining: 6s
Rendered 9508/9880, time remaining: 6s
Rendered 9509/9880, time remaining: 5s
Rendered 9510/9880, time remaining: 6s
Rendered 9511/9880, time remaining: 6s
Rendered 9512/9880, time remaining: 6s
Rendered 9513/9880, time remaining: 6s
Rendered 9514/9880, time remaining: 6s
Rendered 9515/9880, time remaining: 6s
Rendered 9516/9880, time remaining: 6s
Rendered 9517/9880, time remaining: 6s
Rendered 9518/9880, time remaining: 6s
Rendered 9519/9880, time remaining: 5s
Rendered 9520/9880, time remaining: 6s
Rendered 9521/9880, time remaining: 5s
Rendered 9522/9880, time remaining: 5s
Rendered 9523/9880, time remaining: 5s
Rendered 9524/9880, time remaining: 5s
Rendered 9525/9880, time remaining: 5s
Rendered 9526/9880, time remaining: 5s
Rendered 9527/9880, time remaining: 5s
Rendered 9528/9880, time remaining: 5s
Rendered 9529/9880, time remaining: 5s
Rendered 9530/9880, time remaining: 5s
Rendered 9531/9880, time remaining: 5s
Rendered 9532/9880, time remaining: 5s
Rendered 9533/9880, time remaining: 5s
Rendered 9534/9880, time remaining: 5s
Rendered 9535/9880, time remaining: 5s
Rendered 9536/9880, time remaining: 5s
Rendered 9537/9880, time remaining: 5s
Rendered 9538/9880, time remaining: 5s
Rendered 9539/9880, time remaining: 5s
Rendered 9540/9880, time remaining: 5s
Rendered 9541/9880, time remaining: 5s
Rendered 9542/9880, time remaining: 5s
Rendered 9543/9880, time remaining: 5s
Rendered 9544/9880, time remaining: 5s
Rendered 9545/9880, time remaining: 5s
Rendered 9546/9880, time remaining: 5s
Rendered 9547/9880, time remaining: 5s
Rendered 9548/9880, time remaining: 5s
Rendered 9549/9880, time remaining: 5s
Rendered 9550/9880, time remaining: 5s
Rendered 9551/9880, time remaining: 5s
Rendered 9552/9880, time remaining: 5s
Rendered 9553/9880, time remaining: 5s
Rendered 9554/9880, time remaining: 5s
Rendered 9555/9880, time remaining: 5s
Rendered 9556/9880, time remaining: 5s
Rendered 9557/9880, time remaining: 5s
Rendered 9558/9880, time remaining: 5s
Rendered 9559/9880, time remaining: 5s
Rendered 9560/9880, time remaining: 5s
Rendered 9561/9880, time remaining: 5s
Rendered 9562/9880, time remaining: 5s
Rendered 9563/9880, time remaining: 5s
Rendered 9564/9880, time remaining: 5s
Rendered 9565/9880, time remaining: 5s
Rendered 9566/9880, time remaining: 5s
Rendered 9567/9880, time remaining: 5s
Rendered 9568/9880, time remaining: 5s
Rendered 9569/9880, time remaining: 5s
Rendered 9570/9880, time remaining: 5s
Rendered 9571/9880, time remaining: 5s
Rendered 9572/9880, time remaining: 5s
Rendered 9573/9880, time remaining: 5s
Rendered 9574/9880, time remaining: 5s
Rendered 9575/9880, time remaining: 5s
Rendered 9576/9880, time remaining: 5s
Rendered 9577/9880, time remaining: 5s
Rendered 9578/9880, time remaining: 5s
Rendered 9579/9880, time remaining: 5s
Rendered 9580/9880, time remaining: 4s
Rendered 9581/9880, time remaining: 4s
Rendered 9582/9880, time remaining: 4s
Rendered 9583/9880, time remaining: 4s
Rendered 9584/9880, time remaining: 4s
Rendered 9585/9880, time remaining: 4s
Rendered 9586/9880, time remaining: 4s
Rendered 9587/9880, time remaining: 4s
Rendered 9588/9880, time remaining: 4s
Rendered 9589/9880, time remaining: 4s
Rendered 9590/9880, time remaining: 4s
Rendered 9591/9880, time remaining: 4s
Rendered 9592/9880, time remaining: 4s
Rendered 9593/9880, time remaining: 4s
Rendered 9594/9880, time remaining: 4s
Rendered 9595/9880, time remaining: 4s
Rendered 9596/9880, time remaining: 4s
Rendered 9597/9880, time remaining: 4s
Rendered 9598/9880, time remaining: 4s
Rendered 9599/9880, time remaining: 4s
Rendered 9600/9880, time remaining: 4s
Rendered 9601/9880, time remaining: 4s
Rendered 9602/9880, time remaining: 4s
Rendered 9603/9880, time remaining: 4s
Rendered 9604/9880, time remaining: 4s
Rendered 9605/9880, time remaining: 4s
Rendered 9606/9880, time remaining: 4s
Rendered 9607/9880, time remaining: 4s
Rendered 9608/9880, time remaining: 4s
Rendered 9609/9880, time remaining: 4s
Rendered 9610/9880, time remaining: 4s
Rendered 9611/9880, time remaining: 4s
Rendered 9612/9880, time remaining: 4s
Rendered 9613/9880, time remaining: 4s
Rendered 9614/9880, time remaining: 4s
Rendered 9615/9880, time remaining: 4s
Rendered 9616/9880, time remaining: 4s
Rendered 9617/9880, time remaining: 4s
Rendered 9618/9880, time remaining: 4s
Rendered 9619/9880, time remaining: 4s
Rendered 9620/9880, time remaining: 4s
Rendered 9621/9880, time remaining: 4s
Rendered 9622/9880, time remaining: 4s
Rendered 9623/9880, time remaining: 4s
Rendered 9624/9880, time remaining: 4s
Rendered 9625/9880, time remaining: 4s
Rendered 9626/9880, time remaining: 4s
Rendered 9627/9880, time remaining: 4s
Rendered 9628/9880, time remaining: 4s
Rendered 9629/9880, time remaining: 4s
Rendered 9630/9880, time remaining: 4s
Rendered 9631/9880, time remaining: 4s
Rendered 9632/9880, time remaining: 4s
Rendered 9633/9880, time remaining: 4s
Rendered 9634/9880, time remaining: 4s
Rendered 9635/9880, time remaining: 4s
Rendered 9636/9880, time remaining: 4s
Rendered 9637/9880, time remaining: 4s
Rendered 9638/9880, time remaining: 4s
Rendered 9639/9880, time remaining: 4s
Rendered 9640/9880, time remaining: 4s
Rendered 9641/9880, time remaining: 3s
Rendered 9642/9880, time remaining: 3s
Rendered 9643/9880, time remaining: 3s
Rendered 9644/9880, time remaining: 3s
Rendered 9645/9880, time remaining: 3s
Rendered 9646/9880, time remaining: 3s
Rendered 9647/9880, time remaining: 3s
Rendered 9648/9880, time remaining: 3s
Rendered 9649/9880, time remaining: 3s
Rendered 9650/9880, time remaining: 3s
Rendered 9651/9880, time remaining: 3s
Rendered 9652/9880, time remaining: 3s
Rendered 9653/9880, time remaining: 3s
Rendered 9654/9880, time remaining: 3s
Rendered 9655/9880, time remaining: 3s
Rendered 9656/9880, time remaining: 3s
Rendered 9657/9880, time remaining: 3s
Rendered 9658/9880, time remaining: 3s
Rendered 9659/9880, time remaining: 3s
Rendered 9660/9880, time remaining: 3s
Rendered 9661/9880, time remaining: 3s
Rendered 9662/9880, time remaining: 3s
Rendered 9663/9880, time remaining: 3s
Rendered 9664/9880, time remaining: 3s
Rendered 9665/9880, time remaining: 3s
Rendered 9666/9880, time remaining: 3s
Rendered 9667/9880, time remaining: 3s
Rendered 9668/9880, time remaining: 3s
Rendered 9669/9880, time remaining: 3s
Rendered 9670/9880, time remaining: 3s
Rendered 9671/9880, time remaining: 3s
Rendered 9672/9880, time remaining: 3s
Rendered 9673/9880, time remaining: 3s
Rendered 9674/9880, time remaining: 3s
Rendered 9675/9880, time remaining: 3s
Rendered 9676/9880, time remaining: 3s
Rendered 9677/9880, time remaining: 3s
Rendered 9678/9880, time remaining: 3s
Rendered 9679/9880, time remaining: 3s
Rendered 9680/9880, time remaining: 3s
Rendered 9681/9880, time remaining: 3s
Rendered 9682/9880, time remaining: 3s
Rendered 9683/9880, time remaining: 3s
Rendered 9684/9880, time remaining: 3s
Rendered 9685/9880, time remaining: 3s
Rendered 9686/9880, time remaining: 3s
Rendered 9687/9880, time remaining: 3s
Rendered 9688/9880, time remaining: 3s
Rendered 9689/9880, time remaining: 3s
Rendered 9690/9880, time remaining: 3s
Rendered 9691/9880, time remaining: 3s
Rendered 9692/9880, time remaining: 3s
Rendered 9693/9880, time remaining: 3s
Rendered 9694/9880, time remaining: 3s
Rendered 9695/9880, time remaining: 3s
Rendered 9696/9880, time remaining: 3s
Rendered 9697/9880, time remaining: 3s
Rendered 9698/9880, time remaining: 3s
Rendered 9699/9880, time remaining: 3s
Rendered 9700/9880, time remaining: 3s
Rendered 9701/9880, time remaining: 2s
Rendered 9702/9880, time remaining: 2s
Rendered 9703/9880, time remaining: 2s
Rendered 9704/9880, time remaining: 2s
Rendered 9705/9880, time remaining: 2s
Rendered 9706/9880, time remaining: 2s
Rendered 9707/9880, time remaining: 2s
Rendered 9708/9880, time remaining: 2s
Rendered 9709/9880, time remaining: 2s
Rendered 9710/9880, time remaining: 2s
Rendered 9711/9880, time remaining: 2s
Rendered 9712/9880, time remaining: 2s
Rendered 9713/9880, time remaining: 2s
Rendered 9714/9880, time remaining: 2s
Rendered 9715/9880, time remaining: 2s
Rendered 9716/9880, time remaining: 2s
Rendered 9717/9880, time remaining: 2s
Rendered 9718/9880, time remaining: 2s
Rendered 9719/9880, time remaining: 2s
Rendered 9720/9880, time remaining: 2s
Rendered 9721/9880, time remaining: 2s
Rendered 9722/9880, time remaining: 2s
Rendered 9723/9880, time remaining: 2s
Rendered 9724/9880, time remaining: 2s
Rendered 9725/9880, time remaining: 2s
Rendered 9726/9880, time remaining: 2s
Rendered 9727/9880, time remaining: 2s
Rendered 9728/9880, time remaining: 2s
Rendered 9729/9880, time remaining: 2s
Rendered 9730/9880, time remaining: 2s
Rendered 9731/9880, time remaining: 2s
Rendered 9732/9880, time remaining: 2s
Rendered 9733/9880, time remaining: 2s
Rendered 9734/9880, time remaining: 2s
Rendered 9735/9880, time remaining: 2s
Rendered 9736/9880, time remaining: 2s
Rendered 9737/9880, time remaining: 2s
Rendered 9738/9880, time remaining: 2s
Rendered 9739/9880, time remaining: 2s
Rendered 9740/9880, time remaining: 2s
Rendered 9741/9880, time remaining: 2s
Rendered 9742/9880, time remaining: 2s
Rendered 9743/9880, time remaining: 2s
Rendered 9744/9880, time remaining: 2s
Rendered 9745/9880, time remaining: 2s
Rendered 9746/9880, time remaining: 2s
Rendered 9747/9880, time remaining: 2s
Rendered 9748/9880, time remaining: 2s
Rendered 9749/9880, time remaining: 2s
Rendered 9750/9880, time remaining: 2s
Rendered 9751/9880, time remaining: 2s
Rendered 9752/9880, time remaining: 2s
Rendered 9753/9880, time remaining: 2s
Rendered 9754/9880, time remaining: 2s
Rendered 9755/9880, time remaining: 2s
Rendered 9756/9880, time remaining: 2s
Rendered 9757/9880, time remaining: 2s
Rendered 9758/9880, time remaining: 2s
Rendered 9759/9880, time remaining: 2s
Rendered 9760/9880, time remaining: 2s
Rendered 9761/9880, time remaining: 1s
Rendered 9762/9880, time remaining: 1s
Rendered 9763/9880, time remaining: 1s
Rendered 9764/9880, time remaining: 1s
Rendered 9765/9880, time remaining: 1s
Rendered 9766/9880, time remaining: 1s
Rendered 9767/9880, time remaining: 1s
Rendered 9768/9880, time remaining: 1s
Rendered 9769/9880, time remaining: 1s
Rendered 9770/9880, time remaining: 1s
Rendered 9771/9880, time remaining: 1s
Rendered 9772/9880, time remaining: 1s
Rendered 9773/9880, time remaining: 1s
Rendered 9774/9880, time remaining: 1s
Rendered 9775/9880, time remaining: 1s
Rendered 9776/9880, time remaining: 1s
Rendered 9777/9880, time remaining: 1s
Rendered 9778/9880, time remaining: 1s
Rendered 9779/9880, time remaining: 1s
Rendered 9780/9880, time remaining: 1s
Rendered 9781/9880, time remaining: 1s
Rendered 9782/9880, time remaining: 1s
Rendered 9783/9880, time remaining: 1s
Rendered 9784/9880, time remaining: 1s
Rendered 9785/9880, time remaining: 1s
Rendered 9786/9880, time remaining: 1s
Rendered 9787/9880, time remaining: 1s
Rendered 9788/9880, time remaining: 1s
Rendered 9789/9880, time remaining: 1s
Rendered 9790/9880, time remaining: 1s
Rendered 9791/9880, time remaining: 1s
Rendered 9792/9880, time remaining: 1s
Rendered 9793/9880, time remaining: 1s
Rendered 9794/9880, time remaining: 1s
Rendered 9795/9880, time remaining: 1s
Rendered 9796/9880, time remaining: 1s
Rendered 9797/9880, time remaining: 1s
Rendered 9798/9880, time remaining: 1s
Rendered 9799/9880, time remaining: 1s
Rendered 9800/9880, time remaining: 1s
Rendered 9801/9880, time remaining: 1s
Rendered 9802/9880, time remaining: 1s
Rendered 9803/9880, time remaining: 1s
Rendered 9804/9880, time remaining: 1s
Rendered 9805/9880, time remaining: 1s
Rendered 9806/9880, time remaining: 1s
Rendered 9807/9880, time remaining: 1s
Rendered 9808/9880, time remaining: 1s
Rendered 9809/9880, time remaining: 1s
Rendered 9810/9880, time remaining: 1s
Rendered 9811/9880, time remaining: 1s
Rendered 9812/9880, time remaining: 1s
Rendered 9813/9880, time remaining: 1s
Rendered 9814/9880, time remaining: 1s
Rendered 9815/9880, time remaining: 1s
Rendered 9816/9880, time remaining: 1s
Rendered 9817/9880, time remaining: 1s
Rendered 9818/9880, time remaining: 1s
Rendered 9819/9880, time remaining: 1s
Rendered 9820/9880, time remaining: 1s
Rendered 9821/9880, time remaining: 0s
Rendered 9822/9880, time remaining: 0s
Rendered 9823/9880, time remaining: 0s
Rendered 9824/9880, time remaining: 0s
Rendered 9825/9880, time remaining: 0s
Rendered 9826/9880, time remaining: 0s
Rendered 9827/9880, time remaining: 0s
Rendered 9828/9880, time remaining: 0s
Rendered 9829/9880, time remaining: 0s
Rendered 9830/9880, time remaining: 0s
Rendered 9831/9880, time remaining: 0s
Rendered 9832/9880, time remaining: 0s
Rendered 9833/9880, time remaining: 0s
Rendered 9834/9880, time remaining: 0s
Rendered 9835/9880, time remaining: 0s
Rendered 9836/9880, time remaining: 0s
Rendered 9837/9880, time remaining: 0s
Rendered 9838/9880, time remaining: 0s
Rendered 9839/9880, time remaining: 0s
Rendered 9840/9880, time remaining: 0s
Rendered 9841/9880, time remaining: 0s
Rendered 9842/9880, time remaining: 0s
Rendered 9843/9880, time remaining: 0s
Rendered 9844/9880, time remaining: 0s
Rendered 9845/9880, time remaining: 0s
Rendered 9846/9880, time remaining: 0s
Rendered 9847/9880, time remaining: 0s
Rendered 9848/9880, time remaining: 0s
Rendered 9849/9880, time remaining: 0s
Rendered 9850/9880, time remaining: 0s
Rendered 9851/9880, time remaining: 0s
Rendered 9852/9880, time remaining: 0s
Rendered 9853/9880, time remaining: 0s
Rendered 9854/9880, time remaining: 0s
Rendered 9855/9880, time remaining: 0s
Rendered 9856/9880, time remaining: 0s
Rendered 9857/9880, time remaining: 0s
Rendered 9858/9880, time remaining: 0s
Rendered 9859/9880, time remaining: 0s
Rendered 9860/9880, time remaining: 0s
Rendered 9861/9880, time remaining: 0s
Rendered 9862/9880, time remaining: 0s
Rendered 9863/9880, time remaining: 0s
Rendered 9864/9880, time remaining: 0s
Rendered 9865/9880, time remaining: 0s
Rendered 9866/9880, time remaining: 0s
Rendered 9867/9880, time remaining: 0s
Rendered 9868/9880, time remaining: 0s
Rendered 9869/9880, time remaining: 0s
Rendered 9870/9880, time remaining: 0s
Rendered 9871/9880, time remaining: 0s
Rendered 9872/9880, time remaining: 0s
Rendered 9873/9880, time remaining: 0s
Rendered 9874/9880, time remaining: 0s
Rendered 9875/9880, time remaining: 0s
Rendered 9876/9880, time remaining: 0s
Rendered 9877/9880, time remaining: 0s
Rendered 9878/9880, time remaining: 0s
Rendered 9879/9880, time remaining: 0s
Rendered 9880/9880
Encoded 201/9880
Encoded 449/9880
Encoded 695/9880
Encoded 944/9880
Encoded 1193/9880
Encoded 1392/9880
Encoded 1640/9880
Encoded 1898/9880
Encoded 2151/9880
Encoded 2398/9880
Encoded 2623/9880
Encoded 2843/9880
Encoded 3089/9880
Encoded 3332/9880
Encoded 3579/9880
Encoded 3818/9880
Encoded 4055/9880
Encoded 4277/9880
Encoded 4553/9880
Encoded 4801/9880
Encoded 5067/9880
Encoded 5327/9880
Encoded 5587/9880
Encoded 5841/9880
Encoded 6079/9880
Encoded 6287/9880
Encoded 6523/9880
Encoded 6786/9880
Encoded 7010/9880
Encoded 7221/9880
Encoded 7486/9880
Encoded 7715/9880
Encoded 7936/9880
Encoded 8179/9880
Encoded 8418/9880
Encoded 8647/9880
Encoded 8903/9880
Encoded 9164/9880
Encoded 9399/9880
Encoded 9612/9880
Encoded 9880/9880
+                    out/film_raw.mp4 12.3 MB
